Voll,Demand_Segment,Cost_of_Demand_Curtailment_per_MW,Max_Demand_Curtailment,$/MWh,Rep_Periods,Timesteps_per_Rep_Period,Sub_Weights,Time_Index,Demand_MW_z1,Demand_MW_z2,Demand_MW_z3,Demand_MW_z4,Demand_MW_z5,Demand_MW_z6,Demand_MW_z7,Demand_MW_z8,Demand_MW_z9,Demand_MW_z10,Demand_MW_z11,Demand_MW_z12
50000,1,1,1,2000,1,8760,8760,1,2651.3,3275.8,11174.8,3924.2,5617.8,5467.3,3389.9,2397.9,3414.4,12427.9,3264.5,1660.9
,2,0.9,0.04,1800,,,,2,2479.3,3152.6,10552.6,3760.6,5245.5,5304.8,3202.8,2325.4,3194.8,11620.9,3141.1,1572.4
,3,0.55,0.024,1100,,,,3,2370.8,2968.6,10131.7,3532.6,5001.8,5009.4,3017.4,2163.2,3036.5,11071.4,2894.6,1476.2
,4,0.2,0.003,400,,,,4,2344.1,2929.2,9960.6,3490.8,4830.0,4848.8,3005.9,2140.1,2926.5,10732.4,2903.7,1434.6
,,,,,,,,5,2427.7,3049.3,10234.5,3663.3,5052.3,5117.7,3139.8,2267.0,3140.4,11171.6,2967.9,1514.6
,,,,,,,,6,2675.7,3289.3,11317.2,4027.9,5641.5,5563.8,3431.3,2486.9,3402.1,12429.3,3253.9,1626.3
,,,,,,,,7,2931.1,3651.6,12371.1,4378.6,6238.7,6217.3,3730.0,2696.4,3749.1,13843.9,3675.4,1800.0
,,,,,,,,8,3149.3,4008.0,13653.1,4847.6,6598.7,6761.9,4052.7,2962.5,4115.1,14597.5,3986.2,1955.8
,,,,,,,,9,3275.6,4082.9,13804.9,4971.9,6964.8,6851.1,4242.8,3051.1,4229.1,15148.0,4097.2,2063.4
,,,,,,,,10,3301.9,4014.8,13770.8,4838.1,6812.7,6824.3,4088.7,3009.6,4108.8,14884.3,4069.5,2007.9
,,,,,,,,11,3082.0,3914.3,13282.3,4725.6,6447.1,6536.7,3948.6,2845.5,3961.6,14477.9,3895.1,1945.9
,,,,,,,,12,2953.0,3712.8,12572.5,4441.4,6274.7,6307.3,3757.8,2742.1,3817.6,13852.7,3650.1,1836.7
,,,,,,,,13,2922.2,3583.7,12284.7,4300.2,6060.2,6068.0,3717.4,2670.7,3651.8,13329.6,3633.1,1812.6
,,,,,,,,14,2912.7,3592.5,12214.6,4265.4,5988.2,6111.7,3691.9,2657.9,3701.4,13291.1,3566.5,1779.5
,,,,,,,,15,2908.4,3720.8,12637.4,4414.0,6220.2,6084.3,3730.8,2723.0,3705.4,13869.6,3690.2,1827.7
,,,,,,,,16,3101.6,3792.5,13156.5,4654.3,6480.2,6327.1,3854.4,2835.7,3917.9,14143.8,3766.8,1878.6
,,,,,,,,17,3184.9,4086.4,13675.2,4881.6,6786.5,6758.1,4088.4,2931.6,4146.7,14803.8,3999.3,2002.2
,,,,,,,,18,3349.8,4169.9,14500.5,5114.5,6966.2,7087.0,4263.9,3072.9,4364.2,15630.5,4167.2,2077.7
,,,,,,,,19,3482.0,4255.3,14490.5,5121.9,7267.9,7155.6,4323.8,3137.0,4373.7,15752.0,4183.0,2114.7
,,,,,,,,20,3363.3,4194.5,14350.8,4999.8,7111.0,6951.1,4337.7,3071.4,4248.7,15791.0,4209.7,2104.8
,,,,,,,,21,3244.5,4003.4,13526.5,4896.9,6739.3,6660.7,4155.2,2964.3,4138.5,15195.7,4019.7,2011.5
,,,,,,,,22,3053.8,3786.3,13019.3,4619.4,6370.0,6418.6,3878.0,2776.0,3882.8,14098.4,3741.6,1877.6
,,,,,,,,23,2931.5,3691.3,12310.8,4400.0,6071.2,6230.8,3795.5,2662.9,3793.9,13690.4,3614.0,1839.9
,,,,,,,,24,2859.1,3542.8,12213.7,4267.5,6021.3,5995.9,3628.8,2655.5,3675.1,13285.7,3531.8,1776.5
,,,,,,,,25,2618.1,3334.3,11350.5,4018.2,5583.2,5497.9,3383.5,2465.8,3397.1,12223.0,3315.6,1645.1
,,,,,,,,26,2487.9,3151.5,10712.2,3763.1,5195.3,5321.7,3187.2,2285.9,3175.8,11499.8,3128.2,1557.3
,,,,,,,,27,2379.6,2948.4,10130.5,3526.4,4960.5,4990.4,2988.8,2161.9,3030.3,10998.7,2915.1,1451.1
,,,,,,,,28,2325.8,2933.1,9967.6,3498.4,4912.1,4849.5,2992.7,2125.0,2941.4,10802.8,2863.8,1455.4
,,,,,,,,29,2411.7,3070.0,10211.0,3634.9,5100.4,5086.0,3069.0,2225.9,3063.5,11487.1,3000.0,1512.3
,,,,,,,,30,2700.2,3378.8,11316.0,4030.8,5583.4,5633.8,3390.6,2435.2,3416.7,12412.5,3257.3,1665.6
,,,,,,,,31,2923.6,3752.1,12517.4,4379.6,6223.2,6180.2,3818.2,2712.7,3770.9,13839.5,3607.6,1841.4
,,,,,,,,32,3170.0,3934.0,13625.1,4730.5,6718.2,6615.7,4075.5,2957.9,4121.3,15004.0,3972.1,1994.0
,,,,,,,,33,3251.1,4080.1,14213.3,4919.8,6896.4,6916.0,4234.3,3075.9,4209.8,15489.4,4032.0,2060.4
,,,,,,,,34,3258.7,4109.8,13848.4,4874.3,6854.7,6856.9,4178.1,3037.1,4152.3,14971.6,4074.1,1984.0
,,,,,,,,35,3119.0,3901.0,13217.7,4630.7,6576.3,6507.1,3933.7,2832.5,3926.9,14319.5,3825.8,1953.1
,,,,,,,,36,2971.1,3709.6,12676.7,4523.5,6185.1,6245.8,3822.3,2719.0,3798.1,13679.5,3658.0,1853.7
,,,,,,,,37,2928.2,3609.6,12165.0,4299.2,6125.8,6090.5,3688.1,2680.5,3736.3,13467.5,3560.6,1793.2
,,,,,,,,38,2912.5,3596.3,12277.4,4272.4,6067.5,5992.0,3645.5,2620.3,3691.2,13386.6,3622.6,1786.6
,,,,,,,,39,2962.2,3652.4,12442.3,4446.1,6171.4,6254.0,3743.9,2673.8,3730.4,13517.6,3632.9,1839.2
,,,,,,,,40,3058.0,3847.2,13228.7,4585.3,6417.6,6329.7,3972.5,2801.8,3944.9,14182.0,3779.1,1899.3
,,,,,,,,41,3204.0,4026.4,13638.3,4829.5,6768.1,6702.6,4170.1,2956.7,4130.1,15108.5,4019.9,2014.8
,,,,,,,,42,3426.1,4169.4,14279.1,5004.6,7046.8,7151.8,4312.3,3081.4,4311.6,15855.7,4203.5,2110.3
,,,,,,,,43,3429.5,4263.3,14424.7,5204.6,7266.3,7193.4,4331.8,3110.2,4403.1,15760.7,4228.7,2126.7
,,,,,,,,44,3328.7,4228.7,14514.8,5073.4,7041.6,7150.0,4269.2,3057.8,4302.3,15635.4,4160.7,2081.3
,,,,,,,,45,3225.5,4080.7,13849.6,4818.3,6762.3,6786.0,4101.3,2967.7,4064.7,14984.6,4024.7,2000.6
,,,,,,,,46,3055.9,3864.3,12929.9,4602.8,6411.0,6399.9,3920.3,2850.7,3927.2,14301.4,3744.3,1868.7
,,,,,,,,47,2912.0,3663.4,12548.2,4428.9,6211.9,6138.1,3757.1,2719.9,3737.9,13855.7,3618.8,1794.1
,,,,,,,,48,2894.1,3578.7,12295.8,4254.3,5990.0,6024.7,3657.0,2623.6,3614.1,13133.1,3490.3,1775.1
,,,,,,,,49,2634.6,3344.5,11446.8,3966.8,5616.9,5582.8,3357.1,2463.5,3340.8,12302.3,3293.3,1625.7
,,,,,,,,50,2488.1,3185.4,10632.5,3733.2,5324.2,5188.4,3185.4,2303.9,3196.7,11673.1,3087.5,1559.2
,,,,,,,,51,2401.0,2958.1,10149.7,3564.5,4966.3,5017.1,3063.5,2187.4,3058.9,11176.3,2899.3,1484.9
,,,,,,,,52,2363.9,2924.7,9787.0,3500.1,4928.8,4827.8,2958.4,2139.7,2951.1,10709.8,2892.8,1424.8
,,,,,,,,53,2427.9,3076.3,10246.7,3618.3,5154.4,5085.3,3101.5,2233.9,3083.1,11243.7,3048.1,1501.2
,,,,,,,,54,2665.3,3354.8,11466.4,3990.8,5592.1,5536.6,3413.4,2493.0,3448.3,12614.5,3325.7,1651.0
,,,,,,,,55,2947.0,3757.5,12614.8,4496.7,6267.2,6154.8,3745.1,2702.0,3746.4,13628.9,3635.6,1826.8
,,,,,,,,56,3217.9,3969.0,13634.2,4750.6,6599.8,6719.3,4077.8,2962.5,4093.9,14697.1,3954.8,1959.9
,,,,,,,,57,3322.7,4133.5,14042.4,4976.6,6992.9,6903.4,4192.4,3050.2,4197.7,15408.6,4067.9,2030.3
,,,,,,,,58,3298.4,4036.2,13918.3,4825.6,6881.8,6856.1,4112.2,2988.1,4181.1,14949.9,4011.1,2043.3
,,,,,,,,59,3136.3,3870.3,13408.0,4674.4,6536.7,6637.8,4042.7,2839.2,3964.8,14339.2,3809.5,1911.2
,,,,,,,,60,2964.0,3697.1,12588.7,4528.6,6266.4,6275.6,3832.0,2705.2,3831.2,13872.5,3654.2,1857.0
,,,,,,,,61,2945.3,3657.8,12199.2,4411.2,6076.3,6108.7,3758.0,2703.0,3735.5,13473.4,3639.7,1817.4
,,,,,,,,62,2912.3,3571.2,12470.7,4349.4,6035.6,6057.0,3729.6,2629.8,3720.5,13478.1,3581.4,1781.1
,,,,,,,,63,2952.2,3722.5,12349.3,4371.8,6205.0,6113.8,3721.6,2731.3,3747.6,13551.5,3686.0,1812.2
,,,,,,,,64,3043.1,3892.0,13228.9,4570.1,6426.3,6357.2,3927.5,2844.0,3909.1,14120.8,3802.9,1897.3
,,,,,,,,65,3269.2,4033.2,13898.6,4841.7,6675.6,6698.5,4100.3,2950.7,4157.1,15054.7,4017.4,1985.1
,,,,,,,,66,3349.2,4188.3,14455.9,5027.7,6988.2,7167.8,4348.6,3085.3,4367.6,15528.2,4170.9,2080.8
,,,,,,,,67,3451.1,4284.1,14491.5,5228.5,7185.5,7240.9,4338.0,3159.3,4347.2,16169.9,4306.2,2096.8
,,,,,,,,68,3412.3,4214.0,14510.4,5032.1,6973.2,7114.7,4338.3,3091.5,4310.3,15553.6,4123.4,2086.3
,,,,,,,,69,3260.6,3989.1,13569.2,4813.2,6702.6,6723.2,4141.3,2984.0,4118.0,15150.9,4034.0,1992.6
,,,,,,,,70,3112.2,3804.8,13064.3,4577.6,6488.6,6335.2,3861.1,2812.1,3910.6,14095.3,3786.7,1884.0
,,,,,,,,71,2964.9,3716.6,12369.4,4455.7,6151.7,6090.7,3776.3,2695.5,3737.4,13751.8,3633.6,1832.2
,,,,,,,,72,2902.7,3606.9,12071.9,4361.7,5938.8,5998.7,3631.6,2627.9,3652.3,13139.2,3493.2,1786.1
,,,,,,,,73,2690.1,3355.4,11157.7,3981.6,5644.0,5555.1,3376.7,2408.9,3412.7,12272.5,3287.0,1632.6
,,,,,,,,74,2545.5,3113.1,10632.6,3793.7,5212.5,5292.4,3166.8,2296.1,3167.2,11563.2,3122.4,1572.0
,,,,,,,,75,2357.7,2999.4,10129.9,3550.1,4971.4,4986.0,3074.7,2215.0,3068.8,11048.3,2948.7,1448.3
,,,,,,,,76,2320.8,2959.0,9815.0,3548.7,4925.0,4905.5,2937.9,2121.4,2938.3,10816.7,2851.3,1441.6
,,,,,,,,77,2416.8,3034.2,10506.7,3712.6,5156.1,5133.1,3141.8,2260.7,3149.0,11487.9,3050.8,1521.4
,,,,,,,,78,2715.3,3370.8,11361.8,4042.6,5611.9,5582.0,3415.3,2448.8,3420.8,12308.9,3327.1,1667.6
,,,,,,,,79,2924.2,3651.8,12606.2,4406.1,6200.6,6295.2,3764.9,2705.8,3769.8,13595.6,3629.5,1839.6
,,,,,,,,80,3156.3,4026.4,13652.3,4863.9,6707.2,6702.7,4081.3,2933.7,4118.7,14781.2,3973.1,1956.2
,,,,,,,,81,3340.1,4187.7,14059.2,4898.7,6881.5,6989.5,4253.5,3038.3,4236.7,15311.7,4032.7,2025.8
,,,,,,,,82,3304.2,4060.1,13791.1,4842.3,6802.8,6744.8,4131.2,3013.3,4129.7,15050.4,4003.4,1992.3
,,,,,,,,83,3083.2,3953.9,13429.9,4763.7,6581.1,6632.3,3938.5,2869.9,4024.0,14692.6,3861.0,1943.4
,,,,,,,,84,2960.0,3779.1,12629.8,4551.6,6311.1,6250.8,3871.8,2724.0,3766.6,14011.3,3704.0,1852.5
,,,,,,,,85,2932.0,3612.7,12509.2,4386.4,6005.0,6170.6,3723.5,2681.8,3666.2,13687.9,3607.8,1801.7
,,,,,,,,86,2876.8,3668.9,12353.3,4351.9,6084.6,6116.8,3744.0,2645.7,3741.3,13344.2,3611.0,1769.2
,,,,,,,,87,2928.9,3744.5,12680.8,4473.6,6195.2,6198.3,3737.9,2743.7,3720.6,13573.4,3618.3,1798.8
,,,,,,,,88,3102.1,3854.3,13098.7,4651.0,6521.4,6415.5,3935.4,2822.5,3869.3,14097.8,3784.5,1872.0
,,,,,,,,89,3221.2,4007.9,13654.3,4826.0,6798.0,6835.7,4147.6,2969.4,4166.4,14975.8,4013.2,2004.7
,,,,,,,,90,3338.0,4238.1,14250.0,5044.5,7181.4,6989.2,4329.6,3149.9,4340.3,15905.0,4142.9,2120.1
,,,,,,,,91,3410.7,4285.1,14558.7,5119.0,7310.8,7286.2,4439.4,3184.2,4375.2,15800.9,4255.4,2113.1
,,,,,,,,92,3381.1,4221.9,14311.6,5072.2,7182.8,7090.3,4291.3,3086.9,4269.9,15685.8,4126.6,2067.5
,,,,,,,,93,3285.4,4032.8,13957.4,4879.3,6828.0,6695.5,4142.6,2959.8,4177.8,14839.1,3982.6,2021.3
,,,,,,,,94,3090.3,3870.1,13152.8,4613.9,6402.5,6519.9,3919.4,2819.4,3927.9,14143.8,3846.8,1926.2
,,,,,,,,95,2954.6,3643.0,12401.9,4416.7,6258.5,6120.7,3777.8,2721.0,3720.3,13563.7,3608.9,1839.5
,,,,,,,,96,2834.8,3626.6,12265.2,4368.8,6070.2,6039.8,3662.0,2667.8,3611.2,13361.4,3528.5,1790.0
,,,,,,,,97,2658.5,3367.6,11176.9,3961.8,5601.1,5562.5,3365.7,2463.5,3424.3,12473.6,3277.9,1632.4
,,,,,,,,98,2540.9,3148.8,10720.6,3811.6,5231.9,5328.3,3253.4,2338.6,3181.4,11792.3,3129.0,1574.6
,,,,,,,,99,2412.3,2967.6,10096.3,3615.0,4914.6,5034.9,2999.9,2214.5,3064.7,10966.5,2927.6,1468.1
,,,,,,,,100,2323.5,2940.3,9812.3,3478.2,4945.7,4897.1,2990.6,2135.2,2975.6,11024.0,2927.9,1426.5
,,,,,,,,101,2455.9,3031.3,10432.3,3669.6,5171.6,5148.4,3131.1,2248.9,3136.3,11420.4,3053.7,1530.4
,,,,,,,,102,2714.7,3354.0,11320.5,3986.4,5669.2,5599.1,3383.2,2484.2,3375.4,12344.8,3354.2,1651.9
,,,,,,,,103,2934.6,3736.2,12429.2,4396.3,6250.2,6267.9,3828.6,2716.6,3831.5,13628.9,3610.2,1850.8
,,,,,,,,104,3158.9,3960.2,13597.6,4870.4,6642.2,6789.5,4045.7,2925.8,4118.7,14946.6,3972.6,1988.1
,,,,,,,,105,3263.2,4130.6,13948.6,4939.3,6861.6,6946.1,4213.0,3027.5,4192.9,15584.6,4147.1,2025.9
,,,,,,,,106,3238.7,4120.3,13843.4,4847.5,6768.4,6931.5,4120.1,3035.3,4146.0,15250.7,4054.2,2024.6
,,,,,,,,107,3103.3,3954.6,13466.4,4656.2,6560.9,6521.8,3954.7,2919.2,3974.3,14508.6,3864.2,1915.6
,,,,,,,,108,2954.1,3689.6,12758.6,4501.5,6184.9,6271.3,3801.2,2720.6,3796.7,13903.1,3737.5,1874.6
,,,,,,,,109,2876.6,3686.4,12367.2,4391.2,6168.6,6170.4,3727.2,2667.7,3703.9,13320.3,3632.9,1814.9
,,,,,,,,110,2913.3,3614.2,12286.0,4379.6,6083.8,6073.8,3670.3,2697.8,3686.6,13427.7,3573.0,1768.7
,,,,,,,,111,2920.6,3655.0,12510.1,4462.5,6191.6,6254.0,3796.8,2744.0,3775.2,13856.8,3611.9,1823.5
,,,,,,,,112,3053.9,3905.7,13193.6,4609.6,6396.6,6426.2,3924.2,2864.3,3870.6,14167.5,3816.2,1926.8
,,,,,,,,113,3253.3,4086.8,13612.7,4893.5,6724.1,6697.0,4170.3,3017.1,4075.0,15111.7,4039.2,1982.8
,,,,,,,,114,3389.4,4172.9,14441.7,5033.7,6988.3,7037.9,4384.9,3109.8,4262.0,15718.4,4158.6,2094.2
,,,,,,,,115,3403.8,4304.8,14660.2,5128.9,7212.8,7225.5,4448.1,3197.4,4391.2,15788.0,4213.5,2115.5
,,,,,,,,116,3344.9,4182.8,14504.7,5049.9,7181.3,7125.9,4287.7,3124.0,4275.8,15731.7,4147.6,2079.0
,,,,,,,,117,3290.1,4004.1,13758.9,4791.3,6872.1,6824.4,4118.4,2973.5,4135.4,14940.8,3977.9,1987.3
,,,,,,,,118,3087.8,3801.1,13227.9,4659.9,6356.9,6371.2,3878.6,2802.4,3963.8,14477.7,3777.4,1914.3
,,,,,,,,119,2915.1,3641.6,12563.3,4371.4,6190.5,6235.8,3795.2,2685.1,3801.7,13682.9,3611.5,1834.9
,,,,,,,,120,2845.8,3624.6,12254.5,4297.9,6061.0,6086.0,3686.4,2654.7,3675.3,13483.7,3537.5,1795.6
,,,,,,,,121,2480.6,3157.9,10705.9,3755.6,5297.2,5159.4,3184.2,2266.1,3177.6,11731.1,3114.7,1528.6
,,,,,,,,122,2341.3,2945.7,9931.1,3599.7,4944.9,4971.2,3038.3,2147.5,2991.8,11030.5,2887.9,1476.1
,,,,,,,,123,2257.3,2785.9,9646.9,3335.8,4741.8,4748.6,2832.3,2063.6,2838.6,10313.0,2732.3,1388.4
,,,,,,,,124,2171.5,2742.9,9270.4,3282.4,4613.7,4631.7,2800.1,2040.2,2780.8,10095.7,2751.0,1347.3
,,,,,,,,125,2313.3,2846.3,9780.7,3491.3,4805.5,4802.5,2973.7,2138.1,2973.0,10767.2,2804.5,1422.9
,,,,,,,,126,2511.3,3176.5,10608.2,3822.8,5256.9,5266.0,3232.9,2351.7,3229.3,11886.2,3119.3,1570.0
,,,,,,,,127,2822.7,3540.6,11969.8,4186.7,5812.4,5891.8,3610.8,2596.2,3558.8,12957.0,3442.2,1702.6
,,,,,,,,128,3055.9,3782.4,12950.3,4497.8,6320.1,6247.3,3813.3,2752.7,3792.1,14054.0,3720.9,1838.3
,,,,,,,,129,3071.4,3849.4,13315.7,4683.4,6593.5,6569.9,4009.0,2839.5,3954.2,14606.7,3832.3,1937.5
,,,,,,,,130,3108.4,3866.3,12901.9,4571.8,6356.9,6340.5,3888.2,2834.9,3943.0,14455.0,3740.7,1898.9
,,,,,,,,131,2923.7,3686.6,12699.4,4465.8,6084.5,6167.0,3760.9,2691.0,3717.5,13701.0,3641.1,1831.5
,,,,,,,,132,2815.2,3483.8,11999.5,4234.0,5938.5,5833.3,3595.9,2586.0,3647.1,12986.6,3497.4,1714.7
,,,,,,,,133,2706.1,3454.7,11626.3,4098.6,5743.7,5793.0,3545.2,2503.4,3460.2,12531.6,3357.3,1709.7
,,,,,,,,134,2689.9,3361.5,11557.4,4052.5,5787.6,5672.0,3531.6,2472.2,3480.4,12825.0,3329.7,1677.3
,,,,,,,,135,2796.9,3483.5,11644.5,4177.6,5753.9,5739.5,3564.4,2528.8,3541.2,12776.6,3388.7,1717.8
,,,,,,,,136,2921.2,3575.4,12270.2,4314.9,6001.7,6040.5,3744.9,2638.3,3723.7,13650.6,3541.4,1808.8
,,,,,,,,137,3079.6,3867.8,12891.6,4640.9,6353.8,6412.9,3901.9,2770.5,3866.7,14353.4,3747.9,1855.3
,,,,,,,,138,3228.9,3954.1,13392.2,4789.8,6752.6,6718.4,4036.1,2945.0,4045.5,14590.2,3942.9,1992.9
,,,,,,,,139,3250.6,4064.2,13775.7,4848.7,6713.4,6823.6,4122.0,2984.5,4122.6,15167.3,4044.4,1991.4
,,,,,,,,140,3211.2,3981.7,13350.4,4812.3,6683.9,6603.1,4100.2,2897.4,4081.3,14873.5,3950.2,1966.5
,,,,,,,,141,3042.4,3837.2,12991.5,4624.9,6432.1,6469.6,3906.0,2785.7,3938.7,14350.7,3819.8,1864.4
,,,,,,,,142,2887.3,3588.1,12307.0,4293.7,5984.6,5970.8,3721.4,2696.4,3642.8,13482.4,3535.0,1802.4
,,,,,,,,143,2779.3,3452.5,11811.3,4188.0,5817.6,5880.4,3576.8,2530.3,3524.2,13033.8,3442.4,1725.4
,,,,,,,,144,2732.9,3338.3,11554.9,4020.8,5707.7,5581.1,3471.5,2484.9,3471.1,12494.1,3371.3,1650.6
,,,,,,,,145,2475.5,3098.2,10597.3,3795.4,5250.3,5197.5,3158.5,2269.7,3179.7,11681.3,3113.7,1546.7
,,,,,,,,146,2352.8,2999.7,9954.9,3600.9,4994.1,4917.6,3022.2,2192.6,3019.7,10885.1,2959.8,1464.7
,,,,,,,,147,2230.2,2831.3,9417.8,3382.6,4629.0,4630.3,2871.9,2060.7,2876.4,10351.3,2758.1,1386.7
,,,,,,,,148,2181.6,2732.1,9388.0,3310.6,4598.7,4588.0,2813.5,2052.1,2799.2,10107.3,2718.5,1343.6
,,,,,,,,149,2311.5,2899.6,9667.3,3460.0,4757.5,4820.0,2961.8,2142.6,2935.0,10645.4,2874.2,1427.5
,,,,,,,,150,2516.1,3195.5,10798.4,3759.8,5253.2,5358.4,3182.0,2305.3,3264.9,11725.9,3117.4,1560.9
,,,,,,,,151,2766.4,3486.2,11719.6,4147.5,5821.0,5770.3,3580.1,2571.5,3583.7,13121.9,3454.1,1714.9
,,,,,,,,152,3043.9,3774.1,12873.4,4537.5,6360.9,6252.3,3827.9,2789.1,3818.5,13912.0,3700.5,1855.9
,,,,,,,,153,3077.7,3941.9,13239.2,4621.2,6438.2,6570.0,3925.0,2875.2,3951.1,14635.0,3804.5,1952.0
,,,,,,,,154,3034.5,3867.1,13065.4,4628.0,6524.2,6376.9,3955.5,2819.7,3965.3,14200.8,3802.4,1905.1
,,,,,,,,155,2913.0,3648.7,12635.1,4372.3,6148.3,6224.1,3742.2,2692.6,3782.6,13692.8,3611.6,1812.3
,,,,,,,,156,2832.5,3557.4,12034.3,4271.1,5882.2,5972.8,3556.5,2579.2,3560.3,13239.8,3462.9,1739.6
,,,,,,,,157,2719.8,3420.2,11674.9,4123.0,5789.1,5659.5,3509.4,2517.8,3536.7,12618.4,3422.8,1671.2
,,,,,,,,158,2747.3,3389.4,11531.1,4099.8,5715.7,5669.5,3431.0,2478.4,3485.3,12862.6,3397.8,1665.3
,,,,,,,,159,2785.9,3462.7,11995.6,4174.1,5887.5,5893.5,3542.8,2557.5,3594.9,12931.6,3471.1,1712.2
,,,,,,,,160,2890.4,3642.6,12341.8,4333.9,6118.1,6134.8,3679.6,2668.9,3682.7,13629.6,3602.9,1812.2
,,,,,,,,161,3065.9,3839.9,12924.9,4581.2,6435.3,6342.9,3923.4,2778.1,3888.2,14275.4,3718.4,1898.6
,,,,,,,,162,3167.8,4038.2,13448.3,4737.4,6682.1,6764.7,4018.9,2924.5,4016.7,14705.4,3974.8,1945.8
,,,,,,,,163,3274.3,4031.4,13872.1,4940.4,6863.2,6827.0,4155.1,2983.0,4198.0,15222.8,4006.4,2022.8
,,,,,,,,164,3143.6,3990.1,13741.6,4731.1,6721.6,6689.0,4088.0,2914.9,4110.7,14597.7,3915.2,1973.2
,,,,,,,,165,3062.8,3819.3,13126.3,4539.5,6355.9,6303.3,3896.0,2833.2,3894.6,14141.3,3796.3,1891.6
,,,,,,,,166,2874.2,3590.6,12247.8,4315.1,6115.6,6138.0,3707.4,2690.8,3685.0,13430.0,3532.4,1813.5
,,,,,,,,167,2772.0,3505.4,11665.1,4216.9,5809.5,5844.1,3511.0,2580.9,3591.8,12796.8,3415.8,1705.3
,,,,,,,,168,2709.6,3343.6,11587.9,4063.1,5593.5,5719.5,3444.3,2514.6,3463.6,12529.6,3368.0,1658.4
,,,,,,,,169,2698.6,3322.4,11428.3,3981.5,5580.6,5661.0,3353.2,2423.4,3364.0,12333.3,3291.2,1626.9
,,,,,,,,170,2523.6,3114.8,10884.8,3832.3,5322.7,5215.9,3262.9,2289.0,3262.4,11638.7,3105.6,1576.2
,,,,,,,,171,2394.8,3026.3,10034.3,3575.2,5072.3,4937.1,3080.6,2196.3,3044.6,11142.9,2985.0,1477.5
,,,,,,,,172,2329.2,2908.3,9820.8,3468.6,4933.5,4888.5,2956.9,2126.9,2950.8,10831.9,2894.5,1442.2
,,,,,,,,173,2456.5,3106.8,10485.3,3625.2,5088.1,5170.4,3172.5,2255.8,3090.7,11425.9,3009.6,1494.9
,,,,,,,,174,2668.4,3410.5,11427.5,4014.8,5707.6,5658.4,3476.5,2498.9,3380.4,12312.0,3284.3,1657.5
,,,,,,,,175,3005.2,3698.4,12699.2,4416.0,6288.5,6257.1,3804.6,2757.0,3764.3,14025.8,3704.9,1810.7
,,,,,,,,176,3238.5,4050.0,13819.3,4866.3,6649.2,6687.3,4139.4,2987.9,4112.4,14807.5,4018.9,2010.1
,,,,,,,,177,3341.9,4188.6,14081.6,5051.8,7018.5,6988.6,4293.0,3090.2,4189.4,15274.1,4075.9,2050.2
,,,,,,,,178,3230.7,4042.6,14039.5,4855.7,6932.9,6921.4,4170.9,3018.4,4177.7,15387.2,4101.3,2012.9
,,,,,,,,179,3161.5,3959.6,13187.3,4682.9,6489.3,6665.5,3988.7,2863.5,4068.2,14474.1,3843.7,1949.5
,,,,,,,,180,2960.9,3739.5,12577.7,4498.7,6231.4,6285.6,3814.8,2794.3,3785.8,13969.3,3649.1,1864.4
,,,,,,,,181,2947.4,3655.3,12291.8,4424.0,6101.0,6158.9,3712.0,2669.9,3705.6,13492.4,3558.6,1796.9
,,,,,,,,182,2877.5,3595.4,12234.9,4331.7,6081.0,6023.5,3726.9,2630.9,3759.1,13565.9,3630.1,1800.5
,,,,,,,,183,2993.9,3661.8,12492.3,4392.5,6195.6,6226.1,3762.9,2748.5,3788.6,13901.4,3630.6,1852.1
,,,,,,,,184,3050.8,3844.1,13277.0,4578.3,6546.0,6450.1,3920.3,2838.3,3926.6,14171.5,3847.7,1905.4
,,,,,,,,185,3265.3,4045.0,13868.7,4936.8,6782.6,6775.6,4136.3,2976.4,4118.3,15065.9,3960.6,2016.4
,,,,,,,,186,3369.6,4184.0,14422.6,5078.8,7092.0,7094.3,4340.1,3076.4,4273.6,15812.2,4167.1,2081.5
,,,,,,,,187,3411.3,4321.5,14681.9,5200.8,7158.3,7303.3,4376.9,3188.2,4343.6,16036.6,4318.9,2133.9
,,,,,,,,188,3425.7,4237.4,14480.1,5074.9,7078.8,7131.8,4369.5,3144.4,4338.3,15725.4,4155.9,2123.8
,,,,,,,,189,3261.8,4017.8,13625.9,4918.5,6818.2,6860.5,4124.7,2988.9,4173.4,14875.7,4040.9,1977.0
,,,,,,,,190,3078.4,3865.7,13079.5,4689.4,6517.6,6549.3,3935.5,2813.9,3960.0,14288.2,3819.1,1907.4
,,,,,,,,191,2989.3,3678.4,12642.9,4474.5,6113.8,6248.3,3726.5,2740.6,3823.9,13738.8,3599.8,1834.7
,,,,,,,,192,2912.4,3610.2,12277.6,4352.4,6010.6,6006.4,3702.1,2670.1,3724.8,13335.6,3528.8,1785.7
,,,,,,,,193,2628.5,3331.9,11230.6,3950.3,5542.6,5593.5,3392.6,2448.4,3375.6,12324.2,3265.4,1652.3
,,,,,,,,194,2541.4,3119.4,10890.1,3754.6,5334.2,5265.3,3259.5,2330.7,3241.6,11894.0,3146.0,1539.8
,,,,,,,,195,2386.2,3028.9,10142.1,3620.8,4935.8,4950.2,3071.8,2182.6,3087.2,11168.0,2969.9,1480.4
,,,,,,,,196,2354.6,2925.2,9831.9,3500.5,4883.3,4890.5,2957.2,2140.3,2974.9,11010.8,2898.4,1437.8
,,,,,,,,197,2437.3,3085.3,10315.4,3630.4,5188.2,5147.0,3087.1,2223.5,3128.9,11501.0,3016.0,1521.0
,,,,,,,,198,2704.2,3338.8,11454.2,4060.0,5604.1,5615.5,3383.3,2490.2,3400.9,12437.5,3327.6,1641.9
,,,,,,,,199,2943.6,3742.5,12810.2,4437.9,6310.8,6248.2,3838.2,2744.7,3822.1,14008.5,3670.3,1856.6
,,,,,,,,200,3174.8,4030.5,13698.5,4847.7,6704.4,6752.6,4125.3,2929.9,4138.1,14712.2,3926.1,1989.0
,,,,,,,,201,3356.2,4169.0,14075.1,4918.2,6870.4,6994.5,4300.1,3055.4,4226.3,15343.6,4096.0,2067.7
,,,,,,,,202,3274.3,4098.7,13845.6,4873.9,6963.2,6942.5,4222.7,3024.9,4225.9,15114.3,3988.9,1992.4
,,,,,,,,203,3186.9,3878.0,13449.6,4749.5,6529.3,6550.8,4025.6,2886.2,4052.5,14800.1,3883.5,1932.4
,,,,,,,,204,3008.0,3724.3,12924.3,4449.1,6263.9,6256.7,3793.6,2784.7,3856.6,14089.7,3751.2,1874.4
,,,,,,,,205,2911.9,3660.4,12587.4,4426.2,6035.3,6088.8,3726.1,2665.0,3686.0,13734.0,3582.5,1793.3
,,,,,,,,206,2940.1,3588.3,12336.0,4326.5,6105.5,6046.1,3748.3,2655.6,3736.2,13340.0,3592.0,1772.6
,,,,,,,,207,2971.5,3718.8,12703.9,4448.2,6282.8,6214.4,3800.5,2761.5,3756.0,13826.8,3639.6,1841.8
,,,,,,,,208,3098.3,3813.5,13154.1,4591.5,6462.3,6406.2,3949.2,2855.2,3920.3,14332.6,3844.2,1914.8
,,,,,,,,209,3214.3,4103.4,13995.8,4847.1,6875.2,6868.0,4123.6,2992.8,4205.0,15141.4,4000.1,2028.7
,,,,,,,,210,3389.8,4284.1,14498.2,5130.8,7154.2,7073.5,4318.4,3122.6,4389.5,15598.8,4252.9,2083.7
,,,,,,,,211,3490.8,4267.2,14727.9,5125.4,7316.5,7245.7,4429.7,3130.9,4431.3,15946.5,4326.5,2144.1
,,,,,,,,212,3385.4,4231.1,14476.8,5168.6,7043.5,7163.4,4302.9,3083.5,4394.2,15627.8,4223.4,2110.6
,,,,,,,,213,3227.0,4064.1,13984.9,4823.1,6840.6,6872.3,4142.7,2970.7,4123.7,14926.9,4026.3,2009.6
,,,,,,,,214,3066.5,3899.4,13024.2,4570.9,6442.9,6386.3,3890.5,2837.1,3999.1,14510.3,3762.7,1894.7
,,,,,,,,215,2920.7,3724.7,12697.1,4416.8,6161.0,6186.0,3767.2,2684.3,3804.2,13797.3,3617.2,1839.6
,,,,,,,,216,2872.2,3603.4,12177.8,4288.9,6111.4,5996.8,3736.7,2675.2,3666.5,13240.8,3598.5,1799.1
,,,,,,,,217,2680.7,3332.8,11195.8,3975.5,5612.8,5602.9,3370.0,2458.1,3409.7,12231.2,3303.0,1657.9
,,,,,,,,218,2528.0,3159.1,10807.0,3793.2,5258.1,5356.1,3258.0,2335.9,3217.6,11624.5,3092.5,1575.8
,,,,,,,,219,2409.8,2965.1,10142.0,3597.1,4943.1,4984.7,3013.4,2187.3,3025.0,11224.2,2915.6,1463.2
,,,,,,,,220,2334.8,2906.1,9864.9,3487.7,4951.5,4870.5,2996.0,2181.3,2979.9,10956.8,2868.2,1462.2
,,,,,,,,221,2427.8,3056.2,10570.5,3714.9,5176.5,5090.7,3146.1,2288.8,3124.3,11374.0,3006.8,1527.2
,,,,,,,,222,2660.5,3398.0,11309.2,4029.7,5639.4,5682.6,3431.6,2442.4,3409.3,12345.4,3313.1,1678.9
,,,,,,,,223,3008.6,3761.7,12574.3,4414.0,6278.8,6327.1,3756.5,2734.4,3755.7,13806.1,3695.2,1845.6
,,,,,,,,224,3171.1,3993.8,13846.7,4820.3,6703.4,6717.9,4097.2,2987.7,4114.9,15003.1,3985.2,1979.5
,,,,,,,,225,3358.3,4154.7,13931.8,4947.2,6994.9,7039.7,4235.0,3039.5,4229.6,15227.4,4109.0,2028.0
,,,,,,,,226,3290.7,4149.5,13770.4,4868.1,6951.7,6816.1,4209.6,3024.9,4156.1,15176.1,4062.1,1994.9
,,,,,,,,227,3153.8,3979.3,13512.0,4694.3,6504.0,6539.6,3978.1,2881.4,3990.7,14612.6,3874.6,1965.6
,,,,,,,,228,3029.4,3780.4,12724.7,4562.3,6227.2,6233.7,3795.2,2786.5,3796.4,13850.3,3748.7,1826.3
,,,,,,,,229,2899.8,3650.2,12450.4,4428.2,6111.8,6082.3,3779.2,2682.2,3704.5,13523.6,3553.1,1798.9
,,,,,,,,230,2893.7,3591.2,12254.9,4423.1,6004.5,6175.0,3661.9,2661.9,3714.0,13607.0,3592.7,1769.2
,,,,,,,,231,2956.5,3752.8,12780.0,4441.5,6240.9,6202.9,3820.9,2700.9,3748.6,13957.6,3675.1,1833.6
,,,,,,,,232,3125.1,3895.1,13283.3,4610.9,6373.6,6461.2,3918.1,2881.5,3922.9,14258.8,3813.6,1928.8
,,,,,,,,233,3265.0,4021.3,13843.8,4847.0,6907.0,6858.3,4103.4,3028.7,4124.3,15054.7,3958.0,2030.3
,,,,,,,,234,3357.2,4204.4,14333.4,5102.1,7180.5,7185.9,4387.1,3102.7,4349.7,15662.4,4189.2,2108.8
,,,,,,,,235,3482.2,4309.9,14767.8,5234.8,7214.6,7331.8,4437.3,3167.8,4396.2,16264.5,4276.3,2150.3
,,,,,,,,236,3380.3,4264.0,14370.7,5078.6,7038.1,7028.0,4283.3,3128.3,4274.6,15928.6,4182.2,2064.9
,,,,,,,,237,3215.5,4100.3,13933.9,4921.4,6881.6,6891.5,4092.1,2983.6,4194.7,14996.4,4029.8,2018.8
,,,,,,,,238,3048.8,3823.0,13164.0,4637.6,6499.1,6493.7,3930.6,2871.8,3890.7,14253.9,3827.6,1887.1
,,,,,,,,239,2979.6,3665.3,12453.5,4508.6,6218.9,6136.1,3768.8,2718.3,3791.1,13796.2,3650.5,1812.0
,,,,,,,,240,2878.4,3582.6,12217.3,4288.5,6026.7,6041.7,3687.8,2653.2,3734.1,13343.0,3567.3,1759.9
,,,,,,,,241,2659.5,3309.3,11510.9,4036.7,5550.7,5528.2,3410.8,2433.2,3432.6,12288.0,3307.2,1636.3
,,,,,,,,242,2513.6,3126.2,10597.3,3768.0,5231.8,5315.5,3274.5,2315.9,3218.3,11726.9,3142.4,1573.9
,,,,,,,,243,2415.4,2990.9,10273.8,3583.1,4993.9,5055.1,3013.1,2205.4,3034.1,10984.5,2991.3,1477.0
,,,,,,,,244,2313.9,2932.3,9917.1,3528.5,4870.1,4964.4,3004.5,2186.9,2977.9,10883.3,2868.4,1465.5
,,,,,,,,245,2434.9,3023.8,10408.8,3672.2,5084.8,5100.2,3110.5,2259.4,3093.3,11395.2,3032.6,1499.4
,,,,,,,,246,2693.6,3319.1,11530.7,4004.6,5574.1,5711.2,3395.1,2480.7,3410.9,12348.6,3288.3,1644.3
,,,,,,,,247,2982.1,3703.7,12556.2,4477.8,6202.0,6217.0,3779.3,2764.8,3801.6,14047.9,3723.6,1839.3
,,,,,,,,248,3212.4,4051.1,13653.6,4861.8,6669.5,6817.2,4058.7,2931.2,4079.1,15021.2,4011.0,1958.7
,,,,,,,,249,3290.2,4097.8,14316.7,4973.0,6960.8,6998.0,4235.6,3012.0,4290.0,15607.8,4090.0,2055.9
,,,,,,,,250,3248.1,4145.7,13788.3,4946.1,6846.4,6960.5,4188.0,3012.3,4231.0,15345.3,4043.9,2028.6
,,,,,,,,251,3109.4,3876.9,13547.1,4760.6,6488.9,6555.9,4044.9,2867.2,4041.9,14640.8,3875.3,1963.4
,,,,,,,,252,3036.2,3727.1,12846.3,4447.1,6337.5,6245.9,3828.1,2763.1,3840.8,13790.5,3652.6,1856.0
,,,,,,,,253,2932.1,3604.7,12572.1,4347.5,6124.2,6146.0,3747.6,2675.1,3756.6,13732.7,3603.3,1809.5
,,,,,,,,254,2949.7,3691.5,12553.2,4335.9,6082.5,6139.4,3756.0,2657.9,3752.3,13692.3,3574.6,1801.0
,,,,,,,,255,2935.6,3766.1,12727.3,4500.4,6159.7,6178.8,3843.7,2761.6,3770.1,13844.1,3626.2,1806.3
,,,,,,,,256,3098.0,3883.0,13184.0,4627.8,6425.8,6534.4,3967.4,2839.2,3988.7,14255.4,3777.9,1877.4
,,,,,,,,257,3221.4,4033.5,13882.2,4852.1,6914.6,6777.6,4186.0,2952.6,4100.7,14961.3,3993.4,2013.3
,,,,,,,,258,3421.4,4285.4,14610.4,5125.6,7152.6,7153.6,4301.9,3170.2,4333.0,15568.9,4217.1,2112.4
,,,,,,,,259,3509.1,4338.9,14521.6,5226.7,7222.6,7143.1,4408.7,3189.4,4413.5,16288.8,4315.8,2158.0
,,,,,,,,260,3396.8,4306.0,14607.1,5089.0,7062.2,7207.2,4388.0,3137.8,4390.1,15997.2,4252.9,2091.0
,,,,,,,,261,3232.0,4034.9,13720.7,4926.3,6823.0,6845.8,4158.2,2961.8,4118.6,15306.6,4039.4,2022.5
,,,,,,,,262,3058.9,3827.3,13001.3,4662.5,6470.4,6512.1,3982.8,2881.0,3956.7,14510.4,3755.5,1925.3
,,,,,,,,263,2941.6,3707.2,12582.4,4451.7,6243.7,6229.7,3783.7,2718.6,3807.9,13797.9,3680.5,1836.1
,,,,,,,,264,2924.1,3631.2,12248.8,4286.7,5987.7,5972.1,3657.7,2641.0,3634.5,13325.1,3596.8,1805.4
,,,,,,,,265,2698.5,3386.6,11513.0,4011.1,5538.0,5570.8,3373.3,2446.6,3364.4,12496.2,3291.0,1660.8
,,,,,,,,266,2530.0,3177.8,10780.0,3768.9,5253.8,5261.7,3267.8,2299.2,3272.9,11713.7,3077.8,1548.2
,,,,,,,,267,2393.9,2970.6,10260.1,3598.2,5054.4,5014.1,3073.7,2179.3,3018.9,11139.8,2962.2,1482.8
,,,,,,,,268,2357.4,2903.4,9920.4,3499.7,4986.6,4961.1,2961.3,2175.4,3015.2,10844.1,2911.0,1449.1
,,,,,,,,269,2448.6,3110.4,10487.6,3724.2,5108.3,5076.2,3091.4,2274.4,3160.3,11565.7,3030.6,1529.0
,,,,,,,,270,2724.3,3329.1,11322.6,3983.3,5557.2,5567.2,3415.6,2493.2,3402.6,12443.7,3317.1,1678.0
,,,,,,,,271,2940.5,3721.8,12799.7,4499.0,6208.7,6330.7,3857.4,2753.0,3763.3,13788.4,3662.8,1813.1
,,,,,,,,272,3255.4,3977.0,13543.4,4769.5,6728.7,6722.6,4126.4,2969.6,4103.2,15168.9,3910.0,2003.6
,,,,,,,,273,3315.6,4191.0,14178.9,4958.5,7028.2,7002.6,4266.7,3101.4,4296.0,15606.4,4151.8,2068.5
,,,,,,,,274,3282.8,4145.5,13885.9,4914.6,6778.3,6819.8,4143.7,2982.8,4209.4,15396.7,4091.3,1997.1
,,,,,,,,275,3145.4,3898.6,13493.5,4696.4,6604.5,6668.2,4050.4,2854.5,4048.4,14654.4,3933.2,1931.2
,,,,,,,,276,2999.1,3763.1,12620.1,4495.4,6229.4,6384.2,3817.3,2799.6,3842.6,14142.4,3721.9,1831.1
,,,,,,,,277,2939.1,3600.6,12319.6,4355.8,6197.5,6067.5,3731.5,2677.9,3761.6,13749.7,3562.5,1777.0
,,,,,,,,278,2952.3,3672.0,12217.7,4307.6,6114.7,6169.6,3665.2,2704.0,3728.4,13541.3,3603.0,1809.2
,,,,,,,,279,2948.8,3751.8,12641.0,4399.0,6130.2,6248.0,3794.2,2726.9,3775.9,13603.0,3626.4,1811.8
,,,,,,,,280,3091.4,3842.0,13257.7,4642.1,6438.4,6419.3,3944.5,2852.1,3935.1,14374.2,3827.6,1903.1
,,,,,,,,281,3292.1,4091.9,13658.7,4904.2,6811.5,6836.7,4191.5,2992.0,4211.1,15349.5,3978.9,1984.7
,,,,,,,,282,3447.5,4239.0,14532.4,5150.3,7109.3,7157.7,4355.7,3126.0,4361.6,16036.9,4168.3,2108.6
,,,,,,,,283,3423.2,4303.0,14609.1,5172.8,7159.4,7311.3,4366.4,3212.2,4466.0,16317.6,4252.1,2146.9
,,,,,,,,284,3356.3,4238.5,14435.8,5057.5,7186.1,7026.5,4381.8,3135.3,4382.2,15725.5,4169.3,2088.4
,,,,,,,,285,3286.4,4094.9,13645.3,4833.4,6728.8,6875.4,4179.2,3030.1,4132.5,14967.3,4014.2,1984.6
,,,,,,,,286,3088.6,3829.2,13089.4,4640.0,6477.4,6470.9,3957.6,2849.9,3960.1,14249.8,3811.3,1920.9
,,,,,,,,287,2932.9,3711.2,12551.4,4446.7,6198.2,6215.6,3781.0,2683.4,3789.6,13795.5,3654.8,1802.5
,,,,,,,,288,2879.0,3595.9,12279.5,4338.1,6087.6,5988.6,3645.4,2690.1,3719.0,13299.3,3509.0,1765.0
,,,,,,,,289,2547.4,3123.3,10658.5,3733.5,5254.6,5303.6,3181.1,2281.0,3231.6,11809.1,3088.0,1557.1
,,,,,,,,290,2394.3,2936.0,10061.0,3534.6,5034.2,4933.5,3006.1,2201.4,3080.9,11073.8,2935.9,1484.1
,,,,,,,,291,2240.9,2844.2,9582.1,3327.0,4685.3,4732.5,2909.0,2084.9,2886.1,10305.0,2804.8,1365.8
,,,,,,,,292,2230.2,2747.4,9251.0,3279.8,4657.4,4627.5,2793.0,2026.2,2850.0,10145.8,2698.4,1358.0
,,,,,,,,293,2323.6,2912.4,9792.1,3477.1,4817.6,4827.9,2923.7,2120.1,2908.6,10883.7,2837.8,1408.3
,,,,,,,,294,2513.7,3165.4,10722.6,3856.3,5358.5,5274.4,3246.3,2316.4,3242.6,11885.4,3083.6,1572.9
,,,,,,,,295,2843.3,3535.9,12034.9,4267.8,5793.7,5860.2,3544.7,2588.1,3566.9,13147.0,3475.0,1732.5
,,,,,,,,296,3022.9,3745.3,12768.7,4555.8,6315.9,6381.7,3905.4,2812.1,3907.3,14170.1,3697.2,1890.7
,,,,,,,,297,3107.6,3941.4,13441.0,4745.2,6561.1,6480.6,3973.5,2853.9,3992.0,14553.3,3802.5,1910.9
,,,,,,,,298,3095.0,3808.7,13274.7,4593.1,6507.1,6479.2,3907.7,2797.2,3997.5,14266.6,3750.4,1925.6
,,,,,,,,299,2997.1,3668.3,12652.4,4392.9,6117.3,6191.7,3826.6,2715.7,3820.3,13625.9,3610.3,1825.3
,,,,,,,,300,2826.8,3505.3,11998.5,4233.2,5882.6,5913.4,3598.5,2593.7,3562.1,13300.2,3533.1,1760.2
,,,,,,,,301,2764.8,3437.8,11525.8,4154.4,5686.5,5690.0,3514.9,2508.8,3473.1,12928.4,3427.6,1700.4
,,,,,,,,302,2747.7,3466.3,11777.7,4074.7,5658.6,5662.0,3477.1,2512.0,3528.2,12694.1,3357.0,1709.7
,,,,,,,,303,2804.7,3471.0,12002.5,4168.5,5784.6,5902.2,3584.7,2561.4,3536.8,13061.6,3470.2,1726.3
,,,,,,,,304,2915.1,3675.9,12331.5,4422.1,6089.1,6120.4,3744.9,2660.0,3738.5,13645.5,3568.9,1813.2
,,,,,,,,305,3052.7,3839.9,12864.8,4554.2,6343.1,6410.1,3883.7,2851.4,3926.8,14294.8,3780.1,1859.4
,,,,,,,,306,3186.4,3941.4,13638.9,4732.5,6714.9,6783.0,4112.9,2908.5,4024.1,15086.4,4001.1,1976.0
,,,,,,,,307,3243.1,4022.0,13918.0,4898.8,6766.9,6776.9,4105.0,3003.1,4180.9,15275.4,4063.1,1983.4
,,,,,,,,308,3154.7,4000.4,13408.5,4745.6,6669.6,6625.0,4110.8,2922.5,4143.8,14845.3,3888.7,1968.6
,,,,,,,,309,3058.9,3861.3,13029.9,4589.9,6471.5,6483.9,3919.4,2796.8,3863.1,14108.0,3825.9,1908.6
,,,,,,,,310,2897.1,3671.4,12219.6,4412.3,6031.4,6136.9,3712.7,2649.4,3656.0,13604.7,3588.9,1766.0
,,,,,,,,311,2800.9,3432.7,11760.8,4157.3,5849.4,5816.3,3552.2,2570.1,3505.2,12947.2,3408.5,1742.4
,,,,,,,,312,2715.4,3356.4,11644.9,4118.1,5665.8,5728.4,3475.4,2531.8,3486.6,12513.7,3303.5,1689.2
,,,,,,,,313,2509.5,3148.2,10740.9,3778.9,5290.2,5326.6,3212.9,2313.9,3182.2,11806.9,3121.5,1547.8
,,,,,,,,314,2382.9,2957.2,9989.1,3617.5,4986.0,4926.6,3069.9,2157.5,3009.3,11098.6,2963.4,1473.1
,,,,,,,,315,2248.5,2806.4,9666.9,3412.8,4664.8,4648.0,2848.6,2085.2,2832.1,10579.4,2762.5,1399.5
,,,,,,,,316,2221.9,2753.0,9518.2,3348.1,4628.2,4687.8,2838.7,2044.2,2804.3,10394.0,2737.3,1353.0
,,,,,,,,317,2300.9,2903.0,9705.7,3482.6,4895.7,4807.1,2921.7,2149.6,2921.8,10850.8,2828.9,1412.0
,,,,,,,,318,2540.2,3152.0,10645.8,3824.3,5367.9,5271.9,3241.1,2354.0,3222.0,11777.6,3111.4,1545.3
,,,,,,,,319,2813.4,3536.2,12080.1,4241.8,5877.6,5896.0,3581.9,2560.1,3633.3,13123.7,3443.7,1748.4
,,,,,,,,320,2999.7,3733.8,12996.5,4603.5,6322.3,6389.7,3879.2,2824.1,3844.6,14225.0,3777.2,1866.7
,,,,,,,,321,3094.2,3913.5,13442.2,4736.1,6618.7,6609.9,3986.8,2851.6,3938.8,14621.1,3905.3,1930.9
,,,,,,,,322,3124.5,3854.6,13092.4,4564.0,6496.5,6535.2,3885.8,2800.4,3965.4,14429.8,3803.5,1916.7
,,,,,,,,323,2935.2,3748.2,12633.7,4439.8,6284.9,6273.5,3835.4,2735.7,3814.7,13703.8,3617.9,1830.7
,,,,,,,,324,2801.2,3570.3,12092.7,4184.4,6011.0,6000.6,3603.6,2586.9,3594.4,12974.0,3512.6,1769.0
,,,,,,,,325,2726.1,3453.6,11717.8,4129.9,5789.7,5810.0,3463.0,2503.5,3509.9,12934.9,3391.5,1716.6
,,,,,,,,326,2776.0,3412.8,11649.6,4133.2,5704.1,5693.0,3455.2,2535.1,3486.6,12874.1,3379.0,1692.9
,,,,,,,,327,2816.1,3506.5,11979.7,4167.6,5896.9,5911.6,3618.4,2567.4,3550.1,13164.1,3439.5,1698.7
,,,,,,,,328,2946.7,3677.0,12331.1,4346.1,6103.9,6107.3,3665.4,2648.4,3745.8,13609.8,3584.9,1797.6
,,,,,,,,329,3075.2,3848.6,13131.0,4621.1,6359.5,6425.3,3874.4,2828.3,3884.5,14323.1,3790.7,1899.4
,,,,,,,,330,3248.3,3971.0,13556.6,4865.8,6702.7,6718.5,4023.9,2962.7,4036.5,14682.7,4003.2,1969.0
,,,,,,,,331,3257.5,4066.1,14038.2,4926.9,6783.9,6827.8,4141.5,2952.4,4108.8,15076.4,3977.7,2016.8
,,,,,,,,332,3216.5,3971.2,13440.0,4742.5,6631.4,6786.5,4041.3,2953.0,4069.5,14687.4,3952.4,1945.8
,,,,,,,,333,3026.7,3817.6,12902.7,4635.7,6327.4,6340.3,3922.4,2796.9,3950.3,14440.0,3718.8,1900.2
,,,,,,,,334,2946.8,3650.2,12222.5,4351.3,6029.4,6165.4,3671.7,2674.8,3759.1,13447.2,3616.8,1775.2
,,,,,,,,335,2800.0,3530.4,11761.8,4135.6,5788.2,5757.1,3554.0,2526.8,3585.1,12981.0,3443.2,1732.3
,,,,,,,,336,2685.4,3355.7,11454.3,4062.5,5620.1,5753.1,3445.0,2491.0,3491.3,12462.5,3355.1,1657.1
,,,,,,,,337,2674.7,3364.4,11486.7,3966.5,5663.2,5527.8,3396.8,2456.7,3412.7,12412.9,3290.0,1644.0
,,,,,,,,338,2510.9,3156.7,10605.0,3846.7,5265.9,5374.9,3260.8,2323.2,3233.9,11912.4,3148.6,1551.3
,,,,,,,,339,2391.6,3020.4,10070.9,3543.6,5020.0,5005.3,3075.2,2204.8,3073.7,11026.9,2980.8,1483.4
,,,,,,,,340,2351.9,2981.0,9865.8,3525.1,4958.6,4908.8,3034.3,2188.6,2977.3,10865.4,2899.8,1456.4
,,,,,,,,341,2422.2,3089.5,10520.4,3722.6,5213.4,5078.5,3114.7,2275.5,3145.8,11280.7,3059.4,1510.7
,,,,,,,,342,2681.0,3388.1,11365.9,4085.3,5567.6,5626.7,3389.5,2512.9,3453.4,12355.5,3318.8,1652.9
,,,,,,,,343,3027.5,3685.7,12774.9,4466.0,6164.7,6251.3,3788.5,2771.9,3802.8,13964.9,3707.0,1819.9
,,,,,,,,344,3237.6,4044.9,13894.8,4807.4,6764.9,6793.0,4132.8,3001.6,4092.9,14828.5,4001.4,2010.7
,,,,,,,,345,3323.3,4152.5,14297.6,4967.2,7007.3,7043.2,4256.7,3063.7,4200.2,15468.7,4077.7,2064.9
,,,,,,,,346,3315.2,4049.5,14074.8,4955.6,6825.1,6810.9,4215.2,2987.4,4229.0,15429.9,4063.9,2017.6
,,,,,,,,347,3106.7,3937.1,13225.6,4665.7,6609.4,6557.8,4021.6,2884.8,4029.5,14538.3,3919.7,1951.8
,,,,,,,,348,3012.5,3777.0,12837.9,4490.4,6294.6,6280.0,3821.2,2745.9,3811.8,13810.0,3668.3,1847.1
,,,,,,,,349,2899.3,3632.3,12558.7,4357.8,6079.1,6099.3,3690.1,2656.9,3777.5,13649.1,3565.6,1799.3
,,,,,,,,350,2911.9,3690.7,12509.6,4396.5,6024.5,6181.4,3675.1,2691.5,3760.5,13507.0,3554.6,1784.1
,,,,,,,,351,3010.4,3759.8,12465.0,4482.6,6128.8,6302.0,3835.4,2695.3,3779.3,13991.4,3694.9,1853.9
,,,,,,,,352,3098.4,3817.9,13031.2,4591.4,6385.2,6464.0,3969.0,2859.5,3956.9,14364.8,3853.7,1880.8
,,,,,,,,353,3294.0,4028.2,13841.3,4943.7,6865.2,6731.5,4202.3,2957.6,4147.7,15322.4,3991.6,2007.5
,,,,,,,,354,3421.1,4196.1,14483.1,5074.2,7214.4,7217.2,4400.9,3121.4,4400.4,15737.3,4221.6,2116.7
,,,,,,,,355,3489.4,4335.4,14921.8,5187.8,7191.8,7179.9,4365.4,3177.0,4455.4,16334.9,4234.4,2158.4
,,,,,,,,356,3413.2,4221.3,14522.3,5035.9,7185.4,7073.5,4351.4,3082.6,4288.6,15978.1,4188.3,2095.9
,,,,,,,,357,3250.5,4018.5,13801.8,4823.2,6778.5,6775.9,4127.4,2955.4,4194.5,14966.1,3982.5,2005.3
,,,,,,,,358,3104.7,3901.2,13245.5,4642.7,6510.4,6439.3,3902.2,2836.8,3953.6,14356.5,3842.7,1927.2
,,,,,,,,359,2927.5,3740.8,12781.1,4464.0,6222.4,6116.3,3781.3,2746.3,3828.9,13621.0,3672.2,1817.5
,,,,,,,,360,2874.6,3637.9,12140.0,4380.1,6131.3,6052.4,3636.5,2652.3,3638.6,13505.2,3561.6,1766.4
,,,,,,,,361,2654.5,3362.9,11296.0,4024.1,5644.8,5566.1,3447.9,2485.8,3426.5,12526.8,3312.6,1660.3
,,,,,,,,362,2503.4,3163.2,10652.9,3851.5,5280.4,5305.2,3206.3,2295.8,3210.5,11808.2,3136.1,1555.0
,,,,,,,,363,2399.8,3020.0,10216.4,3638.2,5018.0,4970.1,3077.2,2217.9,3016.9,11024.3,2926.7,1496.1
,,,,,,,,364,2384.6,2956.7,9962.1,3563.8,4979.1,4943.1,2996.7,2164.9,2991.7,10920.6,2887.9,1427.9
,,,,,,,,365,2467.6,3096.5,10462.0,3702.1,5101.4,5211.3,3091.4,2245.1,3129.3,11307.0,2988.8,1525.1
,,,,,,,,366,2701.6,3327.3,11557.7,4057.7,5605.9,5563.2,3463.8,2502.3,3450.1,12652.6,3332.6,1674.9
,,,,,,,,367,2942.5,3706.4,12671.4,4449.7,6174.7,6201.7,3833.1,2762.5,3833.3,13975.9,3667.9,1865.2
,,,,,,,,368,3189.9,4007.7,13695.3,4824.0,6693.4,6656.7,4093.0,2921.1,4120.9,15057.1,3956.7,1995.8
,,,,,,,,369,3290.2,4160.5,14176.0,4926.5,7030.7,6979.6,4246.2,3052.5,4220.6,15631.4,4152.7,2031.5
,,,,,,,,370,3249.6,4109.8,13921.7,4876.3,6879.3,6844.5,4138.0,2980.9,4138.2,15472.1,4108.3,2025.7
,,,,,,,,371,3126.1,3945.4,13200.7,4711.8,6668.2,6526.6,4012.9,2894.0,3995.4,14522.0,3829.3,1936.6
,,,,,,,,372,3038.3,3764.7,12842.4,4500.5,6322.0,6389.8,3833.4,2726.1,3868.0,14162.9,3716.4,1838.4
,,,,,,,,373,2938.8,3615.4,12482.7,4421.6,6115.0,6205.5,3708.6,2694.6,3729.8,13419.2,3616.3,1827.6
,,,,,,,,374,2934.0,3659.9,12285.1,4332.4,6093.7,6065.8,3699.4,2715.2,3746.5,13380.7,3546.2,1786.0
,,,,,,,,375,2974.1,3692.3,12557.7,4435.1,6256.9,6251.7,3774.5,2730.7,3737.1,13646.0,3609.7,1828.4
,,,,,,,,376,3067.5,3856.7,13202.5,4654.2,6472.9,6574.1,3919.5,2870.2,3992.4,14519.1,3793.9,1903.1
,,,,,,,,377,3214.0,4051.5,13989.3,4938.1,6813.6,6863.8,4165.9,2995.8,4215.3,15355.4,3956.2,2025.4
,,,,,,,,378,3447.4,4247.8,14380.1,5102.2,7172.3,7079.0,4366.5,3132.1,4345.3,15980.6,4217.2,2115.0
,,,,,,,,379,3447.7,4325.5,14723.1,5205.5,7212.0,7187.2,4472.0,3231.7,4381.3,15875.6,4224.4,2148.6
,,,,,,,,380,3446.0,4284.2,14397.4,5134.4,7212.2,7193.1,4310.4,3170.8,4311.4,15772.4,4142.5,2079.5
,,,,,,,,381,3276.8,4056.4,13746.7,4950.9,6746.2,6814.1,4134.1,2972.3,4192.9,15288.7,3969.5,1990.1
,,,,,,,,382,3113.6,3888.2,13032.3,4595.2,6571.5,6524.6,3972.5,2808.8,3959.9,14482.5,3763.7,1930.2
,,,,,,,,383,2922.0,3680.0,12611.4,4509.2,6136.4,6133.2,3829.0,2701.9,3779.5,13772.9,3698.5,1812.1
,,,,,,,,384,2871.3,3608.9,12360.2,4389.1,5997.7,6075.8,3684.8,2689.2,3688.7,13313.6,3557.6,1801.0
,,,,,,,,385,2643.2,3385.0,11327.6,4037.1,5656.5,5628.6,3363.6,2433.7,3459.4,12368.9,3327.6,1663.7
,,,,,,,,386,2500.0,3181.0,10709.5,3758.0,5246.6,5317.7,3233.3,2343.3,3266.2,11843.6,3100.9,1575.6
,,,,,,,,387,2377.5,3024.8,10183.0,3609.0,5042.5,4979.0,3076.4,2167.9,3096.1,11143.2,2934.7,1487.0
,,,,,,,,388,2364.0,2939.4,10085.5,3484.3,4887.9,4862.5,2984.5,2192.0,2961.8,11054.6,2884.3,1455.2
,,,,,,,,389,2446.2,3072.7,10374.7,3701.9,5196.6,5194.9,3179.9,2251.4,3102.3,11302.8,3026.3,1505.5
,,,,,,,,390,2700.4,3341.0,11490.8,4032.3,5595.0,5680.4,3419.4,2500.2,3419.6,12652.2,3291.7,1670.4
,,,,,,,,391,3014.7,3720.6,12829.2,4487.3,6199.5,6213.7,3851.8,2756.4,3828.5,13986.5,3655.7,1834.2
,,,,,,,,392,3254.1,4013.1,13591.4,4834.7,6676.9,6782.2,4149.3,2970.3,4072.9,15013.3,3952.3,1998.7
,,,,,,,,393,3365.9,4171.1,14052.7,5065.6,7062.9,6982.5,4274.8,3069.7,4287.0,15264.0,4053.1,2033.5
,,,,,,,,394,3334.2,4117.9,13802.6,4970.1,6900.6,6865.9,4176.9,2995.1,4153.0,15097.8,4002.6,2049.6
,,,,,,,,395,3166.5,3880.0,13442.4,4712.9,6530.4,6605.5,4013.1,2903.1,3997.0,14625.2,3900.1,1955.0
,,,,,,,,396,2985.9,3795.6,12610.3,4538.5,6355.9,6353.8,3888.8,2782.0,3899.9,14179.8,3670.4,1854.3
,,,,,,,,397,2965.2,3648.7,12379.3,4417.3,6120.7,6048.1,3763.7,2709.9,3732.2,13482.4,3643.8,1826.9
,,,,,,,,398,2917.1,3656.0,12263.1,4397.9,6171.0,6139.0,3765.8,2646.3,3664.9,13473.6,3642.6,1815.3
,,,,,,,,399,2933.9,3754.4,12614.2,4491.2,6149.2,6192.0,3837.7,2759.8,3782.5,13817.6,3649.6,1817.5
,,,,,,,,400,3124.9,3861.7,13066.7,4634.3,6400.8,6563.4,3952.8,2840.6,3925.6,14397.3,3851.8,1915.1
,,,,,,,,401,3270.6,4126.1,14024.2,4837.3,6805.3,6852.1,4191.2,2999.9,4125.6,15334.3,3976.9,1982.5
,,,,,,,,402,3360.6,4243.4,14521.7,5045.8,7166.8,7070.7,4326.6,3146.3,4363.8,15853.7,4192.3,2129.7
,,,,,,,,403,3511.2,4347.7,14798.5,5126.6,7201.5,7261.7,4459.4,3196.9,4394.5,16104.3,4266.4,2103.3
,,,,,,,,404,3433.4,4249.1,14593.2,5135.7,7150.7,7050.4,4297.0,3119.0,4390.4,15609.7,4180.7,2102.7
,,,,,,,,405,3239.2,4094.9,13882.7,4858.7,6721.2,6843.8,4126.4,2954.1,4188.0,15206.8,4015.8,2021.3
,,,,,,,,406,3136.2,3883.0,13282.8,4674.4,6385.9,6413.8,4007.8,2855.4,3940.7,14583.4,3779.0,1894.3
,,,,,,,,407,2949.9,3680.8,12507.7,4480.3,6261.1,6202.6,3779.7,2714.4,3777.7,13647.6,3693.9,1845.8
,,,,,,,,408,2918.1,3654.4,12157.6,4307.8,6131.8,5995.7,3651.9,2628.0,3651.4,13562.6,3576.7,1788.4
,,,,,,,,409,2689.1,3387.0,11493.1,4026.9,5651.8,5673.9,3371.1,2486.2,3400.9,12404.1,3254.7,1637.5
,,,,,,,,410,2511.6,3210.1,10752.6,3803.6,5303.1,5262.8,3185.4,2355.0,3254.0,11766.7,3088.7,1577.2
,,,,,,,,411,2381.5,2966.7,10112.5,3573.2,4949.4,5013.1,3080.2,2189.9,3063.5,10981.5,2948.8,1483.9
,,,,,,,,412,2351.7,2977.2,10082.1,3483.6,4970.0,4968.6,2977.3,2144.6,2989.7,10852.5,2860.6,1450.9
,,,,,,,,413,2427.5,3045.1,10415.5,3734.1,5200.8,5068.6,3151.3,2247.0,3132.6,11564.0,3022.1,1493.3
,,,,,,,,414,2686.8,3401.8,11384.9,4071.0,5680.9,5607.0,3444.1,2446.7,3415.3,12396.5,3314.6,1668.3
,,,,,,,,415,3013.3,3770.0,12751.1,4435.6,6259.9,6271.9,3765.5,2709.4,3861.4,13714.9,3709.5,1847.2
,,,,,,,,416,3187.9,4041.9,13752.8,4821.3,6714.6,6726.4,4091.0,2977.8,4079.9,14915.1,3967.6,1970.5
,,,,,,,,417,3334.2,4135.8,14036.4,4919.2,6963.3,7055.0,4192.0,3092.9,4299.8,15282.2,4122.6,2042.6
,,,,,,,,418,3325.5,4061.8,14016.5,4967.5,6837.0,6976.6,4150.2,2981.9,4254.1,15144.7,4046.8,2035.0
,,,,,,,,419,3152.2,3925.3,13438.4,4773.4,6580.0,6496.1,4045.5,2852.1,4019.5,14713.0,3896.9,1915.5
,,,,,,,,420,3008.0,3763.7,12866.3,4565.9,6226.3,6298.4,3828.1,2806.3,3838.6,13980.4,3671.3,1858.9
,,,,,,,,421,2889.7,3644.7,12503.7,4424.4,6068.7,6107.8,3729.6,2689.1,3702.1,13455.0,3595.9,1780.4
,,,,,,,,422,2879.7,3690.6,12386.6,4430.1,6179.7,6030.3,3717.9,2644.4,3749.6,13692.4,3567.2,1819.7
,,,,,,,,423,2931.6,3679.3,12795.2,4391.9,6219.9,6293.0,3823.5,2755.9,3751.8,13929.0,3691.2,1810.1
,,,,,,,,424,3108.2,3811.6,13088.9,4601.2,6542.0,6451.0,4006.3,2858.4,3995.8,14489.0,3801.7,1914.1
,,,,,,,,425,3247.9,4095.5,13815.5,4873.4,6870.0,6775.8,4160.4,3035.2,4127.5,15289.4,4039.8,1980.3
,,,,,,,,426,3454.6,4317.4,14637.3,5063.9,7086.4,7074.4,4334.4,3159.1,4313.5,15618.0,4188.5,2117.8
,,,,,,,,427,3435.1,4322.3,14781.9,5158.3,7253.4,7319.3,4466.9,3148.6,4455.8,16059.0,4314.7,2138.8
,,,,,,,,428,3448.3,4291.1,14284.8,5058.0,7132.3,7098.5,4375.6,3100.5,4299.9,15852.3,4151.5,2073.2
,,,,,,,,429,3215.1,4079.7,14044.6,4907.9,6742.7,6784.0,4208.3,2979.4,4219.4,15049.3,4034.6,2010.9
,,,,,,,,430,3108.7,3914.0,13105.8,4619.2,6558.6,6520.4,3916.0,2802.9,3957.3,14203.2,3785.2,1909.3
,,,,,,,,431,2973.3,3735.6,12536.3,4461.2,6287.0,6230.1,3803.9,2696.1,3801.6,13911.9,3612.8,1817.5
,,,,,,,,432,2875.7,3631.6,12412.9,4380.4,6039.6,6030.1,3668.1,2694.3,3721.7,13496.3,3576.3,1770.3
,,,,,,,,433,2634.4,3295.8,11481.1,3992.5,5628.5,5603.2,3429.5,2448.9,3400.0,12352.6,3247.4,1658.8
,,,,,,,,434,2536.2,3120.1,10662.8,3822.2,5293.4,5267.6,3206.8,2333.2,3276.0,11760.0,3133.4,1550.0
,,,,,,,,435,2374.8,2975.8,10311.0,3562.1,4939.8,5017.8,3054.4,2168.4,3025.0,11078.3,2944.4,1486.9
,,,,,,,,436,2350.6,2925.3,10126.3,3521.0,4875.4,4846.2,2997.3,2168.2,3039.2,10863.8,2877.7,1439.9
,,,,,,,,437,2422.6,3114.7,10456.0,3645.9,5086.9,5105.0,3138.5,2264.4,3144.7,11505.9,2994.9,1513.0
,,,,,,,,438,2693.7,3409.2,11317.7,4050.9,5562.4,5652.5,3405.8,2468.0,3437.0,12640.9,3358.5,1656.0
,,,,,,,,439,2966.3,3771.4,12836.8,4505.9,6186.5,6277.8,3794.0,2716.5,3757.3,13939.7,3695.2,1820.9
,,,,,,,,440,3232.4,4004.7,13889.9,4839.8,6823.3,6797.4,4070.7,2960.1,4155.8,15088.8,3976.9,2002.5
,,,,,,,,441,3289.0,4198.5,14249.3,5001.1,6868.1,6903.9,4241.9,3059.6,4217.3,15297.9,4102.5,2027.0
,,,,,,,,442,3326.7,4082.8,14058.8,4883.8,6851.8,6871.8,4182.3,3048.9,4142.8,15179.1,4017.4,2043.9
,,,,,,,,443,3165.6,3967.3,13370.0,4699.5,6534.5,6668.0,4057.7,2875.0,4006.3,14536.8,3908.0,1929.7
,,,,,,,,444,2990.9,3816.5,12919.6,4531.6,6268.6,6369.3,3818.5,2785.0,3818.7,13849.1,3751.5,1869.3
,,,,,,,,445,2885.8,3643.5,12460.2,4335.5,6058.2,6091.5,3713.2,2725.3,3759.7,13441.1,3646.7,1789.0
,,,,,,,,446,2889.9,3615.2,12308.6,4384.5,6093.7,6176.9,3753.5,2697.4,3721.9,13665.0,3608.0,1805.1
,,,,,,,,447,2974.5,3680.7,12623.0,4507.9,6167.0,6273.8,3754.5,2765.8,3792.0,13710.6,3650.5,1820.4
,,,,,,,,448,3117.4,3883.6,13002.1,4593.3,6492.1,6450.1,4005.4,2807.1,3898.8,14547.7,3770.2,1913.0
,,,,,,,,449,3232.8,4044.9,13802.8,4852.1,6889.0,6834.0,4109.9,2950.9,4192.2,15143.5,4027.3,2027.7
,,,,,,,,450,3368.6,4219.1,14353.6,5038.3,7120.2,7113.5,4315.9,3115.5,4377.9,15628.7,4242.0,2115.4
,,,,,,,,451,3420.7,4297.4,14817.8,5210.5,7226.8,7340.5,4411.5,3172.1,4360.1,16313.3,4329.0,2114.6
,,,,,,,,452,3399.1,4212.3,14434.2,5135.8,7028.6,7101.4,4316.6,3130.7,4395.5,15756.0,4218.8,2119.4
,,,,,,,,453,3221.9,4058.1,13779.2,4813.5,6894.6,6812.3,4107.1,3014.3,4171.2,15195.5,3963.8,2013.7
,,,,,,,,454,3121.7,3835.8,12948.0,4694.8,6401.0,6547.1,3907.1,2819.8,3930.9,14336.1,3780.6,1923.9
,,,,,,,,455,3001.3,3717.8,12636.5,4483.1,6246.0,6251.0,3788.8,2687.0,3771.8,13774.6,3690.8,1841.7
,,,,,,,,456,2883.3,3648.5,12239.2,4288.7,6139.3,6026.2,3636.5,2668.9,3636.0,13555.4,3548.1,1804.5
,,,,,,,,457,2491.2,3120.9,10775.6,3751.2,5301.8,5326.8,3169.4,2274.5,3191.0,11758.4,3096.9,1566.5
,,,,,,,,458,2392.2,2975.3,10203.9,3572.9,5014.5,5040.5,3057.5,2167.5,3071.9,11132.4,2956.2,1472.8
,,,,,,,,459,2225.4,2797.9,9671.6,3339.5,4768.5,4730.0,2883.0,2081.8,2837.9,10526.5,2734.9,1397.4
,,,,,,,,460,2210.9,2760.1,9465.9,3295.7,4627.9,4583.3,2820.2,2047.0,2789.6,10233.6,2755.3,1359.6
,,,,,,,,461,2331.5,2845.6,9678.8,3506.8,4837.7,4865.9,2965.2,2092.9,2974.2,10862.0,2813.7,1427.3
,,,,,,,,462,2555.0,3175.7,10619.4,3814.8,5237.8,5300.0,3217.6,2328.2,3200.5,11608.3,3165.4,1549.9
,,,,,,,,463,2816.0,3532.3,11845.6,4178.9,5802.5,5955.5,3547.5,2559.5,3588.1,13214.3,3460.8,1721.6
,,,,,,,,464,2994.9,3759.8,12903.0,4592.4,6249.0,6349.4,3807.7,2772.9,3882.7,13916.4,3779.3,1856.1
,,,,,,,,465,3162.7,3923.6,13425.6,4760.2,6630.9,6540.0,3968.0,2868.6,3966.3,14695.8,3899.3,1935.4
,,,,,,,,466,3110.7,3904.7,12976.3,4659.8,6468.9,6475.1,3988.5,2795.2,3971.7,14392.5,3843.3,1914.1
,,,,,,,,467,2947.6,3659.7,12758.1,4439.6,6234.0,6223.9,3775.0,2748.7,3720.8,13907.5,3624.2,1807.0
,,,,,,,,468,2848.4,3539.7,12114.9,4211.9,5886.5,5930.8,3577.5,2594.9,3651.1,13123.0,3459.1,1754.9
,,,,,,,,469,2783.0,3472.0,11841.8,4108.2,5796.7,5800.1,3490.3,2506.7,3466.4,12710.2,3423.1,1702.5
,,,,,,,,470,2708.4,3392.4,11592.3,4114.3,5745.1,5696.7,3532.3,2508.8,3545.6,12822.2,3347.5,1707.0
,,,,,,,,471,2817.7,3512.1,11850.3,4183.3,5859.0,5770.9,3572.1,2531.4,3534.3,12919.7,3437.3,1722.1
,,,,,,,,472,2938.4,3601.2,12234.8,4296.0,6128.8,6018.1,3659.6,2686.4,3689.1,13443.0,3579.5,1791.1
,,,,,,,,473,3096.4,3831.7,12819.8,4641.0,6413.7,6481.1,3907.9,2799.2,3951.4,14388.5,3793.1,1879.6
,,,,,,,,474,3219.7,4052.2,13718.8,4774.5,6788.7,6658.3,4136.9,2914.6,4069.0,14948.2,3981.0,1942.1
,,,,,,,,475,3269.6,4020.0,13852.3,4926.0,6820.8,6864.6,4100.3,3012.1,4121.2,15270.1,4030.3,2014.6
,,,,,,,,476,3165.8,3998.9,13489.0,4773.8,6689.9,6700.5,4059.7,2956.3,4022.8,14929.5,3966.4,1996.8
,,,,,,,,477,3046.9,3871.5,13136.4,4578.7,6347.7,6319.7,3891.5,2794.7,3965.7,14037.1,3726.9,1892.6
,,,,,,,,478,2873.4,3585.4,12446.8,4306.0,6128.1,6145.5,3679.9,2642.8,3749.6,13438.2,3586.7,1765.3
,,,,,,,,479,2810.3,3479.0,11998.6,4174.7,5753.5,5876.0,3539.8,2548.4,3540.3,12866.7,3392.5,1735.2
,,,,,,,,480,2717.3,3421.3,11426.4,4050.3,5705.8,5616.1,3425.4,2529.0,3455.7,12465.7,3318.6,1678.0
,,,,,,,,481,2480.9,3171.4,10574.6,3750.4,5193.4,5235.9,3203.0,2287.6,3218.9,11578.1,3099.5,1533.0
,,,,,,,,482,2348.9,2946.0,10132.6,3596.9,5042.0,4975.2,3062.0,2197.0,3067.0,10889.2,2890.4,1463.6
,,,,,,,,483,2265.7,2783.1,9567.4,3373.5,4679.7,4765.4,2900.1,2039.6,2862.8,10597.6,2737.7,1380.1
,,,,,,,,484,2212.6,2755.3,9421.5,3341.3,4598.1,4559.2,2852.4,2036.0,2851.3,10136.4,2691.7,1349.8
,,,,,,,,485,2298.6,2903.9,9742.0,3510.5,4863.9,4810.8,2961.3,2118.6,2921.4,10673.6,2874.5,1410.3
,,,,,,,,486,2537.5,3207.1,10912.8,3820.6,5374.2,5364.2,3190.6,2301.7,3195.1,11657.9,3107.9,1559.4
,,,,,,,,487,2766.5,3531.7,11844.2,4224.8,5902.6,5874.8,3627.9,2545.4,3533.8,13093.1,3493.3,1747.6
,,,,,,,,488,2997.9,3748.6,12814.8,4511.6,6274.7,6383.7,3909.3,2793.8,3813.1,13883.4,3736.6,1873.6
,,,,,,,,489,3149.6,3881.8,13279.2,4656.6,6548.3,6474.9,4027.7,2839.4,3950.7,14467.7,3896.5,1950.9
,,,,,,,,490,3073.9,3857.8,13026.0,4599.4,6362.1,6443.7,3944.4,2819.5,3987.6,14280.1,3791.6,1905.8
,,,,,,,,491,2921.8,3649.3,12720.4,4416.3,6235.0,6240.5,3778.7,2695.6,3727.2,13656.9,3686.9,1838.6
,,,,,,,,492,2798.7,3540.6,11835.3,4283.7,5925.1,5888.7,3646.5,2575.9,3564.2,12999.8,3496.0,1747.6
,,,,,,,,493,2727.4,3394.2,11518.0,4178.8,5687.5,5827.7,3559.3,2499.7,3485.7,12812.5,3426.7,1681.3
,,,,,,,,494,2765.6,3376.9,11692.8,4144.2,5650.3,5742.3,3488.1,2521.9,3487.3,12557.0,3348.1,1700.8
,,,,,,,,495,2788.4,3472.6,11751.6,4211.8,5840.4,5795.6,3522.4,2541.6,3508.8,13089.2,3482.1,1714.0
,,,,,,,,496,2932.8,3686.0,12530.7,4355.1,6165.0,6049.9,3736.0,2670.1,3672.3,13681.0,3573.3,1804.2
,,,,,,,,497,3057.9,3813.4,12961.9,4606.1,6463.4,6471.2,3919.0,2803.8,3849.9,14157.0,3828.8,1893.5
,,,,,,,,498,3164.3,4009.7,13395.7,4799.1,6633.7,6635.5,4063.1,2919.6,4095.8,14799.2,3905.7,1981.8
,,,,,,,,499,3288.3,4075.0,13881.7,4817.8,6817.4,6849.9,4133.3,2978.9,4130.3,15300.6,4064.8,1993.8
,,,,,,,,500,3240.7,3981.0,13662.2,4777.9,6753.5,6672.5,4021.1,2943.4,4042.3,14712.7,3942.8,1990.2
,,,,,,,,501,3056.4,3809.1,13078.6,4577.5,6390.1,6449.0,3934.8,2781.7,3949.7,14247.9,3748.8,1864.8
,,,,,,,,502,2888.3,3580.8,12374.8,4306.6,6120.8,6087.6,3742.0,2684.3,3659.7,13622.7,3586.6,1790.0
,,,,,,,,503,2771.3,3519.9,11682.8,4181.4,5803.1,5869.4,3565.1,2567.4,3580.0,13112.4,3440.9,1742.1
,,,,,,,,504,2695.7,3405.0,11572.2,4039.6,5691.1,5698.4,3451.6,2513.2,3431.5,12694.8,3394.6,1665.3
,,,,,,,,505,2637.6,3360.9,11501.9,4012.8,5654.7,5541.7,3453.1,2425.7,3438.0,12401.7,3316.6,1658.8
,,,,,,,,506,2557.3,3138.8,10749.3,3769.5,5347.7,5260.5,3222.4,2333.8,3194.9,11714.3,3076.4,1548.6
,,,,,,,,507,2359.5,2982.8,10108.5,3556.0,4985.4,4971.4,3024.1,2183.9,3017.9,11028.8,2947.0,1484.4
,,,,,,,,508,2348.8,2927.2,10065.7,3546.9,4845.2,4846.8,2990.2,2141.4,2964.1,10980.2,2922.0,1426.0
,,,,,,,,509,2436.9,3080.7,10287.2,3734.8,5199.2,5208.2,3087.8,2269.2,3130.1,11518.4,2990.3,1509.5
,,,,,,,,510,2730.4,3401.6,11586.3,4041.5,5683.1,5700.5,3460.8,2497.1,3470.7,12661.7,3355.0,1644.5
,,,,,,,,511,2977.3,3676.1,12519.4,4530.3,6221.4,6147.9,3838.9,2751.2,3851.9,13670.9,3713.3,1855.5
,,,,,,,,512,3178.1,3983.5,13828.9,4878.2,6763.7,6804.5,4153.8,2972.9,4149.1,14893.5,3955.0,2005.1
,,,,,,,,513,3336.1,4162.8,14259.5,4927.4,6930.3,6920.2,4242.9,3015.8,4235.3,15226.2,4133.9,2070.1
,,,,,,,,514,3253.5,4089.2,13866.7,4852.6,6774.9,6933.8,4184.4,3018.5,4184.2,15099.8,4087.3,2018.9
,,,,,,,,515,3143.5,3947.5,13297.0,4715.0,6555.0,6613.5,4008.3,2875.4,4009.4,14787.2,3857.9,1938.4
,,,,,,,,516,3028.0,3813.4,12638.1,4442.2,6312.8,6366.6,3821.4,2799.4,3791.5,14135.8,3739.6,1859.2
,,,,,,,,517,2915.5,3620.3,12567.4,4325.6,6149.6,6195.7,3739.6,2681.7,3737.6,13570.5,3597.9,1818.4
,,,,,,,,518,2901.3,3605.3,12422.3,4352.2,6002.6,6073.6,3687.9,2659.7,3747.5,13636.3,3571.6,1818.8
,,,,,,,,519,2997.9,3709.9,12525.8,4482.9,6235.7,6294.4,3746.1,2744.5,3777.3,13748.8,3691.8,1813.3
,,,,,,,,520,3116.4,3886.4,13130.7,4644.2,6373.8,6531.0,3947.1,2826.6,3970.3,14556.9,3771.1,1931.7
,,,,,,,,521,3205.1,4044.6,13832.4,4903.0,6901.6,6773.7,4152.3,2979.8,4142.3,15279.5,4063.2,2020.0
,,,,,,,,522,3364.0,4278.4,14505.6,5061.8,7149.3,7051.0,4342.1,3151.9,4397.2,15848.8,4213.0,2121.1
,,,,,,,,523,3409.7,4309.7,14540.5,5131.2,7254.1,7258.4,4356.6,3225.9,4415.6,16065.3,4268.7,2155.1
,,,,,,,,524,3387.6,4209.3,14424.5,5046.8,7090.7,7091.9,4337.4,3113.0,4389.1,15623.3,4227.0,2083.9
,,,,,,,,525,3230.0,4052.6,14010.0,4836.2,6768.5,6764.7,4153.0,3015.1,4129.4,15135.7,4038.0,2030.1
,,,,,,,,526,3131.3,3900.6,13295.2,4596.4,6508.4,6435.8,3955.6,2853.5,3887.8,14321.2,3798.0,1925.2
,,,,,,,,527,3000.1,3752.4,12482.1,4418.6,6244.1,6122.1,3816.1,2745.4,3737.7,13567.3,3646.4,1837.7
,,,,,,,,528,2893.3,3606.5,12269.9,4282.3,6048.5,6047.2,3690.5,2666.4,3669.9,13466.0,3600.7,1778.2
,,,,,,,,529,2676.9,3370.6,11310.1,4046.7,5541.4,5552.1,3419.7,2428.9,3438.5,12356.8,3244.1,1650.3
,,,,,,,,530,2546.9,3182.1,10637.9,3812.0,5262.7,5321.0,3239.6,2347.0,3212.8,11628.6,3157.2,1541.3
,,,,,,,,531,2359.1,3023.8,10226.8,3618.6,4960.3,4938.0,3090.6,2182.5,3053.3,11107.0,2941.3,1487.7
,,,,,,,,532,2319.7,2957.6,10029.4,3571.2,4962.4,4920.6,3005.1,2178.2,2959.2,10755.3,2919.6,1429.6
,,,,,,,,533,2446.5,3037.1,10385.8,3732.2,5092.2,5099.7,3177.0,2274.4,3140.6,11235.6,3013.0,1511.4
,,,,,,,,534,2726.3,3334.5,11452.6,4010.9,5688.1,5693.8,3407.4,2451.4,3428.3,12335.0,3341.6,1682.0
,,,,,,,,535,3015.3,3712.4,12606.6,4501.2,6148.0,6249.2,3834.9,2777.1,3798.6,13790.2,3625.6,1828.6
,,,,,,,,536,3211.1,4039.9,13532.3,4836.2,6753.4,6790.0,4092.4,2970.9,4091.1,14949.6,3978.4,1967.5
,,,,,,,,537,3366.4,4157.1,14193.6,4996.0,6863.2,6855.8,4231.9,3019.0,4253.1,15660.6,4112.6,2042.3
,,,,,,,,538,3324.6,4051.3,13750.0,4969.2,6957.7,6936.8,4205.1,3006.4,4236.3,15114.5,3984.1,2017.4
,,,,,,,,539,3189.4,3932.2,13390.7,4673.8,6622.8,6621.2,4057.3,2923.8,3974.0,14694.6,3831.9,1940.6
,,,,,,,,540,3048.8,3740.1,12943.2,4559.7,6233.3,6323.7,3865.3,2758.1,3863.9,14107.5,3689.5,1857.6
,,,,,,,,541,2927.5,3673.5,12280.8,4436.3,6020.7,6030.6,3677.3,2703.5,3779.4,13363.0,3629.1,1790.9
,,,,,,,,542,2881.1,3631.1,12496.8,4420.7,6050.4,6081.8,3668.9,2703.1,3742.1,13566.4,3584.7,1772.3
,,,,,,,,543,2986.7,3744.9,12638.0,4428.9,6168.9,6257.4,3767.4,2696.9,3788.0,13635.6,3710.9,1829.5
,,,,,,,,544,3078.4,3897.4,13155.5,4655.1,6520.8,6387.6,3966.9,2812.7,3886.9,14236.4,3798.0,1932.9
,,,,,,,,545,3203.5,4077.4,13880.6,4863.9,6848.1,6725.6,4094.6,2946.4,4142.9,15107.0,3954.6,2012.0
,,,,,,,,546,3396.2,4238.5,14391.7,5063.2,7216.6,7107.4,4320.9,3133.3,4339.8,15920.9,4235.6,2075.1
,,,,,,,,547,3421.2,4291.0,14531.9,5183.7,7178.9,7234.3,4460.1,3187.0,4415.3,15844.4,4289.3,2125.5
,,,,,,,,548,3399.7,4282.6,14426.4,5050.4,7152.5,7157.4,4376.1,3079.8,4287.4,15599.8,4184.3,2110.1
,,,,,,,,549,3221.4,4045.1,13944.3,4839.6,6753.9,6767.0,4152.4,2945.0,4127.8,15253.3,3950.6,2035.1
,,,,,,,,550,3095.5,3853.6,13162.6,4653.2,6394.3,6456.5,3902.4,2819.1,3951.3,14544.3,3762.2,1897.7
,,,,,,,,551,2981.3,3696.4,12501.2,4464.3,6213.4,6277.9,3723.0,2695.8,3735.4,13671.4,3626.3,1826.3
,,,,,,,,552,2882.9,3650.1,12226.2,4390.9,6088.3,5977.6,3691.8,2634.5,3689.3,13446.4,3583.2,1791.9
,,,,,,,,553,2627.1,3379.9,11306.3,4023.2,5612.6,5642.4,3366.9,2439.1,3354.1,12561.2,3327.9,1624.1
,,,,,,,,554,2551.3,3175.3,10692.4,3819.5,5319.2,5250.5,3207.9,2332.1,3264.5,11806.8,3153.6,1561.1
,,,,,,,,555,2407.3,3019.7,10137.0,3584.7,5039.3,5044.1,3034.7,2174.7,3083.3,11096.9,2949.2,1480.8
,,,,,,,,556,2368.8,2913.9,10106.6,3561.9,4869.6,4839.4,3005.6,2164.8,2968.8,10947.2,2914.6,1466.3
,,,,,,,,557,2416.8,3108.3,10494.5,3628.5,5193.9,5185.0,3109.2,2219.9,3086.2,11500.5,3001.7,1492.2
,,,,,,,,558,2672.2,3370.3,11337.0,4080.9,5704.2,5663.5,3410.5,2495.8,3467.6,12420.0,3358.1,1668.0
,,,,,,,,559,2961.4,3720.7,12552.3,4399.3,6225.6,6266.1,3809.2,2734.5,3755.4,13873.4,3652.3,1858.5
,,,,,,,,560,3189.4,4045.5,13533.5,4860.3,6629.3,6765.7,4120.3,2975.9,4115.5,14708.9,4019.6,1953.0
,,,,,,,,561,3327.6,4124.3,14076.7,4907.9,7031.6,6988.2,4260.5,3024.0,4261.3,15578.1,4035.0,2054.1
,,,,,,,,562,3230.0,4037.0,14023.8,4897.5,6868.5,6802.2,4198.6,3036.0,4241.7,15241.5,4086.0,2001.1
,,,,,,,,563,3115.1,3960.4,13415.5,4667.9,6548.2,6487.1,4038.5,2924.2,4040.7,14476.9,3824.1,1958.4
,,,,,,,,564,2969.5,3751.5,12594.6,4458.3,6320.2,6326.5,3842.8,2799.9,3843.4,14081.4,3724.7,1850.0
,,,,,,,,565,2912.5,3659.4,12520.8,4378.8,6023.6,6039.7,3744.5,2678.1,3670.8,13715.4,3616.2,1811.7
,,,,,,,,566,2913.1,3620.3,12490.0,4405.8,6036.2,6087.5,3744.1,2663.1,3708.2,13433.5,3625.9,1797.1
,,,,,,,,567,2942.0,3727.9,12752.9,4428.8,6205.5,6154.4,3827.1,2705.8,3780.4,13690.8,3678.1,1807.1
,,,,,,,,568,3055.5,3880.9,13144.2,4660.6,6438.3,6499.2,3968.3,2819.7,3954.1,14273.6,3806.9,1893.6
,,,,,,,,569,3210.7,4004.2,13911.5,4915.4,6834.9,6755.5,4142.0,3023.9,4154.4,15314.0,4028.9,2004.2
,,,,,,,,570,3407.6,4297.7,14289.8,5149.5,7147.7,7206.3,4297.3,3119.5,4340.3,15872.0,4236.5,2118.9
,,,,,,,,571,3448.2,4259.3,14719.6,5232.3,7215.4,7133.6,4466.1,3133.0,4368.2,15947.0,4312.7,2148.3
,,,,,,,,572,3370.3,4272.9,14538.3,5062.9,7027.1,7161.1,4370.8,3114.3,4389.1,15713.1,4171.9,2088.1
,,,,,,,,573,3216.4,4058.9,14001.3,4832.5,6817.2,6757.8,4130.8,2963.1,4173.3,15157.1,3983.1,2020.0
,,,,,,,,574,3060.4,3890.9,13052.1,4659.0,6482.5,6468.1,3916.0,2817.0,3919.7,14461.1,3798.1,1884.7
,,,,,,,,575,2991.6,3722.8,12432.2,4428.3,6120.6,6234.0,3795.5,2707.9,3773.3,13907.1,3647.5,1796.9
,,,,,,,,576,2922.7,3590.7,12122.8,4383.1,6094.9,6074.4,3635.5,2647.7,3628.2,13566.2,3603.0,1759.0
,,,,,,,,577,2685.6,3319.2,11266.3,3938.5,5517.1,5509.8,3442.0,2442.8,3419.7,12319.0,3313.7,1637.9
,,,,,,,,578,2528.6,3173.4,10744.0,3740.4,5256.3,5246.3,3209.2,2326.6,3262.9,11879.1,3113.2,1553.8
,,,,,,,,579,2415.2,2967.9,10007.0,3619.2,5042.2,5013.1,2999.5,2206.5,3055.6,10994.2,2980.3,1483.3
,,,,,,,,580,2311.5,2948.3,9922.6,3471.3,4925.5,4963.0,2989.5,2135.7,2966.2,10865.1,2917.2,1460.9
,,,,,,,,581,2444.1,3030.7,10262.7,3700.9,5192.8,5172.9,3088.6,2264.7,3133.0,11315.1,3063.4,1508.7
,,,,,,,,582,2651.0,3369.0,11580.1,4059.5,5625.1,5614.3,3442.0,2453.9,3402.2,12295.8,3324.2,1654.6
,,,,,,,,583,2947.7,3748.7,12728.0,4448.7,6200.2,6230.4,3815.5,2703.9,3837.3,13649.0,3687.1,1848.5
,,,,,,,,584,3251.2,4034.9,13482.4,4836.2,6788.9,6760.0,4085.4,2983.2,4115.7,14881.0,3967.8,1965.4
,,,,,,,,585,3284.8,4110.9,14247.9,5010.0,6944.1,6920.3,4253.9,3061.6,4198.7,15633.6,4048.4,2063.2
,,,,,,,,586,3239.5,4125.0,13874.8,4892.4,6946.2,6821.6,4178.2,3006.4,4226.0,15291.9,4015.9,2024.0
,,,,,,,,587,3096.6,3886.1,13343.1,4691.8,6534.4,6480.1,4030.6,2860.7,3989.0,14510.2,3909.5,1963.8
,,,,,,,,588,3042.9,3718.7,12622.4,4471.5,6343.8,6287.6,3795.2,2743.5,3792.9,14082.2,3727.3,1838.0
,,,,,,,,589,2950.4,3643.4,12250.3,4333.5,6110.3,6058.2,3737.4,2645.8,3693.1,13634.2,3642.9,1825.1
,,,,,,,,590,2912.1,3621.6,12466.2,4358.7,6141.9,6013.5,3684.0,2686.4,3734.2,13366.7,3597.9,1812.8
,,,,,,,,591,3005.3,3755.9,12498.1,4473.9,6144.2,6198.1,3804.0,2735.1,3764.6,13803.7,3610.4,1853.8
,,,,,,,,592,3092.7,3868.8,13032.9,4569.7,6406.0,6492.8,3981.9,2869.4,3950.0,14402.7,3862.1,1918.8
,,,,,,,,593,3224.6,4036.7,13608.5,4859.4,6860.3,6757.5,4172.8,2985.9,4166.1,14976.7,3968.8,1979.6
,,,,,,,,594,3444.1,4214.4,14339.7,5019.0,7010.6,7164.2,4282.3,3081.2,4337.9,15580.4,4210.8,2068.1
,,,,,,,,595,3462.5,4374.3,14625.7,5188.1,7326.9,7174.1,4432.5,3179.9,4464.2,16159.7,4240.1,2137.4
,,,,,,,,596,3365.7,4215.1,14342.3,5064.2,7060.5,7042.5,4385.0,3124.4,4379.4,15633.7,4148.0,2078.8
,,,,,,,,597,3210.2,4053.2,13659.6,4930.6,6893.6,6741.7,4175.7,3020.3,4160.1,15074.3,4048.9,1984.9
,,,,,,,,598,3060.0,3814.6,12930.6,4577.5,6359.5,6392.5,3962.9,2808.6,3915.0,14401.0,3750.7,1889.3
,,,,,,,,599,2923.5,3698.5,12621.3,4482.4,6192.7,6236.5,3812.9,2752.3,3778.8,13855.5,3628.3,1814.1
,,,,,,,,600,2854.0,3627.0,12063.8,4375.4,5994.6,6032.4,3663.5,2674.6,3721.7,13235.9,3546.8,1758.6
,,,,,,,,601,2665.5,3291.5,11172.8,3941.4,5575.0,5598.8,3441.6,2411.3,3351.1,12545.0,3305.6,1621.7
,,,,,,,,602,2557.7,3158.3,10609.8,3830.0,5297.7,5342.3,3230.0,2290.7,3224.9,11732.9,3105.3,1573.3
,,,,,,,,603,2381.0,2967.6,10144.1,3557.2,5003.9,4989.9,3045.9,2202.6,3067.8,11158.0,2955.3,1485.5
,,,,,,,,604,2360.0,2908.2,9959.2,3518.7,4969.1,4910.8,3002.1,2120.7,2999.2,10736.2,2923.0,1455.2
,,,,,,,,605,2413.0,3099.0,10467.4,3719.8,5154.6,5146.5,3145.2,2237.2,3112.7,11349.5,2996.7,1517.0
,,,,,,,,606,2668.0,3326.3,11454.9,4084.7,5625.2,5677.2,3385.4,2455.0,3451.6,12398.0,3362.1,1654.1
,,,,,,,,607,2998.8,3737.5,12806.2,4442.4,6166.2,6238.3,3738.5,2768.1,3818.0,13985.1,3617.4,1839.5
,,,,,,,,608,3250.3,3998.0,13664.8,4788.0,6789.1,6689.9,4055.0,2905.8,4037.8,14765.8,3964.3,1975.1
,,,,,,,,609,3302.0,4097.7,14003.8,4992.0,6905.2,6974.4,4283.3,3078.9,4246.0,15342.7,4128.8,2019.4
,,,,,,,,610,3246.2,4108.7,13954.1,4926.3,6834.1,6778.1,4215.8,2970.0,4144.1,15278.3,4038.8,2012.0
,,,,,,,,611,3135.6,3942.3,13242.1,4687.9,6502.0,6541.8,3950.7,2841.7,3999.4,14684.7,3881.4,1914.9
,,,,,,,,612,2961.0,3706.5,12619.1,4519.9,6182.7,6291.6,3791.0,2776.7,3816.2,13858.3,3685.2,1840.4
,,,,,,,,613,2905.0,3671.7,12321.3,4375.7,6140.8,6077.3,3700.5,2682.1,3671.2,13505.6,3600.2,1804.3
,,,,,,,,614,2915.0,3661.6,12270.0,4292.5,6021.7,6123.6,3720.1,2689.3,3663.6,13404.8,3562.4,1772.8
,,,,,,,,615,2939.7,3708.9,12690.7,4474.4,6125.6,6102.0,3822.5,2755.7,3764.0,13560.6,3608.0,1820.5
,,,,,,,,616,3051.5,3861.5,13288.5,4650.0,6518.7,6514.7,3918.4,2823.6,3976.4,14500.2,3805.7,1910.1
,,,,,,,,617,3256.5,4084.3,13822.4,4811.9,6708.0,6796.0,4112.6,2943.0,4081.7,15234.7,4060.9,2008.8
,,,,,,,,618,3373.7,4207.9,14409.4,5098.1,7033.9,7064.6,4320.5,3145.5,4345.7,15708.5,4181.2,2118.9
,,,,,,,,619,3485.1,4343.9,14513.5,5237.9,7284.9,7207.7,4350.6,3140.1,4391.2,16043.2,4275.7,2149.1
,,,,,,,,620,3436.7,4278.9,14293.8,5112.4,6997.5,7050.1,4262.1,3146.1,4371.0,15514.4,4150.0,2101.0
,,,,,,,,621,3213.3,4079.0,13986.0,4799.2,6749.0,6798.4,4194.9,2986.1,4192.7,15029.9,3963.3,2014.6
,,,,,,,,622,3081.0,3837.2,13101.4,4569.7,6476.3,6356.5,3989.6,2839.7,3949.9,14510.9,3777.6,1925.9
,,,,,,,,623,2987.6,3682.4,12502.6,4393.7,6223.5,6109.1,3797.9,2704.4,3775.2,13900.4,3631.6,1840.8
,,,,,,,,624,2909.2,3554.6,12109.0,4380.3,5942.1,6105.9,3670.0,2674.3,3666.2,13249.0,3604.9,1791.5
,,,,,,,,625,2515.6,3138.9,10740.3,3774.5,5213.4,5182.8,3151.5,2296.4,3154.4,11646.1,3097.0,1561.4
,,,,,,,,626,2336.4,2999.5,10000.9,3524.3,5000.7,4961.3,3021.6,2173.6,3020.0,10854.7,2931.3,1466.5
,,,,,,,,627,2226.7,2805.9,9582.5,3367.9,4754.0,4665.8,2889.9,2061.7,2841.9,10512.5,2764.6,1400.0
,,,,,,,,628,2209.7,2776.5,9233.6,3287.8,4656.3,4565.0,2768.3,2019.7,2805.4,10152.7,2679.0,1370.7
,,,,,,,,629,2310.7,2902.3,9730.0,3403.4,4848.6,4880.6,2937.5,2119.2,2963.0,10732.8,2830.6,1429.1
,,,,,,,,630,2496.1,3162.1,10576.4,3790.1,5228.8,5347.6,3263.0,2288.1,3172.1,11793.0,3133.9,1543.5
,,,,,,,,631,2754.8,3450.3,11830.9,4150.7,5876.3,5817.2,3508.4,2576.0,3517.2,13098.6,3489.4,1706.6
,,,,,,,,632,3002.9,3806.5,12958.3,4550.4,6267.0,6274.9,3833.0,2795.2,3847.3,14145.9,3753.6,1855.0
,,,,,,,,633,3069.6,3920.2,13383.2,4691.2,6489.5,6560.5,4025.4,2843.0,4004.5,14668.0,3807.1,1914.2
,,,,,,,,634,3108.6,3858.8,13252.3,4610.1,6389.0,6430.9,3951.3,2811.5,3884.3,14423.6,3743.0,1880.0
,,,,,,,,635,2974.4,3666.0,12375.7,4478.9,6191.2,6227.0,3732.3,2736.4,3780.9,13611.5,3617.8,1816.8
,,,,,,,,636,2840.2,3527.0,11912.5,4213.1,5942.7,5837.0,3582.0,2584.5,3614.8,13238.1,3436.7,1757.3
,,,,,,,,637,2762.7,3395.5,11658.3,4162.4,5785.1,5706.5,3477.8,2549.4,3442.8,12542.5,3358.2,1706.5
,,,,,,,,638,2732.1,3411.9,11499.1,4039.2,5682.1,5771.8,3479.8,2519.4,3426.8,12664.6,3380.2,1656.7
,,,,,,,,639,2795.8,3474.4,11743.4,4116.7,5806.4,5730.6,3557.2,2521.9,3589.6,13032.4,3455.6,1719.4
,,,,,,,,640,2883.6,3637.5,12281.4,4386.4,6024.9,6095.6,3645.6,2694.9,3664.2,13500.3,3543.3,1782.0
,,,,,,,,641,3091.4,3848.7,12951.3,4631.8,6429.3,6462.2,3838.4,2830.7,3862.5,14255.3,3816.4,1898.3
,,,,,,,,642,3155.3,4012.1,13632.7,4841.7,6590.0,6662.6,4085.1,2964.6,4098.3,14831.1,3981.1,1964.2
,,,,,,,,643,3209.6,4104.8,13795.9,4842.3,6826.5,6816.8,4177.5,2987.1,4078.2,15237.1,4010.2,1982.5
,,,,,,,,644,3150.2,3980.5,13721.8,4781.0,6724.0,6737.9,4038.9,2949.0,4074.2,14702.8,3913.7,1948.0
,,,,,,,,645,3092.8,3772.6,12842.3,4576.3,6467.7,6365.9,3910.5,2786.5,3854.8,14088.4,3754.9,1901.8
,,,,,,,,646,2877.5,3601.8,12175.0,4401.7,5985.3,6001.8,3738.7,2630.1,3700.3,13294.4,3571.6,1811.5
,,,,,,,,647,2742.2,3509.8,11768.9,4182.1,5772.5,5818.3,3547.6,2526.0,3570.4,12945.5,3434.9,1716.1
,,,,,,,,648,2677.3,3382.6,11368.0,4107.7,5638.1,5640.5,3454.8,2459.5,3411.7,12550.6,3296.1,1658.2
,,,,,,,,649,2497.3,3134.6,10632.5,3782.2,5257.1,5211.0,3217.2,2277.0,3211.5,11575.4,3089.4,1549.5
,,,,,,,,650,2331.1,2979.0,9936.6,3546.0,4898.1,4933.6,2993.0,2183.5,3059.2,10956.6,2959.4,1449.8
,,,,,,,,651,2210.7,2785.3,9385.0,3326.7,4709.1,4639.8,2849.9,2031.0,2815.6,10339.2,2770.9,1368.2
,,,,,,,,652,2176.7,2741.6,9284.6,3250.8,4630.5,4566.7,2841.5,1989.0,2843.6,10344.8,2748.9,1349.0
,,,,,,,,653,2267.9,2909.9,9684.3,3493.5,4761.8,4846.5,2953.8,2107.1,2969.9,10694.9,2856.9,1403.7
,,,,,,,,654,2499.4,3138.2,10725.4,3754.2,5271.1,5262.3,3216.2,2323.1,3195.1,11680.3,3064.7,1551.8
,,,,,,,,655,2827.8,3516.3,11669.6,4133.3,5896.5,5850.4,3530.9,2531.0,3528.3,13078.1,3419.7,1716.1
,,,,,,,,656,2980.2,3783.6,12648.4,4473.0,6215.7,6374.1,3873.1,2730.5,3868.0,14002.0,3769.2,1830.8
,,,,,,,,657,3088.7,3926.3,13272.7,4595.5,6534.2,6571.6,4023.6,2874.9,3939.8,14230.2,3845.1,1936.8
,,,,,,,,658,3033.9,3823.4,13118.0,4670.2,6332.5,6355.6,3861.3,2787.5,3899.8,14197.9,3750.4,1914.2
,,,,,,,,659,2958.6,3721.8,12333.4,4474.2,6190.5,6173.7,3756.3,2677.6,3797.8,13646.3,3623.0,1833.8
,,,,,,,,660,2832.0,3528.4,12038.1,4180.1,5931.4,5945.4,3627.4,2562.8,3600.0,12924.4,3455.9,1723.4
,,,,,,,,661,2723.1,3449.8,11751.7,4111.9,5798.2,5697.8,3529.5,2504.2,3465.7,12714.0,3383.6,1704.8
,,,,,,,,662,2742.5,3424.0,11502.1,4065.0,5733.4,5657.5,3511.4,2507.1,3438.7,12783.8,3399.6,1705.4
,,,,,,,,663,2803.6,3510.0,11845.6,4156.4,5831.6,5855.4,3534.6,2512.6,3535.3,12811.5,3457.6,1731.6
,,,,,,,,664,2887.3,3586.8,12323.5,4365.8,6128.5,5962.7,3635.8,2682.4,3688.1,13547.4,3622.7,1801.8
,,,,,,,,665,3029.8,3808.7,12853.8,4568.0,6439.9,6321.2,3892.3,2790.6,3921.4,14258.7,3719.3,1870.7
,,,,,,,,666,3202.2,4019.3,13518.1,4739.0,6616.4,6703.7,4048.8,2887.5,4108.0,14577.8,3960.2,1941.3
,,,,,,,,667,3277.1,4051.1,13562.5,4918.8,6703.0,6740.8,4160.6,2939.2,4170.0,15008.9,3947.8,1972.5
,,,,,,,,668,3152.2,3926.9,13675.7,4796.8,6723.6,6608.0,4034.7,2914.4,4002.4,14867.7,3966.2,1971.0
,,,,,,,,669,3088.5,3833.9,12796.5,4533.4,6311.1,6403.4,3931.0,2826.1,3929.4,13975.1,3764.4,1868.9
,,,,,,,,670,2892.3,3605.7,12345.6,4275.4,6090.3,5962.9,3721.3,2682.8,3691.9,13418.8,3522.7,1785.8
,,,,,,,,671,2731.7,3436.8,11928.6,4157.1,5877.1,5868.7,3536.8,2572.0,3494.9,12801.2,3463.5,1723.8
,,,,,,,,672,2723.5,3384.9,11527.4,4049.5,5658.2,5646.5,3413.0,2450.0,3446.4,12612.9,3323.6,1669.0
,,,,,,,,673,2621.3,3268.8,11335.0,4007.7,5587.5,5614.9,3436.8,2437.5,3345.4,12170.7,3293.9,1623.6
,,,,,,,,674,2522.5,3185.7,10564.8,3765.4,5247.6,5208.0,3160.4,2288.8,3244.1,11693.9,3140.8,1550.6
,,,,,,,,675,2400.2,3002.7,10104.4,3565.4,4954.0,4934.9,3060.9,2202.0,2995.3,11000.8,2969.9,1458.9
,,,,,,,,676,2336.0,2901.4,9964.5,3524.7,4811.2,4915.6,2982.4,2114.6,3003.1,10855.4,2923.7,1435.1
,,,,,,,,677,2452.9,3061.0,10342.4,3691.0,5072.8,5150.3,3111.8,2239.6,3118.2,11282.4,2974.4,1528.1
,,,,,,,,678,2648.3,3377.5,11451.6,4048.8,5554.4,5638.1,3414.7,2428.7,3444.9,12270.7,3340.6,1640.9
,,,,,,,,679,2950.3,3657.8,12656.7,4389.1,6248.1,6271.1,3729.2,2698.9,3825.3,13568.9,3651.7,1853.4
,,,,,,,,680,3165.8,3975.1,13488.5,4844.8,6729.5,6774.6,4082.1,2977.8,4097.4,14953.2,3937.0,1952.7
,,,,,,,,681,3259.0,4100.2,14164.8,5002.2,6812.8,6827.1,4240.0,3053.1,4154.8,15295.8,4081.8,2045.4
,,,,,,,,682,3230.9,4124.3,13857.9,4912.9,6757.3,6764.6,4113.8,2975.0,4145.2,15266.9,3981.2,2028.5
,,,,,,,,683,3082.6,3880.1,13393.2,4738.0,6526.2,6476.3,4045.7,2895.3,3972.1,14638.0,3843.5,1960.1
,,,,,,,,684,2988.1,3762.6,12738.6,4503.5,6250.5,6304.8,3787.2,2733.6,3797.7,14018.0,3706.1,1831.4
,,,,,,,,685,2870.6,3623.5,12459.9,4316.1,6044.4,6037.2,3738.1,2704.8,3699.8,13397.8,3607.7,1806.6
,,,,,,,,686,2866.8,3662.5,12404.1,4376.2,6041.2,5975.6,3703.9,2656.5,3640.6,13289.3,3522.3,1769.6
,,,,,,,,687,2944.2,3730.0,12504.9,4444.9,6257.3,6244.6,3731.4,2682.0,3709.5,13592.9,3645.0,1816.8
,,,,,,,,688,3090.1,3834.2,13079.0,4545.9,6437.4,6473.7,3971.6,2791.7,3897.5,14084.7,3769.4,1873.4
,,,,,,,,689,3204.2,4011.3,13715.0,4862.9,6720.1,6751.7,4137.2,2986.1,4093.0,15112.9,3936.5,1982.5
,,,,,,,,690,3372.6,4188.6,14270.6,5073.3,7065.1,7093.2,4318.0,3134.7,4301.0,15790.1,4156.8,2106.9
,,,,,,,,691,3467.8,4258.0,14712.1,5145.3,7171.9,7096.6,4333.8,3186.5,4339.5,16148.6,4274.3,2135.1
,,,,,,,,692,3333.4,4217.4,14331.2,5080.5,7165.2,6974.9,4331.5,3130.5,4283.4,15730.0,4222.6,2110.5
,,,,,,,,693,3240.1,4043.8,13627.1,4790.5,6764.3,6855.7,4183.0,2989.9,4093.4,15143.2,4051.0,1999.2
,,,,,,,,694,3075.0,3873.7,13138.7,4540.0,6457.3,6432.9,3950.6,2858.1,3870.4,14416.2,3781.2,1875.8
,,,,,,,,695,2914.6,3665.4,12488.2,4356.7,6143.4,6150.6,3783.8,2701.8,3733.9,13491.8,3648.2,1806.7
,,,,,,,,696,2848.3,3554.2,12254.8,4335.8,6028.4,6052.9,3663.8,2640.9,3683.0,13210.1,3500.4,1785.1
,,,,,,,,697,2654.4,3322.5,11144.5,3925.3,5524.4,5468.7,3403.1,2408.6,3339.8,12439.9,3272.5,1619.0
,,,,,,,,698,2492.8,3161.8,10774.0,3781.8,5287.6,5215.7,3202.1,2286.3,3174.5,11705.9,3122.8,1555.3
,,,,,,,,699,2380.3,2984.1,10225.8,3540.3,4912.4,4930.7,3054.8,2171.4,3051.0,11144.6,2918.0,1472.1
,,,,,,,,700,2341.4,2874.2,10042.2,3519.6,4824.7,4822.3,2982.7,2152.2,2988.6,10853.3,2899.1,1443.5
,,,,,,,,701,2411.5,3010.8,10397.3,3692.7,5145.1,5103.2,3088.4,2251.8,3095.0,11287.0,3007.0,1525.4
,,,,,,,,702,2637.3,3324.4,11528.4,3970.0,5628.5,5571.5,3385.4,2435.9,3373.6,12304.3,3299.4,1652.2
,,,,,,,,703,2999.0,3688.0,12575.9,4472.9,6271.3,6255.0,3776.6,2689.8,3817.6,13833.6,3704.9,1802.8
,,,,,,,,704,3197.7,3959.9,13647.4,4796.5,6624.9,6659.0,4042.3,2919.0,4029.6,14859.6,3890.6,1962.0
,,,,,,,,705,3297.0,4114.1,13881.5,4952.2,6994.2,7005.3,4175.9,2993.5,4200.5,15450.6,4093.2,2012.3
,,,,,,,,706,3274.2,4106.9,13732.4,4905.7,6825.9,6718.5,4217.5,3003.1,4156.7,15084.8,4042.1,2011.8
,,,,,,,,707,3120.5,3949.0,13373.0,4641.7,6627.0,6506.9,3953.2,2888.0,3995.4,14559.0,3820.2,1916.2
,,,,,,,,708,2973.9,3784.0,12839.7,4458.1,6162.6,6193.5,3836.5,2733.8,3848.6,13760.7,3659.1,1833.5
,,,,,,,,709,2868.9,3677.9,12171.9,4379.2,6119.8,6057.0,3725.1,2701.0,3662.9,13445.0,3539.8,1809.1
,,,,,,,,710,2858.6,3578.1,12439.6,4312.5,6007.3,6099.9,3659.2,2652.6,3739.4,13469.0,3592.2,1767.7
,,,,,,,,711,2978.0,3710.7,12466.7,4422.3,6184.4,6158.8,3734.7,2743.3,3725.7,13586.4,3694.6,1835.1
,,,,,,,,712,3046.9,3867.4,12950.2,4552.8,6465.2,6361.8,3879.3,2849.4,3861.1,14170.2,3738.9,1882.6
,,,,,,,,713,3231.0,4070.4,13568.1,4825.7,6708.8,6688.3,4141.2,3000.1,4118.3,14888.9,3942.5,1984.2
,,,,,,,,714,3329.4,4190.8,14374.5,5011.3,7152.0,7145.0,4252.5,3132.4,4368.8,15798.1,4142.7,2087.0
,,,,,,,,715,3462.2,4293.6,14469.2,5103.0,7229.0,7092.4,4423.2,3121.0,4443.3,15894.8,4307.4,2116.6
,,,,,,,,716,3388.2,4159.3,14276.8,5050.1,7085.9,7049.6,4310.4,3123.3,4253.5,15539.3,4228.4,2074.1
,,,,,,,,717,3276.6,4054.3,13597.0,4784.9,6766.4,6839.8,4091.7,2935.7,4117.4,15186.1,3976.4,2017.0
,,,,,,,,718,3092.2,3816.3,12937.6,4573.4,6399.5,6332.6,3881.7,2798.6,3926.5,14349.9,3735.5,1917.2
,,,,,,,,719,2973.6,3724.6,12519.8,4442.0,6127.1,6234.6,3708.4,2669.9,3805.9,13849.7,3633.3,1816.3
,,,,,,,,720,2885.9,3592.9,12105.9,4239.8,6054.8,5929.6,3662.0,2671.0,3685.2,13237.3,3573.6,1778.4
,,,,,,,,721,2680.4,3302.6,11298.4,3926.3,5470.3,5484.5,3381.7,2461.8,3397.5,12397.8,3286.3,1635.7
,,,,,,,,722,2528.5,3118.4,10536.6,3781.4,5238.0,5188.5,3215.8,2334.0,3175.9,11567.2,3129.4,1557.9
,,,,,,,,723,2374.4,2991.2,9995.5,3525.6,4922.2,4978.7,2987.2,2183.1,3018.9,10919.9,2945.6,1487.0
,,,,,,,,724,2295.5,2910.3,9886.5,3484.6,4819.4,4899.6,3011.7,2139.8,2955.3,10778.8,2893.9,1436.6
,,,,,,,,725,2403.4,3070.2,10248.7,3636.8,5132.2,5041.9,3112.8,2254.8,3093.0,11441.7,2995.7,1497.8
,,,,,,,,726,2692.8,3319.4,11435.2,4036.7,5510.1,5652.5,3456.5,2468.5,3375.3,12488.3,3322.0,1666.8
,,,,,,,,727,2972.3,3638.5,12541.3,4427.4,6195.9,6115.3,3819.5,2745.2,3737.1,13559.4,3686.4,1811.7
,,,,,,,,728,3155.3,3997.3,13519.7,4805.6,6765.3,6584.5,4056.5,2929.1,4027.5,14747.6,3965.4,1950.0
,,,,,,,,729,3291.6,4159.8,13899.6,4880.5,6979.5,6867.3,4262.7,2993.0,4208.6,15489.8,4069.9,2044.8
,,,,,,,,730,3240.6,4102.2,13995.9,4952.7,6778.0,6879.2,4199.0,2998.8,4167.2,15068.8,4012.2,2024.6
,,,,,,,,731,3130.3,3854.1,13128.5,4651.9,6617.5,6454.5,3990.0,2885.2,3989.1,14433.3,3841.7,1901.9
,,,,,,,,732,2994.6,3765.4,12504.2,4466.8,6282.1,6293.0,3819.8,2743.4,3812.5,13889.7,3729.1,1859.3
,,,,,,,,733,2859.4,3584.6,12337.9,4398.3,6129.4,6113.7,3697.3,2669.0,3670.6,13379.5,3578.8,1780.3
,,,,,,,,734,2863.9,3552.7,12188.4,4380.2,6056.4,6012.1,3722.4,2661.5,3661.4,13498.6,3539.4,1784.9
,,,,,,,,735,2981.4,3708.6,12384.8,4472.5,6143.7,6216.6,3803.1,2681.8,3783.5,13869.3,3612.0,1834.1
,,,,,,,,736,3049.8,3828.3,13038.5,4573.1,6324.8,6378.2,3941.5,2784.6,3941.9,14221.9,3749.3,1911.3
,,,,,,,,737,3220.0,4008.3,13755.0,4867.3,6678.1,6655.9,4178.5,2931.8,4112.0,14879.8,3961.5,1969.5
,,,,,,,,738,3377.9,4231.5,14521.3,5078.4,7158.3,7131.2,4326.4,3095.1,4302.0,15694.1,4177.3,2092.9
,,,,,,,,739,3441.1,4303.5,14763.4,5147.5,7093.1,7087.8,4406.4,3152.8,4326.9,16063.9,4213.9,2128.6
,,,,,,,,740,3381.8,4229.0,14121.5,5021.7,7061.6,7132.5,4241.0,3059.3,4242.0,15505.8,4167.4,2064.1
,,,,,,,,741,3274.8,4002.4,13673.1,4817.0,6680.7,6782.6,4065.4,2990.6,4055.4,15195.3,3937.3,2000.9
,,,,,,,,742,3072.1,3784.1,13101.8,4610.4,6329.7,6506.0,3931.2,2773.7,3857.3,14348.1,3733.8,1906.7
,,,,,,,,743,2947.1,3658.6,12338.0,4418.5,6182.7,6109.7,3735.0,2669.1,3730.1,13533.0,3609.0,1825.0
,,,,,,,,744,2840.2,3606.8,12147.5,4266.0,5931.6,6038.8,3670.4,2625.0,3628.9,13186.5,3558.0,1760.0
,,,,,,,,745,2653.0,3332.6,11188.0,4002.0,5564.7,5556.2,3329.5,2442.3,3383.6,12405.9,3269.5,1615.1
,,,,,,,,746,2499.6,3156.3,10626.2,3789.2,5282.4,5306.7,3235.9,2300.5,3220.5,11669.1,3094.7,1557.3
,,,,,,,,747,2379.1,2956.6,10035.1,3572.5,4903.7,4899.3,3030.4,2188.1,3053.8,11003.7,2930.1,1454.7
,,,,,,,,748,2344.2,2897.2,9894.6,3535.8,4866.4,4874.1,2949.0,2124.2,3010.4,10914.4,2906.1,1455.2
,,,,,,,,749,2463.7,3065.3,10336.4,3600.5,5014.7,5142.3,3116.5,2231.7,3116.3,11233.8,2999.0,1504.3
,,,,,,,,750,2664.1,3300.8,11447.8,3994.9,5610.8,5638.1,3425.4,2452.6,3449.0,12425.1,3277.5,1629.9
,,,,,,,,751,2911.7,3696.0,12529.3,4375.1,6259.9,6253.7,3800.9,2678.8,3718.6,13501.6,3669.7,1831.8
,,,,,,,,752,3171.4,4017.0,13504.3,4740.5,6676.7,6569.4,4118.3,2926.9,4046.6,14709.7,3943.8,1965.4
,,,,,,,,753,3244.0,4175.5,14051.5,4949.0,6895.2,6800.3,4255.1,2978.1,4228.7,15283.3,4082.4,2048.4
,,,,,,,,754,3258.5,4121.4,13669.9,4908.1,6781.2,6745.2,4152.4,2959.3,4083.0,14920.2,3980.7,2021.2
,,,,,,,,755,3108.1,3863.1,13332.5,4635.5,6456.7,6588.3,4003.8,2879.9,4028.2,14625.0,3909.4,1942.1
,,,,,,,,756,2964.5,3775.2,12591.2,4516.9,6171.0,6316.3,3801.8,2753.8,3783.9,13883.1,3635.1,1832.5
,,,,,,,,757,2917.7,3617.6,12188.1,4351.1,6140.8,6112.1,3683.5,2630.1,3698.4,13371.7,3601.8,1770.8
,,,,,,,,758,2923.0,3549.3,12348.0,4314.6,6106.5,5941.1,3704.9,2649.3,3699.5,13566.8,3555.2,1777.4
,,,,,,,,759,2903.4,3639.0,12597.7,4345.6,6122.3,6116.7,3774.5,2709.2,3699.8,13514.9,3658.2,1796.7
,,,,,,,,760,3032.7,3833.9,12940.8,4595.8,6308.5,6334.7,3865.4,2795.5,3887.9,14104.7,3741.6,1868.8
,,,,,,,,761,3262.8,4022.5,13622.3,4851.1,6736.0,6645.0,4112.0,2991.3,4097.4,14844.0,3965.8,1975.6
,,,,,,,,762,3323.9,4272.0,14391.0,5043.3,7018.0,7140.2,4344.1,3120.6,4348.8,15633.8,4159.2,2054.0
,,,,,,,,763,3419.9,4308.0,14763.8,5108.0,7135.2,7100.5,4321.3,3142.5,4337.7,15727.0,4224.7,2095.9
,,,,,,,,764,3386.9,4271.2,14461.9,5119.9,6949.5,7140.7,4254.1,3098.0,4310.8,15571.0,4114.2,2088.8
,,,,,,,,765,3209.9,4087.3,13745.6,4851.3,6641.6,6750.6,4166.9,2963.5,4147.2,15042.3,3988.5,1984.8
,,,,,,,,766,3014.5,3775.0,12922.5,4613.5,6408.0,6344.8,3895.0,2808.7,3859.4,14269.1,3777.9,1867.8
,,,,,,,,767,2915.0,3629.8,12323.5,4397.9,6178.3,6136.5,3731.7,2679.2,3734.4,13746.3,3661.7,1796.1
,,,,,,,,768,2897.6,3538.2,12278.2,4225.5,5978.6,6062.2,3690.7,2596.1,3689.3,13209.4,3560.2,1782.8
,,,,,,,,769,2637.8,3289.0,11360.7,3921.7,5555.7,5472.6,3331.9,2391.4,3378.8,12114.1,3262.8,1636.6
,,,,,,,,770,2474.8,3108.8,10677.5,3788.3,5284.7,5227.9,3146.6,2326.5,3210.8,11649.9,3099.0,1543.0
,,,,,,,,771,2364.4,2939.9,10120.0,3510.6,4874.8,4907.1,3050.4,2162.7,2976.8,10965.7,2938.9,1462.7
,,,,,,,,772,2318.5,2921.8,9809.9,3439.1,4863.4,4865.6,2936.5,2157.1,3004.5,10846.3,2835.4,1416.6
,,,,,,,,773,2400.6,3046.2,10415.8,3666.5,5005.8,5073.2,3100.5,2227.2,3070.3,11279.6,3029.1,1498.9
,,,,,,,,774,2662.8,3321.9,11473.0,4021.6,5512.4,5632.2,3381.9,2455.5,3405.3,12385.2,3252.0,1653.6
,,,,,,,,775,2936.9,3729.8,12657.8,4394.7,6195.0,6200.8,3740.0,2708.3,3713.4,13495.3,3625.0,1800.9
,,,,,,,,776,3191.1,4021.1,13333.8,4771.2,6672.8,6648.9,4074.8,2939.2,4107.3,14977.5,3954.0,1973.3
,,,,,,,,777,3271.9,4132.4,14075.6,4912.0,6793.0,6978.7,4144.9,3049.3,4207.5,15176.6,4092.9,2016.5
,,,,,,,,778,3265.0,4053.8,13754.1,4885.5,6800.9,6858.3,4174.3,2992.7,4190.5,14998.7,4011.9,2010.6
,,,,,,,,779,3118.9,3923.8,13390.0,4599.2,6428.4,6467.1,3974.0,2825.7,3977.7,14594.8,3808.9,1937.5
,,,,,,,,780,2939.0,3678.1,12561.5,4515.2,6138.1,6203.8,3770.0,2695.3,3790.0,13709.5,3711.6,1858.4
,,,,,,,,781,2851.2,3608.5,12214.0,4280.3,5992.6,6110.4,3661.7,2668.7,3718.8,13602.7,3592.9,1787.6
,,,,,,,,782,2842.8,3578.7,12404.6,4349.3,5998.2,6028.1,3697.1,2661.1,3640.2,13516.1,3572.8,1766.8
,,,,,,,,783,2911.0,3638.5,12549.0,4437.3,6185.9,6102.1,3758.2,2695.1,3711.1,13456.6,3667.6,1832.1
,,,,,,,,784,3066.1,3786.2,13115.6,4595.7,6459.0,6438.5,3931.2,2770.0,3887.2,13991.5,3768.4,1898.2
,,,,,,,,785,3185.7,4050.2,13545.0,4787.5,6803.1,6727.9,4078.5,2990.0,4114.2,15107.2,3998.7,1999.2
,,,,,,,,786,3365.1,4173.2,14478.4,5100.7,6934.4,7056.2,4333.6,3061.5,4309.6,15399.0,4115.2,2104.9
,,,,,,,,787,3422.8,4294.4,14620.6,5162.3,7097.6,7051.6,4342.7,3131.0,4363.6,15998.0,4254.0,2133.6
,,,,,,,,788,3318.9,4209.4,14414.0,5056.8,6969.4,7004.2,4353.0,3132.2,4229.7,15594.0,4203.3,2054.9
,,,,,,,,789,3225.0,4070.0,13526.0,4870.3,6771.5,6763.4,4148.6,2967.4,4123.7,14964.1,3934.5,2011.1
,,,,,,,,790,3059.6,3822.8,12964.4,4612.3,6415.5,6338.3,3932.9,2834.0,3924.2,14013.4,3777.4,1905.7
,,,,,,,,791,2887.3,3694.2,12608.6,4394.8,6172.8,6069.1,3723.8,2716.0,3703.7,13566.7,3586.3,1827.2
,,,,,,,,792,2891.5,3540.1,12305.0,4309.5,5951.7,5918.9,3644.6,2617.3,3687.4,13350.4,3518.6,1781.3
,,,,,,,,793,2510.4,3057.2,10442.9,3694.3,5193.0,5151.6,3174.8,2264.9,3177.0,11618.0,3083.4,1557.0
,,,,,,,,794,2316.4,2941.5,9847.4,3471.2,4877.7,4865.3,2965.4,2171.7,2955.2,10839.2,2883.0,1457.2
,,,,,,,,795,2189.2,2739.0,9295.1,3340.5,4634.4,4635.0,2851.9,2025.3,2864.4,10430.4,2785.3,1370.9
,,,,,,,,796,2202.1,2689.0,9260.6,3231.0,4621.5,4545.8,2767.7,1979.6,2819.9,9966.4,2725.8,1332.6
,,,,,,,,797,2266.4,2853.8,9575.7,3427.2,4773.1,4828.2,2863.2,2076.3,2930.6,10644.9,2821.3,1419.3
,,,,,,,,798,2506.4,3168.9,10609.8,3728.4,5271.3,5227.1,3163.5,2262.8,3210.8,11652.4,3065.3,1526.4
,,,,,,,,799,2786.7,3430.2,11596.0,4193.2,5769.4,5698.4,3524.2,2558.4,3538.0,12820.7,3375.7,1691.7
,,,,,,,,800,2979.4,3774.7,12597.7,4494.9,6154.2,6173.7,3756.4,2725.0,3813.6,13818.5,3675.5,1835.1
,,,,,,,,801,3123.1,3900.8,13225.8,4635.0,6359.4,6456.1,3984.6,2833.2,3898.4,14207.7,3806.9,1925.0
,,,,,,,,802,3013.8,3754.2,13081.0,4630.6,6352.3,6401.8,3858.6,2806.3,3923.0,14017.3,3725.7,1878.4
,,,,,,,,803,2902.7,3609.0,12268.6,4350.9,6057.4,6016.4,3720.2,2691.0,3738.5,13473.7,3565.4,1815.6
,,,,,,,,804,2771.0,3494.2,11701.2,4184.9,5809.5,5918.6,3532.8,2590.3,3611.9,12894.4,3449.3,1746.4
,,,,,,,,805,2717.5,3427.2,11497.2,4037.6,5670.9,5684.7,3476.3,2468.3,3482.6,12711.7,3354.2,1690.2
,,,,,,,,806,2725.0,3396.6,11435.8,4054.6,5627.1,5701.8,3473.4,2470.8,3438.2,12441.8,3388.7,1670.8
,,,,,,,,807,2724.9,3413.3,11593.7,4093.9,5733.5,5675.8,3547.2,2552.1,3551.1,12755.7,3388.1,1692.0
,,,,,,,,808,2871.1,3598.9,12214.1,4322.5,5990.1,6034.8,3645.3,2618.7,3662.8,13480.0,3583.7,1785.1
,,,,,,,,809,3062.9,3748.7,12883.6,4596.5,6285.6,6241.6,3880.7,2802.3,3871.0,13985.4,3762.4,1896.9
,,,,,,,,810,3147.6,3927.0,13389.1,4703.7,6700.1,6511.1,3972.5,2885.3,4081.3,14545.7,3964.2,1927.7
,,,,,,,,811,3200.1,3966.0,13442.9,4777.8,6641.0,6759.4,4069.6,2985.3,4097.2,14784.5,3980.1,1964.9
,,,,,,,,812,3199.4,3945.2,13266.7,4770.4,6614.8,6694.5,4048.9,2898.6,4021.4,14667.6,3951.2,1925.1
,,,,,,,,813,2977.2,3793.7,12757.0,4513.9,6362.1,6245.7,3858.0,2764.3,3874.9,13922.5,3737.6,1883.5
,,,,,,,,814,2841.3,3583.5,12073.2,4352.8,6007.9,5919.7,3640.4,2629.2,3695.7,13392.6,3544.3,1789.3
,,,,,,,,815,2757.5,3433.8,11569.3,4081.8,5746.2,5667.8,3539.5,2555.9,3466.0,12623.9,3425.9,1716.7
,,,,,,,,816,2672.2,3348.4,11452.0,4000.5,5638.7,5684.9,3386.3,2462.5,3434.3,12350.6,3363.4,1669.7
,,,,,,,,817,2464.2,3137.7,10662.0,3715.1,5217.6,5236.1,3126.9,2286.3,3167.9,11415.7,3083.7,1538.5
,,,,,,,,818,2335.2,2906.2,9811.0,3514.7,4840.4,4843.2,2960.5,2161.7,2963.1,10723.3,2891.1,1460.9
,,,,,,,,819,2248.1,2739.7,9505.3,3304.3,4613.2,4572.8,2845.9,2038.8,2848.4,10300.4,2742.9,1353.1
,,,,,,,,820,2188.0,2752.5,9187.0,3240.2,4602.5,4583.3,2762.3,2015.5,2748.6,10130.2,2666.4,1333.2
,,,,,,,,821,2261.7,2806.2,9531.2,3458.8,4754.2,4747.0,2861.5,2111.2,2911.7,10709.4,2794.8,1407.5
,,,,,,,,822,2528.0,3126.1,10444.5,3698.7,5291.8,5250.5,3163.5,2274.1,3154.5,11585.5,3045.7,1526.5
,,,,,,,,823,2761.2,3493.1,11882.0,4128.2,5710.8,5743.8,3490.0,2498.8,3487.3,12708.4,3440.2,1704.1
,,,,,,,,824,3019.1,3728.5,12822.1,4508.1,6174.2,6246.5,3827.6,2777.7,3765.4,13941.3,3697.5,1828.1
,,,,,,,,825,3090.6,3813.6,13239.5,4608.6,6435.4,6365.2,3883.2,2799.3,3907.2,14089.0,3821.6,1924.6
,,,,,,,,826,3048.8,3756.5,12893.4,4513.5,6351.0,6358.3,3829.6,2829.3,3919.9,14215.7,3773.0,1885.8
,,,,,,,,827,2907.3,3606.3,12420.1,4401.1,6164.7,6183.0,3697.6,2647.2,3689.1,13481.4,3613.5,1816.9
,,,,,,,,828,2781.9,3441.0,11989.7,4205.5,5889.5,5763.2,3577.6,2587.1,3592.3,12773.7,3447.6,1741.2
,,,,,,,,829,2705.7,3388.7,11397.1,4061.3,5714.4,5586.4,3447.5,2520.1,3428.6,12613.9,3315.8,1657.7
,,,,,,,,830,2663.5,3362.4,11407.7,4008.0,5606.9,5620.8,3441.3,2473.1,3451.7,12677.4,3343.0,1655.3
,,,,,,,,831,2734.7,3430.9,11733.1,4130.2,5796.7,5694.3,3484.2,2559.0,3542.1,12623.1,3407.3,1679.9
,,,,,,,,832,2871.2,3601.1,12276.8,4257.7,5968.8,6065.3,3660.9,2617.3,3602.8,13415.3,3526.8,1782.8
,,,,,,,,833,3056.8,3747.7,12877.8,4513.7,6229.3,6220.5,3839.5,2806.7,3849.5,14125.1,3687.2,1867.1
,,,,,,,,834,3166.6,3898.2,13468.2,4698.8,6565.3,6524.4,4066.6,2921.6,4043.3,14472.3,3869.4,1978.1
,,,,,,,,835,3200.3,3990.9,13536.0,4754.5,6761.8,6650.5,4082.4,2914.2,4124.1,14944.0,3955.5,2004.3
,,,,,,,,836,3153.7,3967.6,13270.4,4768.4,6497.5,6580.4,4032.3,2853.8,3995.2,14756.6,3880.6,1959.8
,,,,,,,,837,3057.6,3722.5,12971.1,4471.8,6222.1,6247.4,3881.9,2755.6,3857.9,13867.0,3682.3,1873.2
,,,,,,,,838,2849.3,3554.0,12216.5,4335.8,6057.4,5944.3,3688.4,2650.3,3629.1,13238.4,3591.1,1775.1
,,,,,,,,839,2739.2,3411.6,11678.0,4076.4,5692.7,5819.7,3539.0,2486.2,3508.1,12719.1,3359.9,1684.5
,,,,,,,,840,2682.6,3393.3,11347.6,4008.1,5677.3,5635.5,3391.6,2467.6,3370.7,12299.4,3312.6,1647.6
,,,,,,,,841,2631.3,3271.6,11036.9,3894.7,5556.8,5455.7,3372.9,2395.0,3389.2,12338.8,3291.1,1649.8
,,,,,,,,842,2481.3,3082.1,10629.2,3704.1,5180.1,5251.4,3214.6,2280.4,3153.6,11531.1,3045.7,1529.7
,,,,,,,,843,2317.9,2919.5,10114.8,3531.1,4870.2,4894.6,2973.8,2159.0,3003.2,10759.5,2942.6,1469.9
,,,,,,,,844,2324.2,2897.6,9918.0,3509.3,4774.3,4869.1,2930.3,2135.8,2964.8,10644.4,2868.7,1437.0
,,,,,,,,845,2432.7,3017.6,10196.3,3673.3,5084.0,5047.1,3082.8,2226.9,3120.5,11328.9,2974.0,1489.9
,,,,,,,,846,2657.9,3303.1,11121.9,3999.9,5614.7,5558.5,3399.8,2438.0,3342.6,12360.4,3272.6,1622.3
,,,,,,,,847,2970.2,3682.8,12649.0,4446.2,6205.0,6182.6,3708.6,2729.4,3703.7,13570.4,3602.1,1791.7
,,,,,,,,848,3152.3,3904.8,13566.1,4684.0,6658.5,6692.5,4093.6,2875.5,4023.3,14800.2,3905.8,1977.0
,,,,,,,,849,3286.1,4092.3,14045.2,4887.4,6888.3,6805.1,4167.7,3039.6,4119.5,15073.0,4093.2,2006.1
,,,,,,,,850,3272.9,4006.2,13783.6,4899.0,6762.7,6735.4,4082.5,2999.7,4161.9,14790.1,4000.4,2012.7
,,,,,,,,851,3095.8,3831.7,13003.9,4594.4,6490.9,6454.9,3934.4,2815.2,3960.1,14216.1,3887.6,1904.9
,,,,,,,,852,2972.5,3720.6,12737.8,4452.0,6263.3,6103.2,3805.9,2727.1,3778.0,13875.3,3658.1,1840.9
,,,,,,,,853,2893.1,3575.2,12325.1,4301.3,6065.7,6103.2,3670.7,2647.1,3691.1,13513.1,3586.7,1799.8
,,,,,,,,854,2866.8,3576.7,12285.5,4322.6,6070.3,6073.7,3606.2,2591.8,3671.7,13452.2,3598.3,1790.5
,,,,,,,,855,2959.1,3676.1,12522.7,4384.7,6099.5,6043.0,3698.3,2717.3,3720.0,13604.2,3613.8,1801.2
,,,,,,,,856,3004.3,3764.8,12838.6,4507.6,6353.7,6293.2,3906.4,2767.1,3864.4,14201.6,3761.6,1874.3
,,,,,,,,857,3167.7,3959.8,13546.5,4772.0,6794.9,6703.4,4082.3,2967.9,4091.5,15058.6,4009.4,1986.8
,,,,,,,,858,3372.1,4158.5,14057.5,5073.9,7075.2,6944.2,4257.7,3070.6,4258.3,15439.1,4115.8,2075.8
,,,,,,,,859,3418.0,4242.5,14565.6,5086.7,7180.7,7198.5,4294.9,3111.3,4309.5,15826.3,4241.3,2114.4
,,,,,,,,860,3312.6,4239.0,14187.5,4949.1,6955.6,6945.1,4286.7,3116.7,4229.1,15306.1,4185.8,2102.9
,,,,,,,,861,3216.0,4000.7,13702.3,4863.5,6662.7,6669.2,4023.6,2896.6,4058.8,14887.1,4016.1,2010.9
,,,,,,,,862,3022.4,3851.4,13102.8,4595.9,6377.3,6330.7,3912.2,2761.5,3868.5,14198.2,3735.5,1897.3
,,,,,,,,863,2921.1,3667.4,12212.3,4415.0,6098.4,6040.2,3752.0,2671.6,3713.2,13692.5,3614.1,1810.7
,,,,,,,,864,2829.9,3543.8,12202.6,4292.0,6006.8,5903.5,3656.9,2595.7,3577.4,13258.9,3482.5,1755.7
,,,,,,,,865,2626.9,3309.1,11095.8,3961.1,5461.5,5423.5,3297.6,2437.0,3372.9,12333.9,3285.1,1603.9
,,,,,,,,866,2450.7,3130.4,10447.2,3765.8,5185.7,5163.7,3138.1,2250.6,3186.3,11662.9,3071.3,1519.1
,,,,,,,,867,2372.2,2919.3,9909.8,3491.9,4982.6,4947.2,3015.4,2170.6,2980.5,10908.1,2929.5,1454.8
,,,,,,,,868,2303.4,2920.0,9859.9,3506.2,4855.2,4884.5,2964.2,2124.9,2899.1,10574.8,2859.9,1424.5
,,,,,,,,869,2427.8,3019.3,10299.3,3636.6,4997.3,5052.2,3094.9,2229.7,3087.3,11318.0,2956.2,1500.1
,,,,,,,,870,2677.5,3311.9,11150.0,3934.5,5528.3,5593.9,3402.6,2397.6,3369.6,12245.4,3238.8,1648.3
,,,,,,,,871,2935.4,3604.5,12288.7,4422.2,6171.8,6211.5,3736.5,2667.3,3688.6,13694.3,3582.8,1792.8
,,,,,,,,872,3191.1,3953.6,13316.8,4675.0,6551.6,6636.7,4032.1,2933.7,4034.0,14462.2,3876.0,1957.8
,,,,,,,,873,3216.3,4108.8,13829.2,4838.8,6739.1,6871.5,4126.7,3006.5,4172.4,15159.6,4036.1,2038.1
,,,,,,,,874,3246.5,4037.7,13584.1,4825.0,6790.9,6832.7,4058.3,2941.5,4109.6,14790.4,3979.7,2000.6
,,,,,,,,875,3135.2,3885.3,13077.4,4631.0,6481.0,6380.9,3997.6,2826.3,3965.2,14144.3,3798.0,1924.5
,,,,,,,,876,2969.8,3745.3,12555.1,4369.8,6112.5,6206.4,3752.0,2699.5,3734.6,13590.5,3673.6,1849.0
,,,,,,,,877,2836.6,3549.9,12141.8,4362.3,5942.1,6025.9,3615.7,2648.3,3689.6,13202.1,3612.1,1754.8
,,,,,,,,878,2865.4,3556.9,12230.0,4327.3,5899.9,6024.3,3684.2,2656.1,3635.2,13353.4,3493.2,1782.1
,,,,,,,,879,2875.5,3600.8,12447.0,4351.8,6163.2,6025.8,3736.7,2655.9,3683.6,13405.0,3591.3,1782.2
,,,,,,,,880,3015.4,3786.5,13091.3,4494.3,6432.6,6331.6,3821.7,2771.6,3837.2,14277.2,3816.3,1906.3
,,,,,,,,881,3201.5,3951.8,13562.7,4736.7,6755.8,6684.0,4097.4,2900.7,4084.6,14925.7,4018.4,1994.4
,,,,,,,,882,3384.9,4117.5,14027.1,5007.9,7034.5,6906.6,4236.8,3021.2,4211.0,15427.6,4185.6,2100.0
,,,,,,,,883,3434.5,4196.7,14407.7,5058.1,7172.3,7213.0,4295.9,3080.4,4300.4,15828.6,4277.8,2097.8
,,,,,,,,884,3347.2,4223.8,14153.1,5032.8,6996.9,7020.1,4305.7,3021.6,4268.4,15451.1,4140.2,2092.6
,,,,,,,,885,3169.0,3993.2,13646.2,4743.1,6608.8,6727.4,4062.5,2897.7,4137.3,14745.5,3925.2,2002.6
,,,,,,,,886,3038.1,3783.8,12954.5,4570.8,6252.8,6333.3,3881.1,2749.2,3916.2,13904.8,3799.4,1897.8
,,,,,,,,887,2914.5,3661.0,12401.3,4378.2,6094.8,6061.0,3672.1,2687.7,3682.2,13584.5,3618.4,1808.0
,,,,,,,,888,2818.2,3570.7,12026.9,4257.0,5962.3,5946.7,3567.8,2624.8,3641.4,13014.8,3545.0,1733.8
,,,,,,,,889,2614.5,3228.2,11072.1,3886.9,5522.9,5396.1,3300.5,2385.7,3387.4,11976.0,3201.9,1618.2
,,,,,,,,890,2445.2,3069.2,10622.1,3737.6,5204.1,5152.9,3193.1,2292.8,3154.2,11400.6,3040.1,1551.7
,,,,,,,,891,2328.9,2887.9,9915.7,3511.8,4848.7,4947.9,2988.0,2134.3,2944.5,10869.7,2909.1,1435.9
,,,,,,,,892,2288.5,2861.7,9765.8,3411.1,4844.4,4747.5,2903.0,2130.6,2940.7,10828.9,2895.6,1440.5
,,,,,,,,893,2376.1,2987.6,10328.2,3628.5,4993.0,5000.8,3058.5,2203.2,3050.8,11132.6,2965.5,1508.7
,,,,,,,,894,2625.3,3317.2,11326.9,4000.1,5491.2,5530.7,3405.4,2408.0,3345.1,12290.6,3249.5,1623.7
,,,,,,,,895,2918.4,3675.1,12394.6,4380.5,6039.9,6056.1,3689.6,2680.6,3738.2,13359.6,3595.4,1788.1
,,,,,,,,896,3159.2,3967.3,13279.1,4775.7,6579.3,6585.8,3989.6,2933.3,4076.8,14509.3,3860.8,1933.7
,,,,,,,,897,3303.7,4058.4,13725.0,4818.4,6785.9,6874.3,4190.7,3003.9,4099.1,15342.1,4032.2,2025.1
,,,,,,,,898,3171.3,3993.1,13566.0,4834.8,6737.5,6805.8,4161.7,2945.8,4099.8,14963.0,3989.5,1978.9
,,,,,,,,899,3096.1,3900.4,13160.9,4565.9,6525.1,6477.5,3965.2,2858.3,3927.3,14326.3,3868.5,1910.2
,,,,,,,,900,2917.1,3734.6,12563.4,4407.3,6078.5,6200.1,3778.4,2688.6,3742.6,13676.9,3637.2,1835.7
,,,,,,,,901,2905.4,3552.3,12202.7,4267.2,5913.4,6029.5,3665.1,2661.8,3606.3,13297.8,3523.2,1751.0
,,,,,,,,902,2895.0,3574.3,12047.3,4322.1,6008.2,5933.8,3678.0,2594.3,3675.5,13248.8,3508.1,1781.4
,,,,,,,,903,2884.3,3683.8,12222.3,4329.3,6028.8,6151.5,3709.4,2641.1,3749.0,13382.0,3649.2,1830.0
,,,,,,,,904,3031.4,3750.2,12722.4,4510.8,6360.2,6335.7,3811.8,2794.6,3888.1,14137.9,3730.9,1885.2
,,,,,,,,905,3156.8,3985.2,13447.1,4728.2,6634.3,6647.2,4081.3,2901.7,4040.0,14670.3,3940.5,1963.7
,,,,,,,,906,3316.7,4148.8,14036.3,4984.3,6920.2,6986.5,4201.3,3089.3,4284.9,15417.1,4194.8,2064.5
,,,,,,,,907,3358.6,4293.9,14361.7,5070.0,7022.8,7113.9,4289.6,3139.7,4312.6,15859.2,4194.2,2123.3
,,,,,,,,908,3306.4,4150.6,14056.9,5030.4,6906.4,6964.5,4190.2,3086.1,4255.7,15303.5,4184.0,2059.6
,,,,,,,,909,3153.1,3982.9,13532.9,4747.1,6590.8,6748.7,4037.6,2953.4,4122.5,14631.3,3967.0,1994.6
,,,,,,,,910,3021.3,3802.4,13065.0,4529.1,6361.0,6306.9,3914.3,2817.4,3816.3,14204.6,3798.1,1855.5
,,,,,,,,911,2919.7,3599.6,12449.7,4322.8,6043.9,6040.7,3739.5,2637.2,3727.2,13321.6,3622.0,1805.0
,,,,,,,,912,2804.0,3536.8,12176.1,4233.1,5927.3,5918.1,3634.3,2578.0,3604.0,13112.2,3476.2,1769.9
,,,,,,,,913,2629.7,3226.9,11241.3,3908.5,5428.3,5448.4,3353.5,2382.9,3357.0,12017.0,3273.7,1607.9
,,,,,,,,914,2457.3,3125.9,10369.2,3756.0,5116.0,5145.1,3132.6,2278.4,3141.7,11478.9,3059.0,1515.4
,,,,,,,,915,2319.6,2895.4,9879.4,3507.2,4873.8,4842.4,2982.9,2158.1,2954.9,10953.6,2876.4,1454.1
,,,,,,,,916,2313.4,2859.0,9739.7,3409.1,4758.3,4746.9,2952.3,2132.3,2969.1,10767.7,2835.1,1443.7
,,,,,,,,917,2432.3,2988.9,10248.1,3621.3,4985.5,5010.1,3105.9,2217.7,3025.9,11285.4,2993.5,1508.1
,,,,,,,,918,2650.4,3335.9,11040.5,3981.5,5554.2,5427.2,3396.0,2404.5,3371.7,12253.0,3228.8,1617.5
,,,,,,,,919,2909.5,3618.9,12340.6,4399.6,6017.7,6099.4,3682.2,2682.8,3772.1,13675.4,3653.4,1829.2
,,,,,,,,920,3171.0,3939.3,13316.3,4734.1,6624.2,6530.2,3997.5,2918.6,4041.2,14449.3,3944.0,1952.7
,,,,,,,,921,3274.4,4083.4,13826.0,4814.1,6724.5,6899.7,4150.5,2943.0,4110.2,15239.3,4068.9,2033.6
,,,,,,,,922,3193.9,4015.3,13486.0,4801.3,6742.3,6767.4,4107.9,2971.0,4039.6,14922.9,3997.9,1978.6
,,,,,,,,923,3082.9,3883.3,12912.8,4552.8,6471.8,6399.0,3937.2,2792.0,3949.3,14282.2,3796.2,1919.2
,,,,,,,,924,2975.9,3644.0,12521.0,4452.6,6100.4,6234.6,3744.4,2715.4,3787.3,13472.2,3660.5,1806.9
,,,,,,,,925,2838.7,3530.6,12145.9,4330.9,5909.4,5941.4,3640.5,2628.6,3673.8,13362.6,3590.9,1780.3
,,,,,,,,926,2827.1,3605.2,12126.5,4239.8,5966.8,5960.8,3666.5,2617.5,3650.3,13135.3,3489.0,1761.9
,,,,,,,,927,2889.3,3650.3,12498.7,4397.3,6097.0,6025.8,3752.8,2699.8,3705.2,13442.0,3618.9,1795.3
,,,,,,,,928,2979.2,3804.7,12977.3,4482.9,6331.0,6414.2,3835.3,2764.5,3830.5,13861.8,3702.7,1862.5
,,,,,,,,929,3184.4,4012.6,13440.5,4766.8,6680.2,6726.9,4021.9,2939.5,3999.5,14871.2,3898.8,1956.9
,,,,,,,,930,3295.5,4106.6,14203.7,4966.1,6969.1,7002.6,4303.7,3057.6,4297.2,15506.1,4155.8,2054.4
,,,,,,,,931,3399.3,4273.4,14375.5,5051.5,7174.4,7139.0,4284.6,3064.4,4289.4,15501.3,4226.3,2102.6
,,,,,,,,932,3351.1,4112.0,14252.4,5061.3,6979.5,7004.0,4273.3,3091.6,4212.5,15397.5,4186.9,2092.6
,,,,,,,,933,3159.8,3976.7,13529.9,4812.3,6738.1,6580.2,4075.8,2882.7,4051.5,14803.8,3999.7,1983.0
,,,,,,,,934,3056.2,3778.5,12783.5,4599.9,6398.8,6283.1,3875.7,2777.2,3840.0,13952.3,3716.3,1885.3
,,,,,,,,935,2923.2,3588.3,12354.6,4306.8,6040.3,6109.2,3697.1,2686.2,3746.8,13468.3,3614.3,1814.6
,,,,,,,,936,2827.0,3482.4,12116.2,4283.6,5834.2,5935.1,3622.4,2613.4,3575.0,12930.9,3463.8,1775.6
,,,,,,,,937,2595.1,3222.0,10952.2,3966.5,5425.4,5476.1,3276.6,2403.4,3339.6,11931.7,3235.0,1602.4
,,,,,,,,938,2454.1,3106.8,10564.1,3673.7,5211.3,5135.1,3142.8,2278.7,3137.9,11357.6,3098.6,1536.5
,,,,,,,,939,2319.7,2938.3,9986.1,3457.0,4885.2,4927.5,2971.0,2131.7,2957.3,10821.1,2917.2,1467.5
,,,,,,,,940,2262.8,2881.7,9782.3,3483.8,4793.7,4847.3,2911.9,2126.0,2896.4,10665.6,2876.4,1410.1
,,,,,,,,941,2403.8,3004.7,10242.6,3550.2,4945.3,5031.1,3047.6,2194.3,3044.6,11274.3,2958.5,1491.6
,,,,,,,,942,2662.9,3257.8,11318.8,3995.8,5531.8,5533.5,3341.0,2439.4,3328.7,12159.0,3220.0,1616.7
,,,,,,,,943,2873.8,3632.4,12236.5,4348.7,6083.3,5997.2,3695.6,2709.3,3706.9,13593.3,3610.2,1823.7
,,,,,,,,944,3096.4,3974.9,13548.3,4721.6,6490.3,6565.6,4023.2,2879.7,4045.7,14772.4,3895.9,1953.7
,,,,,,,,945,3290.9,4037.6,13748.4,4843.6,6762.3,6886.7,4082.1,2936.8,4139.1,15248.9,4006.0,2001.4
,,,,,,,,946,3175.9,4002.3,13682.9,4778.8,6752.9,6700.4,4116.6,2972.8,4082.7,14909.6,3991.6,2001.4
,,,,,,,,947,3115.1,3808.2,13141.0,4605.6,6433.1,6339.6,3900.7,2804.9,3863.3,14107.7,3851.5,1904.7
,,,,,,,,948,2939.5,3668.4,12536.7,4383.8,6151.9,6173.7,3783.6,2719.3,3728.5,13683.4,3653.3,1817.3
,,,,,,,,949,2880.6,3582.7,12026.4,4249.9,5968.6,5961.9,3687.5,2604.4,3655.4,13150.4,3505.4,1777.0
,,,,,,,,950,2854.0,3569.3,12003.5,4217.8,5965.3,5872.7,3631.9,2572.9,3576.0,13199.9,3532.6,1757.6
,,,,,,,,951,2886.1,3573.2,12461.8,4300.2,6010.4,6102.4,3710.0,2689.0,3680.7,13573.4,3650.5,1810.0
,,,,,,,,952,3058.5,3764.6,12805.2,4468.2,6243.8,6303.7,3852.6,2803.4,3883.3,13838.7,3782.9,1870.4
,,,,,,,,953,3224.0,4004.6,13523.9,4707.7,6563.4,6577.4,4097.2,2945.7,3990.4,14834.9,3969.3,1972.8
,,,,,,,,954,3347.2,4145.9,14284.6,5017.2,6930.8,6887.9,4203.3,3053.4,4203.7,15220.3,4107.3,2062.6
,,,,,,,,955,3382.6,4163.6,14505.6,4999.6,6989.9,7009.1,4249.1,3143.7,4296.6,15776.8,4161.4,2102.4
,,,,,,,,956,3325.0,4090.6,14087.4,4925.2,6953.3,6944.9,4294.4,3005.9,4243.7,15203.7,4178.0,2084.2
,,,,,,,,957,3150.4,3982.1,13371.6,4805.9,6710.3,6562.3,4024.3,2929.2,4065.5,14926.7,3994.2,1958.0
,,,,,,,,958,3030.3,3822.9,12938.0,4518.8,6315.4,6338.9,3902.0,2802.5,3820.3,14008.6,3709.3,1874.0
,,,,,,,,959,2896.5,3608.0,12237.5,4279.5,6000.7,6061.1,3634.2,2667.0,3636.4,13380.7,3599.1,1787.5
,,,,,,,,960,2779.3,3492.5,11830.1,4244.9,5962.0,5941.6,3643.4,2557.5,3581.9,12896.6,3511.1,1766.7
,,,,,,,,961,2465.9,3048.9,10394.3,3717.3,5103.9,5062.1,3083.7,2269.4,3099.4,11507.7,2997.5,1522.2
,,,,,,,,962,2298.1,2895.0,9836.2,3502.6,4822.1,4798.7,2974.4,2100.0,2966.5,10890.7,2861.6,1439.0
,,,,,,,,963,2186.0,2721.4,9309.6,3280.9,4617.8,4564.0,2815.8,2035.9,2813.2,10017.8,2697.9,1356.4
,,,,,,,,964,2124.1,2697.1,9260.0,3207.9,4507.3,4535.6,2737.8,1954.4,2707.6,10094.7,2697.6,1331.9
,,,,,,,,965,2255.5,2821.8,9492.8,3327.3,4643.8,4670.5,2884.2,2061.6,2827.1,10532.5,2835.1,1401.6
,,,,,,,,966,2446.7,3058.3,10499.0,3723.6,5086.5,5165.6,3143.8,2282.8,3178.7,11318.0,3041.9,1542.7
,,,,,,,,967,2715.7,3364.9,11619.4,4043.5,5771.3,5747.0,3499.5,2517.7,3445.7,12736.7,3438.9,1675.0
,,,,,,,,968,2913.4,3642.7,12633.6,4369.6,6145.1,6153.5,3746.5,2687.9,3745.2,13753.0,3654.9,1846.4
,,,,,,,,969,3068.1,3785.8,13097.4,4528.5,6279.8,6303.9,3859.5,2815.3,3851.1,13978.3,3751.9,1883.2
,,,,,,,,970,3018.4,3736.1,12898.7,4537.3,6367.8,6318.0,3797.0,2781.8,3819.8,13967.3,3723.6,1869.4
,,,,,,,,971,2865.3,3587.3,12258.6,4356.6,5937.5,5974.1,3716.1,2662.4,3640.1,13393.4,3605.3,1815.3
,,,,,,,,972,2762.2,3492.1,11875.9,4103.7,5798.5,5786.1,3561.0,2522.5,3552.3,12942.4,3397.7,1730.7
,,,,,,,,973,2647.2,3374.3,11261.2,3954.6,5583.3,5659.1,3454.0,2437.7,3439.1,12354.6,3314.7,1656.3
,,,,,,,,974,2633.8,3361.3,11478.9,3944.9,5555.7,5561.4,3447.9,2463.1,3385.2,12419.9,3336.0,1664.7
,,,,,,,,975,2733.2,3360.4,11676.3,4067.4,5760.7,5755.5,3461.4,2479.2,3506.2,12649.1,3386.6,1686.0
,,,,,,,,976,2867.8,3588.8,12019.6,4298.5,5953.6,5946.2,3635.2,2606.6,3650.6,13009.9,3572.8,1742.6
,,,,,,,,977,3010.4,3697.4,12527.3,4460.8,6167.3,6294.9,3801.9,2733.9,3807.6,13966.3,3737.2,1835.8
,,,,,,,,978,3141.5,3928.9,13138.5,4671.1,6454.0,6597.2,4004.3,2872.3,3941.3,14443.2,3869.3,1964.7
,,,,,,,,979,3177.6,3923.1,13348.0,4775.5,6587.1,6692.0,4022.1,2904.4,4094.2,14573.7,3975.0,1987.2
,,,,,,,,980,3112.8,3945.9,13108.2,4669.5,6568.4,6562.7,4010.5,2833.8,3986.8,14598.0,3822.1,1914.4
,,,,,,,,981,2970.5,3697.0,12497.2,4515.0,6207.4,6294.3,3818.5,2758.4,3758.4,13702.7,3657.4,1840.6
,,,,,,,,982,2797.7,3519.2,11858.2,4186.9,5910.6,5852.8,3591.5,2583.6,3613.3,13301.6,3527.6,1760.9
,,,,,,,,983,2690.2,3386.5,11358.1,4116.9,5697.2,5685.6,3497.7,2524.0,3486.2,12560.6,3382.0,1697.9
,,,,,,,,984,2678.8,3312.1,11231.5,3934.0,5511.1,5514.4,3334.4,2421.8,3351.8,12178.2,3309.5,1657.7
,,,,,,,,985,2411.5,3094.6,10383.6,3648.0,5120.4,5149.6,3135.6,2209.2,3096.4,11252.2,3063.2,1523.9
,,,,,,,,986,2329.7,2850.6,9842.0,3476.2,4876.0,4854.1,2938.0,2099.1,2939.0,10875.5,2860.7,1442.6
,,,,,,,,987,2199.7,2768.2,9160.9,3273.5,4625.6,4604.9,2822.7,2025.6,2761.2,10159.6,2684.0,1357.1
,,,,,,,,988,2132.8,2660.5,9092.4,3258.0,4499.3,4518.4,2768.3,1970.0,2763.7,9967.6,2693.8,1331.8
,,,,,,,,989,2215.7,2818.7,9401.9,3315.6,4666.6,4642.6,2868.8,2070.4,2828.6,10402.9,2778.9,1389.9
,,,,,,,,990,2448.3,3098.9,10570.1,3729.0,5181.5,5202.4,3153.4,2263.0,3163.5,11474.1,3023.5,1514.3
,,,,,,,,991,2731.0,3411.3,11539.9,4126.0,5709.9,5703.3,3443.6,2524.8,3466.2,12509.3,3373.0,1691.6
,,,,,,,,992,2915.7,3704.6,12535.4,4384.4,6146.2,6169.2,3728.0,2688.8,3782.0,13790.8,3609.4,1807.1
,,,,,,,,993,3076.5,3782.2,12831.3,4541.5,6275.7,6391.5,3883.3,2799.0,3862.1,13941.0,3814.5,1887.9
,,,,,,,,994,3002.7,3757.1,12576.2,4531.3,6324.6,6316.7,3781.6,2752.7,3878.3,13930.0,3720.4,1861.7
,,,,,,,,995,2840.7,3578.7,12381.1,4369.9,5969.4,6012.3,3682.9,2616.6,3685.3,13145.0,3570.5,1797.4
,,,,,,,,996,2730.0,3414.5,11719.4,4061.5,5815.7,5790.9,3450.1,2558.2,3454.0,12687.4,3392.5,1704.2
,,,,,,,,997,2670.4,3374.1,11307.7,4025.6,5548.2,5618.6,3353.5,2417.6,3397.5,12341.0,3371.0,1650.4
,,,,,,,,998,2651.5,3358.0,11166.9,3998.5,5593.9,5482.4,3356.6,2450.7,3409.1,12153.8,3282.1,1673.6
,,,,,,,,999,2739.5,3377.8,11365.9,4088.4,5676.3,5622.6,3487.2,2491.6,3499.6,12579.9,3372.4,1700.0
,,,,,,,,1000,2866.3,3582.2,12178.5,4293.0,5875.2,5823.2,3610.9,2572.1,3629.6,12971.6,3552.3,1731.8
,,,,,,,,1001,2996.5,3717.8,12602.5,4448.9,6158.3,6160.5,3807.3,2735.3,3752.4,13812.7,3709.0,1867.1
,,,,,,,,1002,3102.8,3866.0,13284.9,4627.0,6562.7,6449.4,3936.8,2855.7,4013.4,14233.4,3864.1,1927.8
,,,,,,,,1003,3156.0,3951.3,13391.1,4722.5,6560.6,6688.1,4044.5,2891.8,4078.7,14867.3,3970.0,1993.1
,,,,,,,,1004,3136.2,3879.9,13070.9,4710.6,6560.3,6448.2,3977.7,2817.5,3937.5,14367.0,3855.7,1908.6
,,,,,,,,1005,2975.6,3744.6,12590.9,4486.0,6138.4,6146.6,3792.8,2722.7,3766.8,13701.9,3667.6,1857.2
,,,,,,,,1006,2784.9,3542.4,12008.3,4236.1,5863.1,5902.9,3614.0,2594.2,3613.4,13274.4,3478.8,1738.3
,,,,,,,,1007,2671.3,3370.8,11367.9,4097.8,5660.1,5678.0,3434.1,2481.4,3470.6,12577.3,3394.1,1685.6
,,,,,,,,1008,2622.0,3284.3,11315.9,3985.0,5596.6,5532.2,3406.1,2456.7,3316.9,12175.6,3286.5,1637.5
,,,,,,,,1009,2578.1,3212.3,11172.3,3939.4,5366.7,5404.5,3302.1,2410.4,3313.4,11906.0,3185.7,1606.7
,,,,,,,,1010,2463.4,3075.2,10539.5,3704.0,5158.2,5172.2,3090.8,2280.0,3139.2,11539.8,3028.0,1530.7
,,,,,,,,1011,2335.2,2886.3,9804.3,3493.2,4825.4,4830.5,2927.4,2109.6,2995.6,10624.1,2909.2,1424.6
,,,,,,,,1012,2263.7,2884.1,9623.0,3396.0,4812.4,4810.5,2901.5,2064.8,2940.0,10718.2,2815.0,1413.3
,,,,,,,,1013,2376.2,2983.5,10011.8,3587.0,4930.9,4942.4,3021.9,2204.5,3042.0,11167.6,2939.4,1497.2
,,,,,,,,1014,2636.2,3256.6,10957.6,3898.6,5445.5,5424.6,3336.7,2398.0,3279.8,12176.9,3236.3,1634.9
,,,,,,,,1015,2876.8,3653.4,12101.3,4345.8,5953.9,5952.0,3653.8,2620.4,3672.9,13247.9,3600.2,1820.9
,,,,,,,,1016,3161.8,3848.2,13370.8,4696.6,6570.4,6534.8,3941.9,2890.6,4003.6,14449.6,3848.8,1921.7
,,,,,,,,1017,3262.3,4014.4,13599.6,4864.7,6763.2,6715.7,4050.7,2964.7,4124.5,15097.9,4031.4,2035.8
,,,,,,,,1018,3201.4,4012.7,13656.4,4744.4,6589.0,6581.5,4095.4,2907.0,4100.3,14966.9,3962.1,1999.3
,,,,,,,,1019,3019.5,3758.5,12813.4,4550.1,6391.9,6426.6,3899.2,2827.7,3860.6,14271.7,3836.0,1871.4
,,,,,,,,1020,2896.1,3648.8,12274.0,4373.6,6004.1,6159.8,3691.3,2711.3,3679.1,13489.5,3612.3,1809.9
,,,,,,,,1021,2864.8,3572.9,11947.7,4201.7,5935.3,5918.8,3608.1,2581.4,3593.7,13190.3,3554.3,1752.6
,,,,,,,,1022,2812.4,3544.5,12069.5,4277.8,5869.4,5906.1,3548.0,2606.9,3576.3,13101.8,3473.8,1758.8
,,,,,,,,1023,2880.9,3600.5,12128.4,4300.8,5974.8,6086.2,3652.9,2626.5,3709.0,13339.0,3631.8,1801.1
,,,,,,,,1024,3037.5,3755.7,12571.0,4531.3,6177.7,6237.4,3830.1,2729.4,3773.3,13972.0,3775.7,1869.5
,,,,,,,,1025,3131.7,3980.7,13571.4,4790.9,6602.5,6587.8,4019.8,2899.1,3983.8,14658.6,3978.3,1974.1
,,,,,,,,1026,3272.1,4179.4,14129.9,4911.4,6937.3,6848.2,4155.8,3066.5,4183.8,15224.2,4157.8,2072.4
,,,,,,,,1027,3380.0,4199.2,14442.4,5108.6,6968.0,7004.4,4333.8,3090.9,4297.5,15365.8,4144.5,2097.6
,,,,,,,,1028,3346.8,4102.2,14120.1,4890.3,6859.6,6892.0,4164.2,3071.0,4223.8,15283.6,4046.3,2076.4
,,,,,,,,1029,3178.4,3968.3,13296.9,4670.4,6526.1,6533.5,4046.0,2891.6,4076.7,14798.5,3917.5,1948.8
,,,,,,,,1030,3033.4,3719.4,12602.4,4541.6,6280.4,6238.5,3793.7,2775.4,3802.8,13874.1,3709.1,1850.1
,,,,,,,,1031,2877.8,3569.6,12317.3,4261.7,6093.0,6063.3,3610.7,2631.8,3707.7,13281.4,3540.1,1766.2
,,,,,,,,1032,2766.1,3541.8,12061.9,4216.9,5894.9,5884.1,3557.8,2587.5,3547.5,13051.0,3514.7,1734.0
,,,,,,,,1033,2585.1,3248.1,10842.3,3821.6,5476.3,5463.9,3291.8,2353.5,3287.2,12059.2,3200.7,1600.7
,,,,,,,,1034,2463.6,3038.2,10357.2,3688.6,5096.3,5038.6,3160.2,2266.9,3091.3,11341.1,3051.2,1522.6
,,,,,,,,1035,2292.8,2868.6,9766.9,3485.2,4768.2,4804.9,2921.9,2116.9,2920.6,10825.7,2903.4,1444.5
,,,,,,,,1036,2263.2,2849.5,9541.5,3430.7,4680.3,4699.9,2906.5,2106.0,2930.4,10442.4,2854.5,1430.3
,,,,,,,,1037,2356.3,2993.6,10025.9,3558.3,4922.3,4942.0,3021.7,2196.1,3043.4,10905.7,2987.3,1459.8
,,,,,,,,1038,2640.8,3211.7,11196.7,3874.6,5480.1,5514.6,3315.0,2396.3,3314.4,11944.6,3229.0,1625.0
,,,,,,,,1039,2913.4,3634.7,12306.4,4273.8,5995.1,6115.7,3642.4,2669.7,3649.4,13388.2,3633.3,1791.6
,,,,,,,,1040,3084.8,3946.4,13387.1,4602.0,6461.3,6414.9,4002.9,2897.2,3913.2,14357.1,3919.4,1951.3
,,,,,,,,1041,3262.9,4002.2,13714.7,4811.0,6806.5,6649.8,4048.5,2966.9,4043.5,14770.8,4061.5,2012.1
,,,,,,,,1042,3178.0,3984.5,13667.8,4769.9,6559.7,6722.2,4095.5,2893.2,4032.7,14544.7,3989.1,1980.0
,,,,,,,,1043,3087.5,3836.3,13116.7,4580.9,6303.5,6324.1,3876.7,2761.4,3896.3,14146.7,3772.0,1918.9
,,,,,,,,1044,2901.8,3668.3,12255.1,4392.9,5996.0,6135.5,3739.1,2673.8,3689.9,13574.6,3572.4,1836.6
,,,,,,,,1045,2851.3,3517.4,12098.5,4247.1,5993.6,5900.7,3565.0,2591.7,3618.4,13004.6,3480.2,1783.2
,,,,,,,,1046,2785.1,3527.8,12023.3,4280.9,5908.5,5873.6,3565.1,2560.6,3601.9,13205.2,3547.9,1771.0
,,,,,,,,1047,2897.4,3640.6,12343.3,4328.9,5980.6,5913.8,3607.1,2656.4,3637.4,13313.2,3534.2,1763.5
,,,,,,,,1048,3032.4,3702.7,12569.9,4445.1,6279.5,6298.1,3783.7,2732.8,3841.7,13910.3,3782.0,1875.0
,,,,,,,,1049,3137.9,3947.4,13334.5,4742.2,6632.4,6580.9,4034.2,2856.6,3973.0,14619.4,3962.0,1937.2
,,,,,,,,1050,3336.6,4126.1,13801.2,4928.5,6931.9,6907.3,4135.0,2979.6,4193.0,15175.6,4134.8,2048.4
,,,,,,,,1051,3331.4,4180.6,14335.7,5033.6,7043.9,6959.9,4281.9,3025.9,4256.1,15437.7,4185.3,2065.2
,,,,,,,,1052,3246.5,4117.3,13979.0,4914.6,6969.1,6794.2,4213.2,2976.5,4205.6,15141.1,4119.9,2022.5
,,,,,,,,1053,3105.7,3894.1,13258.6,4668.4,6522.8,6487.8,3953.3,2909.0,3999.6,14725.8,3883.8,1959.2
,,,,,,,,1054,2987.5,3739.9,12553.5,4427.0,6218.3,6258.8,3775.9,2758.5,3803.1,13981.0,3737.1,1848.7
,,,,,,,,1055,2860.3,3569.7,12065.7,4290.1,5967.5,5965.0,3606.1,2625.4,3612.4,13204.0,3608.4,1768.5
,,,,,,,,1056,2795.2,3532.6,12012.9,4135.5,5925.7,5814.4,3611.8,2558.4,3607.8,13098.3,3502.4,1764.6
,,,,,,,,1057,2563.0,3225.0,10919.9,3922.1,5415.9,5446.4,3252.8,2394.4,3234.9,12013.0,3222.8,1589.4
,,,,,,,,1058,2473.2,3007.0,10363.1,3619.3,5163.9,5106.1,3144.2,2221.4,3121.3,11294.9,3030.3,1524.0
,,,,,,,,1059,2305.8,2852.8,9848.9,3512.3,4891.5,4892.0,2934.0,2115.9,2946.3,10715.1,2853.9,1444.5
,,,,,,,,1060,2260.7,2832.2,9488.9,3395.7,4681.1,4790.4,2908.9,2109.4,2902.8,10575.6,2826.6,1430.9
,,,,,,,,1061,2377.0,2990.4,10183.9,3547.7,5020.3,4945.2,2983.0,2195.4,2996.8,11053.7,2988.5,1463.1
,,,,,,,,1062,2633.5,3223.0,11027.2,3879.5,5371.7,5373.2,3352.3,2385.5,3308.8,12040.7,3281.5,1638.7
,,,,,,,,1063,2871.2,3639.1,12234.4,4327.0,5946.1,6047.8,3668.5,2662.7,3676.9,13426.7,3584.5,1811.6
,,,,,,,,1064,3106.7,3921.3,13288.5,4625.8,6564.6,6542.0,4012.6,2877.6,3924.3,14487.4,3819.1,1949.5
,,,,,,,,1065,3192.3,4051.6,13457.8,4787.8,6733.1,6650.1,4098.6,2965.2,4133.1,14913.3,3953.4,1979.3
,,,,,,,,1066,3199.0,4012.7,13462.4,4785.4,6624.5,6534.2,4081.6,2938.4,4000.7,14506.7,3921.8,1978.6
,,,,,,,,1067,3002.7,3806.3,12863.3,4553.0,6393.7,6370.6,3889.9,2821.1,3816.4,13888.6,3750.1,1914.5
,,,,,,,,1068,2881.4,3665.5,12237.7,4337.8,6062.1,6034.4,3734.2,2640.3,3649.0,13362.1,3668.2,1809.3
,,,,,,,,1069,2857.4,3543.0,12075.1,4254.9,5896.8,5967.6,3636.3,2612.7,3569.3,13258.0,3484.9,1748.6
,,,,,,,,1070,2788.1,3468.6,12067.2,4240.9,5877.3,5871.7,3553.3,2587.4,3587.2,13137.5,3510.8,1736.4
,,,,,,,,1071,2903.6,3527.4,12277.4,4315.1,5935.5,5904.2,3646.0,2627.5,3673.9,13438.0,3567.0,1765.5
,,,,,,,,1072,2966.1,3719.2,12498.3,4478.0,6314.5,6281.4,3838.6,2747.4,3835.1,13685.5,3763.1,1836.4
,,,,,,,,1073,3183.5,3875.8,13386.4,4644.5,6558.7,6560.1,4043.7,2898.6,4062.2,14560.2,3869.1,1933.6
,,,,,,,,1074,3292.8,4082.4,14141.4,4952.6,6866.1,6816.7,4240.8,3047.2,4166.2,15141.5,4080.9,2033.1
,,,,,,,,1075,3352.1,4205.9,14014.3,5000.9,7010.0,7005.9,4239.8,3042.6,4284.8,15561.5,4221.8,2065.2
,,,,,,,,1076,3264.3,4148.8,13910.0,4997.5,6912.2,6782.9,4175.8,3031.7,4166.1,15132.4,4055.0,2044.0
,,,,,,,,1077,3170.4,3914.2,13452.0,4761.9,6563.4,6617.8,3958.9,2844.1,4052.8,14666.7,3860.5,1968.5
,,,,,,,,1078,2972.2,3684.3,12798.5,4504.1,6294.5,6256.8,3839.5,2743.6,3764.3,13653.9,3715.9,1878.7
,,,,,,,,1079,2881.8,3573.8,12306.3,4333.6,6006.4,5952.2,3662.6,2602.3,3601.5,13441.7,3557.9,1801.4
,,,,,,,,1080,2748.1,3504.6,11992.1,4131.1,5767.9,5812.1,3528.2,2520.1,3539.8,12996.8,3462.0,1759.7
,,,,,,,,1081,2591.3,3225.6,10944.3,3910.6,5393.6,5445.2,3252.3,2341.4,3274.7,11835.0,3187.5,1625.9
,,,,,,,,1082,2450.4,3077.9,10370.3,3665.2,5153.4,5102.1,3097.1,2217.5,3089.4,11370.9,3018.0,1533.9
,,,,,,,,1083,2320.8,2857.6,9807.9,3421.9,4766.7,4850.8,2921.3,2089.3,2902.2,10546.3,2840.2,1435.9
,,,,,,,,1084,2232.6,2815.4,9584.5,3401.5,4737.9,4724.7,2884.1,2104.1,2886.8,10540.4,2833.5,1391.6
,,,,,,,,1085,2364.2,2940.3,10100.6,3543.4,4892.0,4867.1,3006.5,2166.3,2997.5,10935.0,2986.5,1464.5
,,,,,,,,1086,2565.7,3263.2,10906.6,3868.1,5399.3,5382.9,3301.4,2357.5,3301.1,11999.8,3276.4,1595.4
,,,,,,,,1087,2899.6,3608.6,12134.8,4304.8,6077.7,5962.9,3670.5,2665.8,3600.6,13492.9,3563.9,1813.3
,,,,,,,,1088,3103.4,3908.6,13161.3,4712.3,6540.6,6461.1,3904.2,2868.8,3951.8,14509.1,3840.7,1961.6
,,,,,,,,1089,3184.8,4047.1,13535.3,4829.6,6657.9,6726.8,4069.5,2961.7,4125.8,14857.2,3945.8,1979.7
,,,,,,,,1090,3140.8,3923.6,13263.8,4784.7,6542.1,6664.7,3989.8,2928.4,3970.7,14854.3,3925.8,1953.0
,,,,,,,,1091,3031.9,3806.5,12993.7,4551.4,6384.6,6295.8,3870.2,2748.3,3864.3,14192.4,3770.7,1883.8
,,,,,,,,1092,2931.1,3672.0,12446.5,4284.1,5961.3,6116.3,3634.8,2656.7,3696.5,13535.0,3643.7,1800.6
,,,,,,,,1093,2777.3,3552.6,12025.7,4242.3,5849.6,5939.0,3635.3,2556.2,3599.2,13063.3,3542.1,1766.3
,,,,,,,,1094,2810.4,3456.7,11877.5,4163.2,5907.2,5861.1,3561.1,2547.6,3528.7,13099.8,3471.2,1747.2
,,,,,,,,1095,2875.2,3543.4,12250.7,4284.2,5888.8,5972.4,3631.8,2646.3,3680.6,13128.6,3514.2,1778.2
,,,,,,,,1096,3002.1,3728.4,12742.8,4485.0,6186.4,6140.1,3784.5,2767.6,3780.2,13913.9,3760.0,1876.2
,,,,,,,,1097,3092.9,3916.0,13360.3,4735.7,6606.2,6552.2,4028.2,2856.2,4036.9,14384.2,3858.9,1974.1
,,,,,,,,1098,3321.5,4057.9,13801.1,4893.1,6745.0,6760.6,4171.8,3039.7,4225.2,15006.1,4085.9,2040.4
,,,,,,,,1099,3365.8,4151.2,14303.8,4982.9,6929.1,7026.4,4299.7,3076.3,4281.7,15466.8,4208.5,2109.3
,,,,,,,,1100,3293.8,4147.5,13924.6,4855.7,6813.1,6814.1,4155.2,3011.1,4218.5,15316.4,4145.3,2013.2
,,,,,,,,1101,3087.4,3937.7,13193.8,4668.9,6501.5,6615.4,3968.1,2907.9,3989.8,14579.9,3877.9,1982.4
,,,,,,,,1102,3004.6,3699.0,12643.4,4446.6,6247.9,6177.3,3812.5,2732.4,3804.5,13793.8,3701.8,1867.2
,,,,,,,,1103,2867.7,3585.2,12284.4,4295.9,5939.9,5997.7,3588.9,2599.9,3598.8,13193.7,3565.3,1785.8
,,,,,,,,1104,2740.6,3459.7,11903.0,4210.5,5775.0,5841.7,3541.7,2537.3,3536.2,13058.5,3428.8,1726.5
,,,,,,,,1105,2567.2,3199.7,10906.4,3888.2,5297.9,5354.1,3267.3,2365.0,3236.2,11852.0,3225.5,1585.9
,,,,,,,,1106,2395.9,3038.5,10270.2,3614.1,5007.4,5111.8,3067.4,2255.7,3124.7,11218.8,3010.3,1497.7
,,,,,,,,1107,2265.8,2854.5,9802.2,3477.7,4863.8,4761.2,2910.1,2083.0,2886.8,10665.9,2834.8,1454.9
,,,,,,,,1108,2261.6,2779.8,9580.1,3352.1,4693.3,4683.7,2904.8,2069.7,2867.4,10366.1,2795.0,1416.5
,,,,,,,,1109,2340.8,2978.4,10013.0,3584.2,4890.0,4880.1,3039.3,2154.8,2995.1,10976.0,2970.4,1481.2
,,,,,,,,1110,2567.9,3259.6,11078.4,3830.4,5477.9,5454.7,3290.5,2347.7,3283.8,11960.5,3195.5,1600.8
,,,,,,,,1111,2877.9,3573.5,12018.0,4279.2,6020.4,5952.7,3603.7,2604.6,3598.4,13199.9,3530.1,1793.0
,,,,,,,,1112,3090.5,3814.4,12934.3,4703.2,6402.8,6373.7,3935.7,2832.1,3933.4,14191.1,3810.9,1906.2
,,,,,,,,1113,3198.4,3986.7,13558.9,4816.9,6711.9,6766.8,4021.4,2961.5,4072.2,14587.4,3935.4,1977.2
,,,,,,,,1114,3111.4,3945.0,13563.1,4752.3,6482.8,6609.7,4016.5,2910.5,3964.3,14636.4,3949.6,1997.0
,,,,,,,,1115,2999.0,3796.3,12934.9,4559.6,6269.8,6223.7,3843.0,2786.9,3881.4,13882.6,3771.9,1890.4
,,,,,,,,1116,2874.6,3619.9,12192.5,4332.7,5950.2,6117.6,3722.4,2652.9,3699.6,13450.4,3571.6,1793.2
,,,,,,,,1117,2815.1,3533.4,11835.0,4219.2,5922.7,5901.7,3622.8,2593.4,3585.8,13168.9,3521.5,1732.2
,,,,,,,,1118,2819.2,3506.6,11758.0,4198.8,5881.7,5902.1,3515.2,2579.7,3587.2,12977.8,3530.2,1735.0
,,,,,,,,1119,2816.9,3525.1,12084.0,4265.2,5973.1,5909.2,3663.9,2629.1,3614.5,13128.4,3600.1,1786.9
,,,,,,,,1120,2984.9,3667.1,12740.8,4474.6,6261.7,6149.2,3730.2,2759.1,3731.9,13947.4,3732.6,1866.5
,,,,,,,,1121,3112.0,3937.2,13304.8,4751.3,6592.7,6529.9,3958.0,2887.8,3975.8,14413.2,3881.4,1980.6
,,,,,,,,1122,3249.5,4090.9,13914.2,4870.7,6903.7,6770.8,4213.8,3036.3,4165.4,15285.4,4104.9,2043.6
,,,,,,,,1123,3351.7,4121.3,14327.2,4989.1,6902.1,6999.7,4292.7,3032.3,4199.3,15517.1,4101.5,2055.6
,,,,,,,,1124,3259.5,4044.3,13990.7,4888.9,6885.3,6809.9,4139.6,2962.9,4216.6,15102.1,4070.3,2019.9
,,,,,,,,1125,3140.5,3848.3,13425.5,4664.6,6562.3,6503.2,3946.8,2874.8,4005.3,14381.3,3933.5,1967.2
,,,,,,,,1126,2990.5,3677.4,12527.4,4494.9,6271.8,6183.4,3798.6,2757.4,3754.1,13708.3,3663.6,1874.4
,,,,,,,,1127,2808.9,3565.1,12100.6,4323.2,5971.8,5955.8,3643.7,2626.1,3590.3,13067.3,3519.4,1751.0
,,,,,,,,1128,2740.9,3486.8,11715.3,4140.9,5720.4,5785.6,3532.4,2570.6,3518.6,12804.2,3445.0,1746.4
,,,,,,,,1129,2418.5,2977.2,10282.8,3626.0,5022.5,4976.4,3101.8,2184.9,3031.0,11191.1,3002.8,1521.4
,,,,,,,,1130,2242.6,2865.5,9806.1,3443.8,4705.4,4779.5,2937.5,2100.7,2893.4,10603.4,2878.7,1421.5
,,,,,,,,1131,2134.0,2679.0,9103.1,3251.8,4443.4,4484.3,2774.6,1985.2,2700.9,10034.2,2727.3,1351.0
,,,,,,,,1132,2122.4,2636.7,8851.5,3135.2,4354.8,4398.2,2656.8,1941.6,2671.3,9651.1,2662.7,1312.6
,,,,,,,,1133,2241.2,2724.5,9262.6,3266.7,4592.6,4643.6,2794.4,2038.9,2772.0,10096.7,2791.4,1386.9
,,,,,,,,1134,2406.5,2989.1,10182.0,3634.1,5043.2,5023.1,3114.7,2223.2,3052.8,11166.1,3065.2,1516.8
,,,,,,,,1135,2704.6,3374.1,11477.7,4061.5,5580.2,5628.1,3443.7,2463.8,3381.2,12550.1,3384.0,1663.9
,,,,,,,,1136,2937.5,3673.7,12190.9,4397.4,6108.6,6005.8,3654.2,2658.6,3676.9,13330.9,3661.5,1792.7
,,,,,,,,1137,3015.3,3751.5,12614.1,4516.8,6284.5,6284.7,3811.9,2749.0,3791.1,13811.7,3786.7,1851.8
,,,,,,,,1138,2947.5,3704.2,12506.6,4397.9,6188.9,6255.1,3758.5,2737.0,3730.5,13556.6,3741.5,1847.2
,,,,,,,,1139,2830.8,3531.0,12174.0,4260.2,5829.4,5840.5,3651.1,2616.5,3647.3,13152.2,3585.6,1751.5
,,,,,,,,1140,2713.2,3377.7,11339.0,4117.2,5735.6,5600.9,3478.1,2467.2,3476.0,12687.5,3378.7,1714.9
,,,,,,,,1141,2617.6,3301.6,11253.2,3974.1,5420.1,5574.8,3316.6,2383.8,3396.8,12352.4,3304.0,1663.8
,,,,,,,,1142,2615.9,3291.4,11218.9,3951.9,5434.8,5521.7,3384.0,2379.1,3368.1,12099.8,3289.8,1656.7
,,,,,,,,1143,2700.4,3307.5,11420.3,4026.2,5546.3,5529.0,3408.2,2483.6,3421.5,12342.7,3325.0,1681.8
,,,,,,,,1144,2746.9,3474.2,11694.9,4212.3,5873.9,5776.5,3490.2,2546.3,3584.6,12715.7,3507.9,1717.4
,,,,,,,,1145,2933.5,3617.1,12492.3,4385.0,6183.6,6081.0,3765.9,2672.7,3750.9,13465.9,3688.2,1827.3
,,,,,,,,1146,3031.9,3817.9,12918.6,4570.4,6350.7,6433.4,3856.3,2793.3,3850.2,14076.0,3832.7,1909.2
,,,,,,,,1147,3086.7,3884.0,13112.9,4636.9,6547.3,6595.7,3916.8,2828.5,3992.9,14452.7,3837.4,1954.4
,,,,,,,,1148,3045.9,3814.6,12843.9,4621.1,6342.1,6451.3,3941.2,2788.1,3937.8,14151.8,3808.3,1920.5
,,,,,,,,1149,2897.0,3686.8,12593.1,4379.2,6059.5,6094.4,3772.7,2658.4,3701.9,13389.2,3706.4,1807.9
,,,,,,,,1150,2786.7,3462.4,11665.8,4201.6,5724.7,5770.1,3496.8,2570.2,3538.9,13076.9,3444.7,1714.1
,,,,,,,,1151,2638.1,3341.0,11267.2,3994.8,5563.1,5571.4,3361.2,2427.7,3434.2,12236.4,3358.2,1643.2
,,,,,,,,1152,2563.3,3226.8,10971.8,3873.8,5428.1,5419.6,3325.0,2353.3,3352.6,12169.0,3250.0,1605.6
,,,,,,,,1153,2399.3,2994.0,10208.7,3635.6,4941.6,5077.2,3067.8,2184.8,3094.9,11124.5,2980.2,1501.3
,,,,,,,,1154,2256.4,2873.1,9597.4,3385.5,4801.2,4758.2,2859.7,2104.1,2876.1,10572.2,2857.6,1426.3
,,,,,,,,1155,2178.1,2717.2,9246.2,3231.7,4539.8,4437.9,2765.9,1982.1,2744.2,9991.9,2658.0,1324.7
,,,,,,,,1156,2107.5,2642.9,8975.0,3143.9,4410.6,4410.3,2673.6,1906.3,2720.1,9758.2,2662.1,1306.5
,,,,,,,,1157,2183.8,2760.6,9244.1,3312.2,4550.3,4543.2,2829.3,1997.1,2769.1,10359.5,2732.7,1395.6
,,,,,,,,1158,2412.7,3062.9,10241.3,3641.9,5069.4,5112.0,3048.8,2200.8,3060.9,11280.6,3042.5,1510.9
,,,,,,,,1159,2688.6,3367.3,11201.1,3994.6,5536.8,5629.2,3383.2,2461.8,3416.8,12280.7,3326.3,1699.3
,,,,,,,,1160,2890.9,3660.2,12332.1,4390.9,6048.0,5995.8,3622.8,2655.1,3626.1,13437.7,3604.3,1818.2
,,,,,,,,1161,2964.9,3729.5,12867.8,4496.8,6163.5,6236.3,3824.6,2734.4,3848.3,13821.8,3757.7,1854.4
,,,,,,,,1162,2952.7,3693.5,12676.2,4355.5,6176.0,6116.3,3771.2,2702.3,3729.2,13681.1,3726.3,1837.7
,,,,,,,,1163,2788.9,3555.0,11957.7,4194.3,5964.1,5843.5,3645.5,2626.1,3583.0,13078.7,3554.4,1775.7
,,,,,,,,1164,2683.2,3396.4,11319.4,4059.9,5606.2,5653.4,3442.9,2447.2,3413.2,12625.8,3400.7,1665.9
,,,,,,,,1165,2658.3,3286.2,11221.3,3937.7,5417.4,5483.4,3339.1,2430.8,3312.2,12189.9,3273.2,1622.0
,,,,,,,,1166,2602.9,3276.9,11185.0,3875.7,5522.5,5387.9,3346.3,2413.4,3374.9,11961.7,3263.5,1645.9
,,,,,,,,1167,2645.5,3367.6,11364.1,3952.8,5584.6,5514.8,3400.3,2433.6,3436.3,12384.0,3297.1,1659.3
,,,,,,,,1168,2755.5,3435.9,11964.9,4204.6,5830.4,5817.4,3551.9,2551.3,3512.7,12683.7,3426.9,1752.6
,,,,,,,,1169,2907.4,3696.4,12524.9,4376.4,6064.0,6062.6,3700.0,2665.1,3681.5,13724.7,3637.7,1828.0
,,,,,,,,1170,3027.6,3760.4,13038.8,4639.0,6438.1,6443.5,3898.7,2831.9,3867.0,14299.9,3868.3,1910.7
,,,,,,,,1171,3113.2,3895.9,13060.4,4643.3,6578.6,6415.5,3969.6,2857.3,3931.0,14343.8,3904.7,1961.2
,,,,,,,,1172,3046.7,3826.5,12916.3,4541.8,6426.5,6301.5,3830.8,2775.7,3861.3,14263.2,3797.1,1887.7
,,,,,,,,1173,2881.3,3641.8,12518.8,4420.5,6183.3,6105.8,3670.2,2669.7,3770.8,13420.5,3683.0,1852.9
,,,,,,,,1174,2802.2,3482.0,11952.8,4214.2,5836.4,5785.3,3535.8,2559.6,3546.1,12737.4,3501.6,1757.5
,,,,,,,,1175,2662.6,3341.9,11143.7,4039.4,5624.4,5511.0,3432.2,2439.3,3395.9,12335.7,3330.3,1651.5
,,,,,,,,1176,2619.9,3287.2,11158.4,3866.7,5376.3,5397.1,3282.1,2346.3,3301.4,12006.1,3238.1,1601.9
,,,,,,,,1177,2507.3,3222.4,10832.6,3825.0,5371.3,5345.6,3234.4,2349.3,3266.6,11613.1,3166.3,1609.9
,,,,,,,,1178,2418.9,2994.5,10130.2,3572.3,5096.9,4995.8,3059.1,2214.3,3062.3,11279.6,3023.4,1491.4
,,,,,,,,1179,2279.9,2876.2,9643.2,3442.6,4821.1,4741.2,2864.7,2074.5,2858.8,10668.2,2847.6,1409.4
,,,,,,,,1180,2259.6,2816.1,9476.2,3311.6,4601.7,4612.2,2884.7,2026.6,2834.8,10375.4,2765.4,1400.0
,,,,,,,,1181,2317.5,2902.2,9913.8,3523.0,4856.6,4871.0,2970.2,2122.2,3001.7,10908.3,2945.8,1480.8
,,,,,,,,1182,2547.9,3189.3,10944.4,3866.7,5414.4,5307.2,3285.3,2368.9,3283.0,11760.5,3256.6,1618.6
,,,,,,,,1183,2804.0,3538.5,12143.4,4220.4,6004.3,5909.9,3643.7,2634.6,3656.6,13043.1,3579.4,1769.5
,,,,,,,,1184,3106.7,3798.0,13083.3,4533.6,6345.1,6453.6,3857.9,2767.7,3956.4,14078.8,3798.6,1928.6
,,,,,,,,1185,3168.2,3954.9,13619.5,4691.0,6674.9,6698.3,4052.8,2918.0,3996.2,14478.3,3909.9,1967.8
,,,,,,,,1186,3123.4,3879.5,13193.3,4755.1,6579.1,6538.5,3961.8,2900.4,3983.9,14542.6,3867.9,1936.1
,,,,,,,,1187,3030.0,3742.7,12680.8,4534.5,6223.5,6303.3,3841.5,2727.2,3864.3,13749.9,3799.7,1888.3
,,,,,,,,1188,2839.0,3569.6,12244.8,4239.3,5980.5,5941.2,3648.4,2594.8,3692.7,13373.0,3592.0,1811.9
,,,,,,,,1189,2769.8,3498.8,11797.1,4135.5,5860.1,5889.3,3568.7,2537.4,3523.8,12769.7,3535.6,1717.4
,,,,,,,,1190,2782.5,3508.2,11808.3,4206.3,5767.0,5757.2,3476.2,2516.1,3552.6,12718.5,3517.8,1713.6
,,,,,,,,1191,2785.9,3571.0,12127.2,4285.2,5914.8,5820.0,3543.9,2579.9,3612.0,12903.3,3588.5,1790.6
,,,,,,,,1192,2913.4,3719.0,12419.4,4458.7,6139.9,6140.7,3706.1,2719.2,3718.8,13550.9,3731.5,1855.8
,,,,,,,,1193,3108.9,3848.8,13077.8,4712.9,6381.9,6541.6,3972.7,2802.8,3959.2,14286.3,3924.4,1940.2
,,,,,,,,1194,3259.4,4004.0,13717.6,4829.0,6816.1,6859.8,4141.0,2972.5,4076.5,15046.0,4109.6,2004.1
,,,,,,,,1195,3259.7,4118.0,14170.4,5001.4,6911.9,6812.3,4201.8,3011.8,4212.7,15382.3,4159.7,2073.4
,,,,,,,,1196,3268.0,4065.3,13620.8,4851.2,6692.7,6807.0,4135.7,2934.2,4075.5,14991.8,4015.9,2013.8
,,,,,,,,1197,3088.5,3887.3,13006.9,4652.2,6524.8,6446.9,3902.0,2805.9,4001.8,14445.2,3928.6,1955.1
,,,,,,,,1198,2966.7,3677.5,12526.3,4364.2,6159.8,6061.7,3691.2,2728.1,3780.6,13594.2,3640.6,1819.1
,,,,,,,,1199,2794.9,3544.0,12138.5,4250.0,5835.1,5865.0,3610.5,2554.9,3558.8,13244.0,3497.0,1750.0
,,,,,,,,1200,2790.0,3420.9,11736.7,4134.4,5787.6,5707.8,3542.4,2538.7,3473.4,12624.5,3460.8,1733.8
,,,,,,,,1201,2518.7,3145.0,10612.8,3802.8,5371.0,5321.0,3195.4,2298.3,3232.8,11624.0,3195.8,1581.6
,,,,,,,,1202,2417.8,2962.7,10251.9,3649.5,5021.0,4979.8,3077.3,2221.1,3039.9,11219.8,2980.3,1491.3
,,,,,,,,1203,2281.3,2858.0,9581.4,3408.2,4678.5,4756.4,2885.5,2062.0,2885.1,10522.6,2856.1,1438.0
,,,,,,,,1204,2204.7,2803.3,9437.1,3360.7,4702.7,4585.8,2811.3,2047.9,2857.0,10289.0,2799.1,1413.1
,,,,,,,,1205,2321.0,2927.1,9985.3,3509.7,4801.0,4833.6,2929.4,2146.6,2956.3,10888.7,2919.2,1473.6
,,,,,,,,1206,2528.3,3197.3,10897.6,3823.4,5330.2,5307.2,3219.5,2324.6,3271.7,11828.1,3214.6,1597.0
,,,,,,,,1207,2835.8,3549.6,11950.4,4209.0,5861.2,5823.1,3654.5,2560.0,3586.9,13078.3,3521.0,1769.5
,,,,,,,,1208,3020.3,3855.6,13143.8,4549.7,6336.5,6365.9,3865.0,2808.8,3915.7,14255.5,3861.5,1910.7
,,,,,,,,1209,3160.9,3894.3,13385.3,4722.4,6578.1,6642.3,3977.0,2864.6,4033.3,14446.0,3910.9,1986.7
,,,,,,,,1210,3135.2,3943.2,13363.4,4645.7,6529.8,6432.4,3913.0,2831.1,3912.7,14641.6,3863.0,1938.1
,,,,,,,,1211,2978.0,3695.1,12528.1,4427.4,6219.8,6271.3,3789.9,2712.2,3777.5,13899.7,3774.6,1898.4
,,,,,,,,1212,2822.7,3609.0,12291.8,4226.3,5920.5,5897.4,3634.2,2608.7,3628.4,13046.9,3540.1,1786.8
,,,,,,,,1213,2792.7,3479.3,11765.4,4166.7,5806.6,5750.2,3573.4,2560.6,3526.0,12756.6,3482.0,1734.0
,,,,,,,,1214,2763.8,3490.6,11874.4,4165.8,5746.0,5733.6,3471.3,2558.4,3563.5,12939.9,3424.8,1719.8
,,,,,,,,1215,2803.6,3477.6,11844.3,4221.2,5864.2,5824.5,3630.9,2602.0,3534.5,13025.0,3555.9,1759.9
,,,,,,,,1216,2938.8,3633.5,12644.5,4335.8,6212.7,6033.9,3700.1,2664.3,3734.6,13594.2,3712.7,1814.9
,,,,,,,,1217,3114.4,3808.2,13251.6,4640.7,6530.0,6459.2,3962.7,2842.5,3959.3,14108.3,3820.0,1918.3
,,,,,,,,1218,3254.3,4037.8,13536.7,4772.5,6641.0,6691.3,4097.4,2984.8,4158.8,14893.7,4030.3,2036.8
,,,,,,,,1219,3243.0,4049.7,13842.4,4881.1,6858.2,6818.8,4205.8,2999.9,4132.2,15320.3,4071.9,2049.2
,,,,,,,,1220,3258.2,4029.7,13708.8,4828.3,6647.7,6728.5,4167.7,2944.3,4053.7,14921.8,4039.1,2000.0
,,,,,,,,1221,3093.2,3912.5,12992.2,4662.8,6505.4,6361.5,3965.3,2852.7,3945.3,14494.4,3903.9,1917.5
,,,,,,,,1222,2912.9,3668.5,12428.4,4350.7,6118.0,6064.9,3683.6,2661.7,3787.5,13684.2,3726.7,1845.0
,,,,,,,,1223,2803.9,3493.5,12010.5,4269.0,5856.8,5888.5,3614.1,2579.5,3624.6,13108.4,3542.7,1776.2
,,,,,,,,1224,2756.0,3379.9,11715.6,4072.6,5775.0,5695.3,3444.7,2521.2,3515.0,12725.0,3443.0,1715.1
,,,,,,,,1225,2557.3,3175.9,10877.7,3770.8,5226.2,5275.3,3227.6,2327.9,3242.9,11870.1,3200.3,1608.0
,,,,,,,,1226,2412.3,3017.3,10286.3,3536.2,5045.2,4963.7,3040.7,2212.0,3076.7,11010.3,3016.7,1486.3
,,,,,,,,1227,2265.4,2788.4,9697.5,3352.2,4738.5,4707.3,2870.6,2090.5,2872.9,10501.2,2844.1,1418.7
,,,,,,,,1228,2197.2,2816.1,9308.3,3364.8,4643.3,4663.7,2787.2,2025.6,2857.2,10236.3,2780.0,1414.4
,,,,,,,,1229,2292.7,2873.5,9843.0,3490.9,4866.2,4899.8,2919.9,2102.1,2929.3,10699.3,2912.3,1470.8
,,,,,,,,1230,2532.9,3149.1,10832.1,3771.5,5252.6,5302.5,3252.1,2357.3,3263.5,11880.9,3230.9,1597.5
,,,,,,,,1231,2800.4,3479.4,11896.8,4229.1,5917.2,5969.5,3569.4,2621.2,3538.1,13171.8,3532.3,1753.5
,,,,,,,,1232,3071.2,3755.0,12748.0,4545.7,6281.1,6367.2,3905.7,2755.4,3904.4,14109.2,3837.7,1886.4
,,,,,,,,1233,3122.6,3981.1,13477.5,4732.4,6481.6,6496.7,3995.3,2882.4,3965.9,14653.8,3939.9,1996.8
,,,,,,,,1234,3142.7,3900.2,13043.5,4644.5,6431.9,6513.4,3983.5,2841.0,3959.8,14441.4,3955.5,1971.2
,,,,,,,,1235,2979.7,3676.9,12642.0,4411.1,6149.3,6228.5,3838.8,2748.7,3822.2,13691.6,3790.4,1890.5
,,,,,,,,1236,2884.4,3539.4,12057.1,4251.0,5863.6,5853.2,3626.0,2571.0,3595.0,13077.5,3539.9,1788.9
,,,,,,,,1237,2797.9,3445.2,11690.9,4118.3,5810.2,5818.3,3485.2,2518.8,3536.6,12639.0,3517.9,1760.4
,,,,,,,,1238,2728.1,3413.7,11638.2,4167.7,5731.9,5711.6,3469.9,2513.0,3510.9,12595.1,3406.3,1739.8
,,,,,,,,1239,2802.7,3556.8,11780.8,4244.1,5941.6,5824.2,3567.9,2569.2,3609.0,12835.5,3482.3,1762.0
,,,,,,,,1240,2960.9,3663.8,12300.9,4352.6,6185.0,6074.6,3697.4,2651.6,3703.6,13374.4,3658.2,1827.2
,,,,,,,,1241,3124.2,3884.5,13068.9,4577.2,6460.8,6474.2,3886.0,2815.3,3900.7,14373.4,3920.4,1940.2
,,,,,,,,1242,3260.6,4013.2,13517.1,4764.5,6689.4,6667.6,4152.8,2981.6,4105.8,14864.6,4039.7,2043.9
,,,,,,,,1243,3258.4,4040.4,13990.2,4909.7,6753.3,6829.5,4129.3,3036.0,4136.7,15079.7,4057.4,2049.9
,,,,,,,,1244,3205.8,3976.2,13565.8,4849.0,6771.8,6660.6,4047.0,2928.7,4091.8,15080.8,4004.7,2044.4
,,,,,,,,1245,3034.4,3877.6,13107.8,4617.4,6377.4,6358.0,3880.4,2853.4,3884.4,14066.0,3816.6,1915.5
,,,,,,,,1246,2900.7,3677.8,12298.6,4404.9,6052.2,6027.6,3710.1,2640.5,3728.9,13606.0,3618.6,1828.1
,,,,,,,,1247,2769.7,3480.4,11851.7,4194.9,5910.8,5793.9,3563.0,2603.1,3567.6,12925.0,3529.3,1735.1
,,,,,,,,1248,2767.0,3449.9,11469.4,4043.0,5670.5,5673.7,3458.3,2491.5,3514.4,12750.1,3479.9,1730.3
,,,,,,,,1249,2555.4,3124.5,10724.9,3757.4,5327.9,5297.9,3247.0,2329.3,3197.8,11524.5,3133.5,1571.3
,,,,,,,,1250,2375.6,2984.7,9993.8,3600.0,4937.0,5036.8,3059.0,2156.5,3040.8,11090.9,3022.6,1514.1
,,,,,,,,1251,2256.2,2803.7,9453.2,3333.9,4772.8,4773.0,2883.3,2068.0,2910.4,10532.5,2866.9,1397.8
,,,,,,,,1252,2213.6,2756.3,9389.6,3355.7,4569.9,4681.0,2818.9,2019.9,2820.2,10121.6,2773.6,1388.6
,,,,,,,,1253,2287.3,2929.7,9727.8,3473.7,4813.1,4890.8,2934.0,2130.6,2988.5,10716.9,2951.9,1448.0
,,,,,,,,1254,2560.3,3187.4,10929.2,3799.5,5319.1,5292.1,3194.4,2301.1,3255.8,11610.3,3187.8,1587.3
,,,,,,,,1255,2814.1,3531.5,11858.7,4204.3,5911.8,5923.6,3619.3,2601.5,3601.6,12879.1,3568.0,1745.8
,,,,,,,,1256,3029.0,3849.0,12769.4,4602.2,6335.2,6244.7,3830.6,2747.7,3872.1,14112.0,3839.9,1898.1
,,,,,,,,1257,3101.0,3917.2,13442.5,4673.9,6633.6,6611.8,3933.4,2911.8,3940.5,14681.9,3946.5,1942.2
,,,,,,,,1258,3049.7,3873.5,13187.7,4671.3,6479.8,6482.6,3912.2,2841.2,3975.7,14210.8,3909.7,1935.8
,,,,,,,,1259,2982.8,3726.4,12664.3,4440.9,6250.9,6181.1,3725.4,2725.3,3735.6,13761.9,3774.4,1841.8
,,,,,,,,1260,2799.5,3498.0,12015.6,4286.5,5964.4,5836.4,3602.1,2613.9,3648.3,13057.5,3600.1,1763.0
,,,,,,,,1261,2768.2,3485.7,11668.7,4189.7,5707.3,5724.3,3463.0,2557.1,3479.3,12600.4,3450.4,1756.1
,,,,,,,,1262,2764.2,3387.1,11798.2,4092.8,5747.1,5778.6,3492.6,2496.0,3443.0,12735.0,3480.1,1706.1
,,,,,,,,1263,2795.6,3474.1,11734.9,4195.2,5824.1,5905.0,3609.3,2578.6,3529.6,12820.6,3526.4,1739.0
,,,,,,,,1264,2931.7,3675.6,12573.5,4347.9,6032.0,6145.9,3695.3,2644.2,3699.2,13509.1,3719.8,1854.8
,,,,,,,,1265,3058.6,3817.7,13178.3,4575.9,6325.7,6418.4,3912.3,2844.6,3934.9,14290.9,3914.6,1933.7
,,,,,,,,1266,3245.3,4067.6,13561.4,4857.8,6679.0,6756.9,4109.6,2979.3,4134.8,14703.6,3993.6,2029.7
,,,,,,,,1267,3221.9,4019.6,14044.5,4858.5,6885.3,6787.0,4101.1,3018.0,4107.5,15172.1,4129.2,2031.3
,,,,,,,,1268,3231.5,4064.9,13593.5,4798.7,6712.7,6774.0,4056.3,2926.0,4122.2,14866.8,4024.0,2004.9
,,,,,,,,1269,3042.4,3846.1,12977.4,4672.7,6482.0,6498.3,3910.3,2812.9,3860.9,14050.6,3819.6,1929.7
,,,,,,,,1270,2915.1,3615.5,12423.8,4351.0,6122.0,6077.2,3686.7,2657.0,3719.6,13452.0,3687.8,1827.0
,,,,,,,,1271,2765.9,3539.9,12046.7,4242.4,5768.2,5811.7,3606.7,2568.7,3516.4,13105.3,3480.9,1731.4
,,,,,,,,1272,2728.9,3388.4,11736.9,4025.6,5691.7,5669.0,3438.6,2478.3,3473.3,12469.5,3451.0,1711.9
,,,,,,,,1273,2545.9,3182.4,10753.3,3808.5,5294.3,5315.3,3198.7,2272.4,3161.4,11774.6,3193.1,1577.8
,,,,,,,,1274,2405.1,2998.7,10135.5,3560.7,5019.6,4966.7,3044.5,2145.0,2991.3,11002.3,3016.3,1493.7
,,,,,,,,1275,2257.8,2850.4,9685.9,3406.5,4743.6,4688.8,2850.2,2066.0,2900.3,10438.7,2811.7,1433.0
,,,,,,,,1276,2216.8,2793.4,9399.6,3294.1,4662.1,4577.0,2838.4,2003.0,2819.9,10288.1,2763.8,1383.8
,,,,,,,,1277,2298.4,2912.3,9936.9,3412.6,4875.6,4764.2,2895.6,2102.7,2929.7,10774.2,2866.9,1469.6
,,,,,,,,1278,2510.0,3189.1,10647.0,3783.1,5287.2,5213.3,3257.4,2329.0,3219.8,11604.4,3194.4,1609.9
,,,,,,,,1279,2814.7,3465.1,11770.0,4162.5,5826.9,5832.4,3609.4,2531.4,3604.1,12937.8,3556.4,1761.0
,,,,,,,,1280,2982.6,3740.7,12683.5,4472.6,6249.7,6284.7,3881.6,2787.5,3830.5,14116.2,3791.7,1921.2
,,,,,,,,1281,3150.2,3868.9,13306.3,4718.4,6457.5,6461.6,4030.2,2823.1,3982.5,14617.0,3875.3,1977.0
,,,,,,,,1282,3073.9,3842.0,13191.2,4609.7,6464.3,6433.3,3871.0,2824.2,3914.5,14111.6,3833.0,1950.9
,,,,,,,,1283,2953.6,3666.4,12595.7,4471.6,6204.7,6111.6,3731.6,2718.8,3795.4,13856.8,3667.3,1854.2
,,,,,,,,1284,2813.8,3557.0,11885.8,4294.9,5927.1,5956.8,3624.6,2576.2,3563.4,13248.4,3507.9,1782.0
,,,,,,,,1285,2787.4,3411.3,11802.3,4127.3,5698.1,5718.6,3453.9,2482.1,3536.4,12601.4,3472.8,1722.5
,,,,,,,,1286,2746.7,3369.8,11513.7,4110.0,5723.8,5792.2,3522.1,2509.5,3517.5,12527.1,3457.3,1738.9
,,,,,,,,1287,2824.1,3509.2,11701.8,4153.1,5877.4,5868.8,3534.4,2579.3,3506.9,12867.6,3497.6,1769.2
,,,,,,,,1288,2915.3,3646.7,12375.9,4323.3,6110.1,6138.1,3663.0,2655.5,3711.4,13290.2,3613.6,1818.3
,,,,,,,,1289,3100.8,3808.2,13070.2,4614.8,6305.0,6420.1,3888.6,2824.7,3908.1,14308.2,3869.6,1937.4
,,,,,,,,1290,3218.4,4013.9,13458.6,4789.3,6673.6,6751.6,4120.8,2943.2,4066.9,14638.4,4021.5,1996.5
,,,,,,,,1291,3220.9,4052.6,14008.7,4811.7,6812.6,6698.1,4119.6,2954.7,4152.9,15170.5,4061.2,2056.8
,,,,,,,,1292,3181.3,4012.2,13534.7,4847.7,6605.0,6729.4,4103.5,2940.9,4106.3,14990.2,4062.6,2000.3
,,,,,,,,1293,3053.3,3878.7,12947.4,4649.1,6370.6,6292.1,3889.3,2817.1,3905.0,14340.6,3869.0,1916.3
,,,,,,,,1294,2880.4,3626.1,12482.3,4355.8,6024.6,6135.1,3715.0,2634.7,3667.8,13433.3,3628.8,1854.4
,,,,,,,,1295,2810.4,3531.2,11807.1,4187.0,5838.1,5831.3,3551.2,2575.0,3530.7,12940.3,3529.5,1770.4
,,,,,,,,1296,2738.0,3376.3,11517.5,4082.5,5614.3,5745.2,3483.8,2470.9,3502.7,12440.5,3385.6,1715.2
,,,,,,,,1297,2374.7,2924.3,9946.8,3500.5,4944.3,4877.4,2994.7,2146.0,3019.4,10976.7,3000.3,1461.3
,,,,,,,,1298,2219.7,2793.4,9505.0,3292.1,4704.3,4650.1,2798.0,2009.0,2871.6,10353.2,2844.1,1398.6
,,,,,,,,1299,2124.0,2669.6,9036.5,3188.9,4330.7,4456.8,2668.3,1909.1,2681.8,9619.3,2647.3,1312.1
,,,,,,,,1300,2070.6,2600.6,8846.8,3112.1,4254.0,4290.0,2621.2,1890.0,2603.5,9455.2,2606.7,1298.3
,,,,,,,,1301,2132.5,2666.9,9317.8,3233.5,4519.8,4512.8,2764.9,1987.9,2741.9,10022.7,2713.1,1349.2
,,,,,,,,1302,2381.0,2986.7,9964.8,3545.2,5012.4,4949.2,3025.0,2147.3,3035.2,10874.2,2946.0,1484.4
,,,,,,,,1303,2633.1,3269.9,11110.7,3972.3,5477.7,5530.9,3322.8,2394.5,3294.6,12288.6,3351.9,1677.6
,,,,,,,,1304,2872.0,3512.4,11927.1,4292.5,5942.5,5945.9,3588.3,2627.8,3637.1,13113.1,3596.1,1779.6
,,,,,,,,1305,2923.1,3641.1,12525.5,4416.3,6170.2,6127.9,3739.8,2713.4,3712.1,13711.5,3710.5,1861.0
,,,,,,,,1306,2917.5,3666.1,12357.9,4293.0,6111.1,6073.7,3631.8,2626.9,3636.0,13239.5,3619.0,1813.2
,,,,,,,,1307,2741.8,3444.3,11873.0,4196.7,5779.3,5792.6,3540.7,2574.6,3500.0,12910.6,3502.3,1740.7
,,,,,,,,1308,2635.9,3348.7,11406.7,3928.3,5524.5,5486.9,3401.4,2394.4,3405.7,12221.1,3370.8,1650.7
,,,,,,,,1309,2610.3,3248.9,10969.3,3863.5,5375.4,5448.8,3232.2,2384.6,3228.8,12037.6,3233.9,1641.2
,,,,,,,,1310,2540.7,3219.4,10972.7,3895.1,5321.9,5324.2,3250.4,2360.8,3254.5,12001.3,3272.4,1636.0
,,,,,,,,1311,2618.0,3230.4,11156.9,3949.6,5467.2,5423.2,3363.5,2411.6,3304.1,12220.5,3326.6,1660.9
,,,,,,,,1312,2729.8,3397.0,11523.3,4071.1,5727.2,5713.0,3421.3,2526.9,3477.7,12729.1,3411.8,1703.8
,,,,,,,,1313,2887.5,3607.8,12319.6,4337.7,6004.1,5995.0,3675.3,2622.4,3595.5,13417.7,3611.8,1805.6
,,,,,,,,1314,3017.0,3725.8,12586.0,4543.9,6189.7,6261.1,3865.5,2719.0,3852.6,14052.1,3805.0,1878.3
,,,,,,,,1315,3052.6,3779.0,12759.3,4544.0,6437.5,6387.4,3904.3,2758.0,3879.6,13903.2,3855.8,1929.5
,,,,,,,,1316,2952.8,3794.2,12682.9,4457.0,6279.3,6312.1,3766.1,2724.5,3754.3,13965.1,3721.1,1863.7
,,,,,,,,1317,2878.1,3602.9,12234.6,4246.0,6030.0,6017.1,3625.3,2621.8,3674.7,13264.6,3628.8,1821.4
,,,,,,,,1318,2748.5,3357.7,11457.9,4058.0,5704.1,5676.2,3437.5,2523.1,3458.5,12771.3,3470.6,1712.1
,,,,,,,,1319,2641.9,3252.3,11081.8,3894.6,5501.0,5449.1,3301.7,2423.2,3343.7,11945.8,3243.5,1634.1
,,,,,,,,1320,2545.8,3151.2,10787.6,3819.3,5319.1,5384.6,3222.8,2342.8,3268.5,11728.2,3209.2,1582.1
,,,,,,,,1321,2313.0,2924.9,10106.4,3510.2,4888.0,4961.7,2978.2,2130.2,3012.0,10923.5,2912.7,1470.9
,,,,,,,,1322,2243.5,2795.9,9363.1,3283.3,4629.9,4615.4,2809.3,2025.2,2781.4,10311.3,2821.4,1403.5
,,,,,,,,1323,2124.8,2662.9,8923.8,3163.7,4436.4,4331.3,2634.5,1898.2,2672.8,9808.3,2663.5,1312.8
,,,,,,,,1324,2076.5,2550.2,8646.2,3067.3,4350.5,4335.7,2595.7,1896.3,2608.5,9542.5,2600.5,1290.3
,,,,,,,,1325,2181.5,2732.9,9247.0,3210.2,4441.6,4464.9,2764.6,1984.4,2718.6,9871.3,2692.2,1347.7
,,,,,,,,1326,2355.9,2911.1,10177.8,3538.3,4914.1,4928.4,2967.0,2187.3,2981.4,11015.4,2981.6,1488.8
,,,,,,,,1327,2647.5,3269.8,11039.9,3937.9,5381.6,5458.1,3335.7,2420.7,3344.5,12033.8,3282.1,1638.9
,,,,,,,,1328,2838.5,3534.9,11892.0,4191.6,5832.0,5944.1,3595.7,2624.2,3559.4,13009.3,3540.8,1781.3
,,,,,,,,1329,2915.0,3615.4,12410.7,4404.1,6006.5,6020.0,3656.0,2695.6,3723.5,13332.6,3719.9,1848.7
,,,,,,,,1330,2885.3,3559.5,12217.9,4332.7,6091.8,5919.2,3665.8,2618.1,3630.2,13447.0,3598.3,1823.6
,,,,,,,,1331,2747.5,3422.1,11826.9,4174.5,5733.9,5840.1,3521.4,2510.8,3506.9,12625.8,3510.6,1758.7
,,,,,,,,1332,2629.1,3306.4,11118.1,3943.9,5498.2,5495.8,3312.9,2405.7,3323.6,12267.6,3284.6,1676.8
,,,,,,,,1333,2562.7,3194.3,10862.7,3888.6,5362.7,5296.6,3223.6,2335.7,3305.4,12038.7,3201.8,1608.2
,,,,,,,,1334,2574.1,3198.2,10798.3,3833.1,5407.3,5317.3,3210.0,2336.8,3281.5,11954.0,3211.0,1606.9
,,,,,,,,1335,2603.8,3285.7,10946.8,3962.3,5412.7,5376.4,3324.5,2416.8,3320.3,12178.0,3322.1,1628.2
,,,,,,,,1336,2722.1,3413.1,11697.8,4117.4,5698.8,5708.5,3502.3,2514.3,3406.2,12469.9,3414.0,1712.2
,,,,,,,,1337,2839.1,3584.1,12003.3,4315.2,6016.9,6006.2,3625.0,2653.9,3583.0,13239.2,3622.8,1796.7
,,,,,,,,1338,2946.9,3749.5,12641.0,4461.7,6313.2,6295.4,3766.9,2714.1,3785.7,13660.0,3774.4,1909.7
,,,,,,,,1339,3066.3,3791.8,12877.8,4575.2,6256.1,6376.2,3878.1,2744.7,3899.3,14180.1,3882.5,1935.0
,,,,,,,,1340,2965.4,3743.4,12512.0,4518.5,6303.5,6247.2,3766.4,2739.7,3823.8,13706.2,3743.9,1871.9
,,,,,,,,1341,2887.4,3538.9,12163.0,4226.6,5961.2,5937.2,3641.0,2649.2,3615.2,13235.1,3637.5,1800.7
,,,,,,,,1342,2739.8,3376.8,11661.2,4070.6,5707.5,5632.9,3500.7,2480.4,3461.3,12399.1,3408.4,1734.0
,,,,,,,,1343,2594.6,3221.0,10963.1,3899.6,5403.5,5421.4,3276.2,2407.0,3276.6,11948.4,3235.5,1623.1
,,,,,,,,1344,2553.8,3205.1,10884.6,3797.8,5301.5,5354.2,3195.0,2324.6,3184.8,11685.6,3168.8,1608.3
,,,,,,,,1345,2477.7,3152.0,10417.0,3742.2,5252.0,5237.8,3120.3,2293.4,3151.5,11602.6,3129.9,1557.3
,,,,,,,,1346,2375.1,2932.0,9955.6,3576.3,4935.7,4946.8,2974.4,2164.2,3010.8,10772.4,2931.7,1463.7
,,,,,,,,1347,2235.3,2768.8,9495.0,3388.0,4624.7,4706.8,2826.4,2027.7,2870.4,10238.0,2812.8,1406.9
,,,,,,,,1348,2168.9,2736.6,9343.7,3299.4,4547.1,4499.8,2759.3,1992.0,2775.7,10150.1,2731.3,1364.7
,,,,,,,,1349,2318.1,2834.4,9626.8,3452.4,4743.5,4713.5,2881.3,2081.9,2875.7,10648.5,2853.3,1441.7
,,,,,,,,1350,2488.1,3105.4,10630.3,3756.5,5214.1,5197.5,3150.5,2304.7,3173.5,11600.2,3196.3,1597.7
,,,,,,,,1351,2747.6,3416.3,11737.0,4158.0,5700.5,5712.7,3499.9,2553.3,3551.1,13022.9,3512.3,1748.0
,,,,,,,,1352,2973.1,3774.4,12645.3,4554.7,6209.6,6332.4,3818.0,2712.2,3807.4,13676.2,3728.9,1898.6
,,,,,,,,1353,3107.5,3922.3,13289.9,4657.1,6473.3,6486.4,3910.0,2822.6,3960.2,14165.7,3931.9,1955.4
,,,,,,,,1354,3060.3,3853.1,12831.8,4584.1,6463.1,6463.2,3941.0,2813.6,3840.9,14031.2,3910.6,1948.5
,,,,,,,,1355,2964.3,3660.1,12259.8,4432.8,6026.2,6027.4,3740.0,2678.7,3691.4,13439.8,3690.6,1859.8
,,,,,,,,1356,2784.1,3522.0,11958.8,4133.8,5841.1,5910.0,3511.4,2574.8,3608.9,13074.2,3518.8,1785.5
,,,,,,,,1357,2712.7,3399.2,11508.5,4136.8,5691.5,5697.7,3410.7,2455.0,3505.0,12461.6,3429.7,1724.1
,,,,,,,,1358,2729.2,3398.7,11372.1,4009.4,5579.1,5628.3,3405.9,2451.8,3450.3,12444.5,3447.3,1719.5
,,,,,,,,1359,2779.0,3438.8,11746.4,4187.4,5779.2,5829.8,3553.6,2511.0,3477.3,12815.7,3518.9,1748.5
,,,,,,,,1360,2840.0,3646.9,12139.7,4252.9,5966.2,6068.3,3691.0,2646.8,3661.3,13411.2,3629.9,1835.9
,,,,,,,,1361,3025.4,3759.7,12979.2,4552.0,6261.5,6311.9,3795.0,2809.5,3843.5,14070.8,3821.7,1907.0
,,,,,,,,1362,3158.1,3967.9,13572.8,4692.4,6502.9,6694.6,4078.0,2855.2,4047.0,14538.5,4046.7,2014.3
,,,,,,,,1363,3245.5,4006.4,13800.2,4800.3,6633.2,6654.8,4060.0,2948.7,4136.5,15127.2,4010.6,2007.5
,,,,,,,,1364,3143.9,3995.7,13354.2,4728.4,6509.2,6538.6,3979.3,2889.7,3979.3,14709.3,4043.0,1989.1
,,,,,,,,1365,3071.4,3821.4,12707.7,4549.5,6234.1,6349.2,3895.5,2736.9,3824.9,13912.2,3823.4,1906.4
,,,,,,,,1366,2852.1,3583.6,12390.4,4296.6,6020.8,5983.7,3620.7,2657.0,3613.7,13220.6,3581.8,1808.2
,,,,,,,,1367,2743.9,3413.7,11826.7,4098.2,5815.9,5772.5,3516.1,2535.3,3513.0,12767.0,3523.4,1733.1
,,,,,,,,1368,2676.9,3386.1,11288.6,4009.8,5632.7,5644.1,3411.3,2464.1,3400.2,12340.5,3399.0,1704.3
,,,,,,,,1369,2499.0,3086.0,10379.2,3769.2,5168.4,5140.1,3151.3,2299.3,3151.5,11310.6,3090.2,1544.3
,,,,,,,,1370,2338.2,2896.4,9997.5,3544.2,4953.3,4907.2,2999.4,2148.5,3020.5,10693.9,2985.9,1475.4
,,,,,,,,1371,2213.8,2798.0,9371.2,3308.0,4679.1,4638.2,2840.4,2015.0,2832.9,10123.3,2805.7,1391.0
,,,,,,,,1372,2165.3,2720.7,9320.6,3289.9,4552.9,4566.1,2785.4,2016.9,2792.4,9948.6,2735.6,1383.7
,,,,,,,,1373,2293.3,2885.2,9742.1,3383.9,4814.4,4772.3,2928.8,2060.9,2908.6,10613.3,2881.3,1453.9
,,,,,,,,1374,2520.4,3112.0,10764.8,3724.5,5261.8,5245.9,3156.2,2290.6,3177.2,11534.2,3172.2,1570.3
,,,,,,,,1375,2761.1,3419.0,11905.7,4133.0,5690.1,5805.3,3507.9,2497.5,3476.5,12849.3,3542.4,1763.7
,,,,,,,,1376,3014.1,3674.9,12815.7,4526.1,6150.1,6197.6,3784.4,2741.5,3808.2,13869.1,3728.1,1890.2
,,,,,,,,1377,3118.4,3907.9,13151.9,4689.9,6503.3,6427.0,3865.1,2814.5,3968.7,14265.5,3920.9,1974.6
,,,,,,,,1378,3013.9,3791.4,12935.2,4514.9,6273.4,6318.7,3858.5,2821.4,3817.9,14115.9,3899.8,1923.3
,,,,,,,,1379,2885.2,3641.4,12562.1,4408.1,6069.0,6098.4,3654.6,2672.8,3709.5,13458.3,3685.6,1858.4
,,,,,,,,1380,2752.7,3452.6,11900.5,4225.2,5788.3,5838.4,3564.6,2582.5,3495.6,12934.3,3508.5,1785.5
,,,,,,,,1381,2737.9,3404.0,11447.5,4108.5,5594.5,5632.0,3418.8,2464.2,3468.8,12617.4,3417.4,1697.2
,,,,,,,,1382,2696.8,3383.8,11403.4,4097.1,5664.3,5587.1,3460.0,2451.1,3415.2,12491.8,3452.9,1725.9
,,,,,,,,1383,2740.9,3401.3,11538.7,4097.4,5733.5,5768.8,3507.6,2515.2,3538.5,12667.0,3524.6,1748.8
,,,,,,,,1384,2886.3,3534.4,12032.8,4316.0,5968.7,5911.5,3695.7,2662.3,3643.8,13325.4,3584.0,1797.9
,,,,,,,,1385,3014.6,3753.7,12892.5,4541.3,6280.1,6355.7,3788.1,2735.2,3863.6,13907.4,3835.6,1929.8
,,,,,,,,1386,3193.0,3892.2,13412.0,4749.7,6510.4,6644.9,4030.2,2929.7,4016.7,14498.0,4008.8,1977.7
,,,,,,,,1387,3210.4,3976.9,13759.0,4808.8,6667.2,6726.9,4044.4,2910.4,4081.0,15044.5,4086.6,2048.0
,,,,,,,,1388,3116.7,3911.3,13325.3,4786.3,6516.8,6602.0,3971.8,2910.6,3996.8,14645.2,3987.8,1977.2
,,,,,,,,1389,2975.7,3765.9,12860.5,4573.0,6296.7,6279.7,3839.4,2790.4,3826.9,13797.3,3762.4,1890.6
,,,,,,,,1390,2838.2,3557.1,12216.1,4301.0,5927.6,6025.6,3607.4,2637.6,3628.6,13433.7,3622.7,1821.5
,,,,,,,,1391,2781.3,3459.7,11675.6,4120.1,5653.6,5734.4,3534.9,2549.4,3457.6,12729.7,3432.5,1715.6
,,,,,,,,1392,2657.0,3334.9,11229.9,4025.9,5512.5,5544.9,3356.7,2433.9,3369.1,12547.7,3364.0,1686.7
,,,,,,,,1393,2452.5,3100.7,10399.1,3706.3,5212.8,5209.6,3141.0,2262.1,3150.6,11546.2,3161.7,1571.2
,,,,,,,,1394,2336.2,2896.0,9857.4,3541.5,4911.8,4852.4,2971.8,2129.8,2971.5,10900.8,2966.8,1458.9
,,,,,,,,1395,2227.3,2740.7,9485.8,3315.9,4550.2,4657.2,2841.7,2047.2,2814.7,10251.5,2794.5,1404.2
,,,,,,,,1396,2165.6,2717.1,9313.0,3244.9,4588.0,4476.1,2772.6,2000.1,2784.7,9980.7,2707.5,1372.2
,,,,,,,,1397,2281.2,2804.9,9745.7,3406.2,4734.5,4737.5,2868.5,2096.2,2922.4,10593.7,2881.6,1436.5
,,,,,,,,1398,2473.1,3135.2,10469.6,3700.6,5137.9,5117.4,3203.8,2269.5,3135.0,11525.6,3193.2,1579.7
,,,,,,,,1399,2773.4,3398.7,11778.9,4112.1,5787.0,5718.7,3463.9,2505.2,3530.3,12673.3,3467.4,1736.8
,,,,,,,,1400,2960.7,3736.6,12800.2,4406.1,6210.8,6159.6,3731.8,2681.7,3759.6,13848.0,3811.0,1877.3
,,,,,,,,1401,3103.3,3880.4,13180.0,4591.4,6418.4,6475.8,3903.8,2829.2,3906.1,14355.7,3932.5,1926.9
,,,,,,,,1402,3008.0,3834.1,13051.8,4573.2,6225.1,6389.3,3905.8,2743.1,3841.5,14098.0,3850.6,1937.2
,,,,,,,,1403,2913.8,3620.2,12304.4,4424.3,6121.0,6049.4,3706.6,2631.0,3694.2,13484.2,3690.3,1865.2
,,,,,,,,1404,2764.2,3445.3,11658.5,4107.5,5802.2,5775.8,3489.3,2550.5,3503.5,12886.6,3567.1,1738.1
,,,,,,,,1405,2666.7,3389.0,11579.1,4013.4,5576.5,5693.9,3425.0,2469.6,3423.6,12375.2,3399.5,1729.2
,,,,,,,,1406,2661.9,3362.7,11549.6,4030.6,5560.3,5564.3,3409.3,2430.7,3462.4,12294.4,3446.1,1676.8
,,,,,,,,1407,2755.6,3403.5,11730.7,4076.2,5721.3,5635.0,3455.3,2545.2,3482.2,12862.4,3511.4,1738.7
,,,,,,,,1408,2841.7,3518.5,12218.4,4261.6,5944.1,5904.4,3642.9,2642.2,3664.1,13319.5,3668.5,1801.0
,,,,,,,,1409,2961.8,3798.1,12798.8,4526.6,6187.4,6238.8,3829.0,2765.6,3793.7,13884.5,3836.2,1898.2
,,,,,,,,1410,3120.2,3952.3,13517.7,4702.8,6635.9,6457.1,3993.3,2896.7,3939.1,14397.5,4025.0,2008.9
,,,,,,,,1411,3233.2,4022.0,13718.4,4833.9,6668.5,6641.2,4020.9,2908.2,4055.1,14855.2,4070.5,2046.7
,,,,,,,,1412,3107.0,3927.5,13448.3,4668.3,6626.1,6494.5,3945.9,2839.2,3989.0,14563.7,3944.0,2013.1
,,,,,,,,1413,3045.4,3723.3,12613.5,4566.9,6336.2,6271.2,3772.1,2741.2,3792.7,13970.2,3855.7,1916.9
,,,,,,,,1414,2825.9,3534.6,12193.4,4310.7,5992.1,5962.5,3632.3,2646.1,3637.5,13170.1,3632.8,1779.9
,,,,,,,,1415,2750.7,3420.5,11505.4,4129.1,5758.3,5739.4,3519.6,2527.0,3436.1,12663.7,3414.3,1738.5
,,,,,,,,1416,2695.9,3298.7,11424.3,4006.4,5581.5,5633.9,3339.9,2427.8,3431.2,12480.6,3377.2,1670.5
,,,,,,,,1417,2427.2,3064.0,10357.8,3737.1,5050.9,5177.5,3104.3,2275.6,3100.4,11381.6,3140.2,1566.8
,,,,,,,,1418,2348.0,2868.4,9871.0,3444.0,4878.8,4798.1,2979.5,2140.3,2990.3,10876.1,2942.1,1474.9
,,,,,,,,1419,2193.4,2728.9,9451.2,3265.6,4655.7,4633.0,2824.4,2038.8,2805.2,10054.3,2759.1,1407.9
,,,,,,,,1420,2185.7,2713.5,9277.4,3211.2,4438.2,4485.9,2783.8,1966.5,2751.1,9996.8,2753.0,1352.0
,,,,,,,,1421,2290.7,2818.0,9547.0,3358.6,4702.4,4640.9,2896.1,2053.7,2864.1,10344.1,2860.7,1424.3
,,,,,,,,1422,2501.2,3133.7,10595.0,3762.2,5228.6,5140.5,3103.3,2283.3,3175.8,11334.9,3139.1,1566.5
,,,,,,,,1423,2740.8,3452.3,11586.2,4101.3,5671.4,5684.1,3434.1,2538.3,3517.0,12701.4,3522.1,1722.7
,,,,,,,,1424,2936.2,3756.8,12658.1,4491.8,6083.2,6139.8,3817.1,2733.2,3756.8,13880.9,3790.7,1883.6
,,,,,,,,1425,3014.1,3801.0,13093.7,4572.3,6310.2,6465.6,3886.4,2762.1,3864.0,14048.9,3903.2,1912.2
,,,,,,,,1426,3029.7,3791.9,13022.9,4557.9,6221.4,6209.7,3818.7,2789.9,3812.1,13953.0,3827.8,1928.3
,,,,,,,,1427,2928.7,3610.2,12225.2,4394.4,6039.6,6089.8,3624.6,2624.0,3702.6,13565.7,3620.4,1822.7
,,,,,,,,1428,2757.2,3406.9,11899.2,4149.0,5785.2,5801.6,3533.4,2569.2,3548.8,12842.8,3534.4,1738.3
,,,,,,,,1429,2708.8,3357.4,11590.7,4020.3,5539.9,5526.2,3409.1,2463.5,3457.3,12391.1,3359.9,1679.4
,,,,,,,,1430,2682.1,3317.9,11239.8,4056.3,5665.3,5545.8,3417.7,2452.3,3434.4,12261.1,3391.8,1691.5
,,,,,,,,1431,2760.7,3409.1,11436.0,4097.4,5743.4,5651.6,3424.9,2480.1,3432.3,12750.3,3506.6,1756.2
,,,,,,,,1432,2810.3,3554.7,12009.7,4220.3,5955.7,5956.4,3565.3,2569.8,3659.3,13244.1,3602.5,1795.5
,,,,,,,,1433,2953.5,3729.5,12549.3,4435.5,6293.1,6269.3,3803.8,2773.0,3759.9,13772.3,3777.2,1870.6
,,,,,,,,1434,3138.8,3870.2,13480.2,4633.7,6566.9,6474.4,4025.1,2891.3,4012.7,14279.7,3969.1,1973.1
,,,,,,,,1435,3211.9,4031.0,13722.5,4778.9,6716.7,6670.1,4066.7,2945.0,4055.2,14853.7,4011.7,2015.9
,,,,,,,,1436,3137.6,3871.5,13106.8,4689.9,6554.0,6607.9,3922.4,2900.4,3945.3,14691.2,3932.4,1978.9
,,,,,,,,1437,2989.6,3765.5,12850.8,4438.4,6259.8,6279.4,3826.8,2740.2,3762.2,14002.3,3763.0,1873.0
,,,,,,,,1438,2820.9,3501.5,12076.2,4286.6,5971.5,5906.1,3590.5,2610.9,3651.2,13185.0,3633.1,1786.2
,,,,,,,,1439,2722.8,3393.3,11570.3,4115.1,5732.2,5624.6,3413.1,2470.2,3506.4,12720.5,3491.1,1720.7
,,,,,,,,1440,2658.8,3278.5,11418.2,4006.9,5600.9,5609.2,3390.2,2457.6,3350.6,12237.4,3370.5,1681.4
,,,,,,,,1441,2423.1,3063.5,10326.3,3676.0,5120.2,5049.3,3125.9,2243.8,3104.3,11233.6,3076.6,1559.2
,,,,,,,,1442,2293.1,2937.0,9790.6,3464.8,4883.6,4897.2,2953.2,2106.3,2961.4,10656.1,2903.2,1479.2
,,,,,,,,1443,2175.2,2751.6,9226.6,3307.5,4630.7,4574.0,2802.8,2011.3,2750.8,10015.7,2781.5,1395.4
,,,,,,,,1444,2164.4,2713.4,9042.9,3266.9,4501.8,4424.4,2701.6,1962.1,2775.5,9917.3,2698.5,1367.3
,,,,,,,,1445,2262.9,2841.3,9488.8,3421.9,4644.6,4663.2,2899.4,2045.0,2875.0,10295.2,2848.5,1433.9
,,,,,,,,1446,2454.0,3111.7,10423.4,3664.4,5121.6,5134.7,3117.6,2228.1,3134.0,11383.4,3111.4,1554.9
,,,,,,,,1447,2763.4,3399.4,11485.5,4090.4,5640.5,5635.4,3446.2,2501.4,3502.7,12774.7,3494.3,1736.7
,,,,,,,,1448,2935.3,3643.3,12453.9,4453.6,6181.4,6218.4,3800.2,2689.6,3789.3,13632.4,3721.9,1857.9
,,,,,,,,1449,3086.6,3762.8,12912.0,4605.3,6414.8,6370.3,3842.2,2773.1,3868.7,13941.1,3828.0,1942.3
,,,,,,,,1450,2976.4,3760.0,12849.3,4459.6,6265.1,6355.2,3838.3,2757.9,3773.0,13839.7,3859.3,1894.1
,,,,,,,,1451,2922.9,3616.0,12282.2,4300.3,6060.6,5965.2,3635.4,2667.1,3639.1,13223.3,3617.2,1830.2
,,,,,,,,1452,2748.6,3431.9,11647.4,4189.8,5802.9,5803.5,3547.9,2547.2,3533.2,12820.8,3528.1,1762.5
,,,,,,,,1453,2656.3,3328.5,11329.1,4019.9,5618.7,5617.5,3450.3,2442.0,3449.7,12492.9,3445.9,1705.3
,,,,,,,,1454,2651.2,3304.5,11251.2,4013.8,5495.1,5562.1,3428.7,2405.8,3408.6,12515.5,3347.3,1687.7
,,,,,,,,1455,2739.3,3430.2,11440.2,4139.3,5709.5,5754.3,3504.0,2520.6,3505.4,12467.3,3419.1,1739.9
,,,,,,,,1456,2825.5,3560.4,11918.8,4267.0,5968.2,5910.4,3622.4,2554.6,3575.0,13098.6,3549.1,1814.7
,,,,,,,,1457,3012.9,3675.5,12634.8,4436.0,6128.4,6189.6,3753.3,2690.0,3798.4,13984.0,3744.6,1881.3
,,,,,,,,1458,3108.4,3912.6,13233.2,4668.6,6435.9,6400.3,4015.6,2854.8,3970.1,14601.6,3984.6,1973.9
,,,,,,,,1459,3139.5,3951.6,13648.0,4694.0,6686.4,6566.3,4069.5,2860.7,4077.8,14755.7,3973.4,2000.1
,,,,,,,,1460,3087.4,3854.1,13224.2,4699.1,6564.4,6502.9,3920.2,2868.0,3953.1,14415.6,3911.8,1996.7
,,,,,,,,1461,2968.7,3715.4,12767.8,4437.6,6158.9,6126.3,3749.0,2769.4,3838.5,13898.4,3831.5,1896.6
,,,,,,,,1462,2835.1,3498.5,12068.1,4280.8,5848.4,5949.3,3558.9,2609.2,3607.9,13213.9,3562.3,1786.6
,,,,,,,,1463,2684.3,3406.4,11510.9,4085.7,5599.2,5731.1,3448.0,2476.0,3402.3,12642.7,3431.8,1714.8
,,,,,,,,1464,2667.9,3336.7,11312.1,3948.7,5454.9,5499.1,3410.7,2449.1,3348.2,12071.9,3341.0,1700.2
,,,,,,,,1465,2317.1,2888.2,9705.7,3413.5,4713.8,4732.8,2941.0,2120.2,2911.1,10570.8,2878.6,1447.1
,,,,,,,,1466,2190.7,2751.2,9116.9,3299.6,4465.3,4553.6,2781.7,1962.9,2719.0,10002.6,2752.9,1363.3
,,,,,,,,1467,2045.3,2588.3,8666.3,3066.3,4234.0,4227.7,2578.8,1880.3,2601.2,9533.4,2617.0,1321.4
,,,,,,,,1468,1997.5,2536.1,8442.1,3038.2,4207.9,4212.1,2566.1,1833.6,2541.5,9189.4,2536.9,1286.1
,,,,,,,,1469,2095.4,2631.0,8920.4,3196.5,4355.4,4381.4,2649.6,1929.9,2637.1,9686.6,2656.1,1349.5
,,,,,,,,1470,2293.4,2851.7,9916.8,3516.5,4864.1,4761.5,2945.7,2116.0,2896.6,10583.6,2973.8,1456.9
,,,,,,,,1471,2576.2,3169.1,10926.0,3780.2,5296.6,5386.8,3214.8,2338.3,3289.4,11974.1,3258.3,1606.9
,,,,,,,,1472,2722.6,3482.1,11662.0,4190.6,5804.8,5790.5,3483.9,2510.0,3527.9,12784.2,3561.9,1774.6
,,,,,,,,1473,2893.4,3558.8,12174.1,4283.7,5998.0,5966.9,3613.8,2592.2,3587.0,13293.2,3638.9,1804.3
,,,,,,,,1474,2777.4,3524.8,11896.6,4251.0,5857.0,5812.2,3570.8,2611.9,3549.6,13207.3,3603.6,1782.6
,,,,,,,,1475,2704.8,3418.4,11637.6,4069.4,5552.7,5596.7,3467.6,2472.3,3415.3,12615.9,3469.5,1712.7
,,,,,,,,1476,2549.6,3215.9,10821.7,3866.2,5398.4,5439.0,3257.1,2326.7,3267.1,11957.4,3290.9,1630.4
,,,,,,,,1477,2530.5,3157.1,10557.0,3714.0,5182.2,5234.5,3155.2,2272.4,3159.7,11443.7,3221.1,1611.6
,,,,,,,,1478,2476.3,3098.8,10571.8,3799.7,5230.3,5165.5,3156.7,2276.7,3146.1,11480.0,3182.0,1589.3
,,,,,,,,1479,2509.7,3202.3,10743.3,3843.5,5250.9,5312.5,3236.4,2333.4,3217.0,11842.2,3207.2,1628.2
,,,,,,,,1480,2619.9,3299.5,11147.6,3957.1,5555.8,5601.5,3393.5,2444.3,3386.8,12191.8,3401.5,1681.2
,,,,,,,,1481,2761.2,3500.0,11912.2,4207.1,5760.8,5771.7,3532.1,2592.9,3553.7,12730.1,3523.0,1788.1
,,,,,,,,1482,2926.7,3682.0,12479.4,4437.8,6115.7,5992.0,3686.3,2652.8,3700.5,13526.5,3750.8,1844.4
,,,,,,,,1483,2985.1,3761.2,12554.4,4404.0,6261.0,6151.1,3726.2,2747.9,3792.0,13826.1,3754.6,1868.5
,,,,,,,,1484,2902.6,3621.9,12412.0,4397.0,6023.1,6020.9,3674.5,2652.8,3662.4,13643.6,3709.5,1838.5
,,,,,,,,1485,2777.7,3444.1,12033.7,4250.3,5868.7,5858.1,3527.5,2564.6,3593.9,13104.1,3497.4,1760.3
,,,,,,,,1486,2639.7,3296.6,11337.1,3952.7,5467.9,5511.2,3371.3,2455.5,3330.8,12340.1,3399.6,1681.6
,,,,,,,,1487,2561.3,3162.5,10765.5,3861.2,5372.3,5225.7,3223.8,2329.7,3217.3,11904.0,3252.1,1610.0
,,,,,,,,1488,2476.9,3140.3,10412.9,3726.8,5169.7,5100.4,3159.2,2238.4,3181.1,11310.3,3157.5,1566.9
,,,,,,,,1489,2286.0,2849.0,9778.1,3410.9,4813.9,4824.3,2910.0,2097.8,2870.0,10556.7,2902.4,1452.1
,,,,,,,,1490,2129.1,2665.0,9236.5,3288.9,4449.1,4477.9,2745.2,1976.6,2742.8,9954.0,2740.2,1369.2
,,,,,,,,1491,2045.7,2523.5,8617.8,3097.2,4238.3,4297.2,2597.3,1858.1,2563.3,9561.9,2593.5,1287.9
,,,,,,,,1492,2037.0,2529.0,8633.8,2974.8,4148.0,4183.1,2578.5,1843.6,2550.1,9211.8,2551.5,1266.9
,,,,,,,,1493,2068.4,2589.9,8963.3,3108.2,4361.5,4422.3,2665.8,1909.3,2658.1,9773.2,2634.9,1317.8
,,,,,,,,1494,2293.2,2855.9,9799.2,3454.7,4860.6,4729.8,2965.5,2132.1,2907.9,10620.9,2935.1,1474.2
,,,,,,,,1495,2571.0,3157.7,10834.5,3818.4,5228.1,5299.9,3265.8,2344.9,3192.1,11677.7,3217.3,1612.9
,,,,,,,,1496,2732.8,3411.5,11814.9,4078.7,5777.9,5677.4,3454.1,2499.1,3468.2,12562.3,3525.3,1746.0
,,,,,,,,1497,2822.1,3605.8,12172.1,4222.3,6007.6,5899.3,3590.3,2634.7,3616.1,13179.0,3670.2,1793.9
,,,,,,,,1498,2817.3,3506.0,11864.8,4201.9,5799.2,5830.7,3602.9,2532.4,3590.3,12823.1,3555.8,1809.0
,,,,,,,,1499,2717.3,3320.2,11355.0,4062.9,5668.8,5603.4,3420.9,2471.7,3418.2,12341.8,3374.1,1729.6
,,,,,,,,1500,2546.8,3241.5,10900.8,3836.8,5359.7,5429.7,3240.1,2361.9,3312.8,11851.1,3279.1,1644.0
,,,,,,,,1501,2523.2,3084.5,10532.1,3775.8,5265.1,5137.1,3196.3,2267.9,3134.6,11519.7,3180.8,1593.9
,,,,,,,,1502,2455.5,3116.4,10577.1,3756.4,5180.9,5145.7,3127.3,2263.2,3146.7,11642.3,3164.7,1572.0
,,,,,,,,1503,2524.6,3176.2,10782.6,3822.9,5214.1,5282.9,3245.1,2319.3,3249.0,11854.9,3219.8,1622.8
,,,,,,,,1504,2629.4,3330.2,11248.2,3959.9,5558.4,5570.3,3403.0,2430.1,3404.6,12243.2,3391.7,1697.0
,,,,,,,,1505,2757.1,3432.4,11823.8,4219.8,5793.2,5737.1,3586.2,2511.6,3544.8,12709.1,3527.9,1747.3
,,,,,,,,1506,2925.6,3650.5,12185.3,4379.6,6077.7,6145.0,3681.3,2671.7,3726.2,13506.0,3711.7,1870.8
,,,,,,,,1507,2980.3,3678.1,12530.1,4472.7,6208.6,6192.8,3760.3,2671.8,3750.7,13698.8,3729.0,1854.9
,,,,,,,,1508,2925.5,3658.2,12426.4,4365.0,6120.3,6000.9,3680.5,2648.3,3721.9,13606.1,3685.8,1823.0
,,,,,,,,1509,2790.2,3433.3,11864.1,4199.2,5811.4,5774.7,3565.3,2541.2,3506.0,12982.1,3535.8,1772.2
,,,,,,,,1510,2657.7,3321.3,11275.3,3998.5,5495.8,5522.0,3347.3,2417.8,3326.9,12052.3,3356.5,1694.8
,,,,,,,,1511,2507.9,3166.8,10714.6,3783.1,5293.7,5220.8,3254.9,2282.3,3184.4,11694.9,3218.2,1612.3
,,,,,,,,1512,2460.6,3103.6,10376.1,3682.2,5180.4,5171.9,3104.3,2247.9,3118.8,11360.0,3100.0,1560.6
,,,,,,,,1513,2412.3,2993.0,10286.6,3674.4,5005.0,5104.2,3052.1,2217.7,3097.5,11241.5,3100.4,1545.1
,,,,,,,,1514,2276.3,2895.3,9849.0,3399.0,4726.0,4758.3,2914.3,2108.7,2908.6,10651.3,2932.3,1455.6
,,,,,,,,1515,2184.8,2671.3,9342.4,3252.9,4502.0,4565.4,2774.3,1963.1,2763.2,9976.3,2778.3,1363.3
,,,,,,,,1516,2139.5,2685.1,8921.3,3223.9,4371.2,4451.6,2704.6,1927.8,2667.3,9920.0,2723.3,1342.8
,,,,,,,,1517,2232.4,2795.1,9585.4,3304.1,4658.7,4602.2,2860.9,2014.3,2788.2,10241.7,2844.0,1437.9
,,,,,,,,1518,2404.0,3070.8,10275.1,3662.1,5115.7,5113.4,3066.7,2248.5,3120.3,11237.4,3085.2,1571.0
,,,,,,,,1519,2728.0,3388.0,11338.0,4057.9,5628.8,5587.3,3440.8,2494.1,3435.8,12416.3,3411.4,1738.7
,,,,,,,,1520,2940.9,3644.0,12475.7,4391.6,6131.5,6013.9,3650.8,2700.8,3724.3,13526.0,3734.7,1841.5
,,,,,,,,1521,2987.9,3712.4,12737.5,4471.3,6304.7,6321.1,3826.3,2719.4,3774.4,14105.3,3889.9,1913.8
,,,,,,,,1522,2977.6,3678.8,12819.7,4499.0,6147.6,6251.7,3809.0,2730.3,3802.6,13760.9,3818.0,1870.7
,,,,,,,,1523,2882.8,3560.2,11966.6,4272.9,5955.2,5982.1,3672.4,2612.1,3589.3,13050.5,3627.6,1827.2
,,,,,,,,1524,2687.1,3448.0,11435.6,4025.1,5644.3,5709.9,3436.2,2455.6,3489.0,12651.7,3424.9,1748.0
,,,,,,,,1525,2681.9,3339.7,11228.2,3920.7,5514.9,5570.5,3358.3,2443.9,3398.3,12287.4,3371.6,1687.0
,,,,,,,,1526,2628.5,3311.5,11225.6,3928.2,5436.2,5450.8,3302.7,2432.2,3350.8,12289.4,3309.3,1703.2
,,,,,,,,1527,2665.8,3327.9,11305.7,4005.4,5540.9,5660.4,3418.7,2474.2,3384.7,12359.9,3432.4,1733.3
,,,,,,,,1528,2760.0,3480.7,12042.2,4162.1,5887.9,5854.4,3593.0,2545.3,3542.2,12916.9,3583.3,1779.8
,,,,,,,,1529,2909.1,3720.6,12519.7,4422.6,6148.8,6131.1,3775.6,2717.9,3724.6,13489.7,3783.6,1894.1
,,,,,,,,1530,3084.8,3794.4,13136.7,4602.3,6440.8,6373.0,3939.6,2789.8,3908.5,14398.8,3912.9,1944.6
,,,,,,,,1531,3164.5,3887.8,13248.8,4640.9,6534.4,6607.5,3990.8,2840.3,4017.4,14658.3,3942.2,2000.4
,,,,,,,,1532,3043.5,3901.3,13280.4,4580.3,6383.2,6468.1,3892.2,2776.6,3864.3,14177.8,3946.7,1967.3
,,,,,,,,1533,2963.8,3662.2,12702.6,4439.1,6224.2,6216.3,3753.4,2668.5,3702.0,13674.2,3715.1,1881.8
,,,,,,,,1534,2808.7,3489.6,12068.3,4242.2,5761.6,5816.1,3554.3,2596.3,3591.2,12906.6,3562.8,1759.4
,,,,,,,,1535,2688.8,3354.0,11468.0,4081.6,5587.2,5605.1,3368.8,2443.5,3362.8,12415.6,3407.1,1700.6
,,,,,,,,1536,2615.6,3243.1,11246.3,3900.8,5503.0,5389.8,3286.3,2402.6,3326.3,12042.8,3338.1,1665.0
,,,,,,,,1537,2388.3,3010.9,10333.2,3611.4,5056.1,5003.0,3015.8,2170.1,3059.1,11285.3,3076.8,1559.8
,,,,,,,,1538,2254.6,2810.1,9771.0,3389.7,4787.6,4792.3,2870.4,2088.1,2859.3,10589.9,2952.9,1464.8
,,,,,,,,1539,2173.7,2676.9,9168.9,3221.0,4534.5,4432.6,2719.9,1977.8,2747.6,9951.4,2749.0,1391.0
,,,,,,,,1540,2138.4,2670.7,9115.0,3211.4,4357.8,4442.6,2669.8,1913.5,2725.2,9763.3,2699.7,1362.7
,,,,,,,,1541,2190.5,2743.7,9532.5,3352.4,4578.0,4640.8,2816.8,1997.6,2794.1,10204.4,2835.5,1410.1
,,,,,,,,1542,2412.6,3019.5,10283.0,3649.3,5074.8,5052.8,3059.0,2205.1,3082.6,11191.0,3065.5,1544.3
,,,,,,,,1543,2683.5,3327.2,11332.8,4030.5,5609.0,5514.0,3385.3,2430.0,3406.1,12586.2,3428.5,1691.8
,,,,,,,,1544,2891.6,3601.9,12184.4,4369.7,5978.5,6079.7,3692.6,2628.1,3650.0,13499.0,3686.0,1878.2
,,,,,,,,1545,2975.6,3724.1,12697.7,4564.6,6336.5,6273.6,3768.9,2726.8,3801.9,13727.2,3834.1,1918.5
,,,,,,,,1546,2946.2,3681.1,12624.0,4456.0,6207.2,6249.2,3705.6,2715.8,3768.2,13631.2,3755.6,1868.1
,,,,,,,,1547,2808.9,3573.0,12034.9,4240.7,5976.5,5876.4,3573.4,2559.1,3617.8,13138.6,3593.4,1806.2
,,,,,,,,1548,2713.4,3419.7,11497.9,4126.0,5566.2,5664.0,3418.3,2445.8,3460.4,12414.2,3452.0,1720.4
,,,,,,,,1549,2627.8,3259.0,11047.4,3952.4,5482.9,5426.0,3361.1,2439.1,3335.9,12185.5,3369.5,1703.5
,,,,,,,,1550,2624.2,3239.3,11100.5,3949.9,5447.9,5537.1,3290.9,2429.4,3352.3,12047.6,3346.9,1670.6
,,,,,,,,1551,2714.3,3325.8,11333.6,4023.0,5635.1,5634.2,3434.9,2425.5,3393.1,12541.6,3392.6,1689.4
,,,,,,,,1552,2765.3,3490.1,11717.1,4188.0,5746.9,5771.3,3548.7,2572.7,3541.5,12811.4,3543.7,1764.3
,,,,,,,,1553,2892.5,3690.8,12517.2,4468.9,6134.8,6109.6,3731.1,2680.1,3779.2,13373.7,3703.6,1869.1
,,,,,,,,1554,3027.0,3803.3,12925.6,4658.5,6364.4,6416.6,3837.7,2785.1,3947.5,14164.5,3921.2,1948.7
,,,,,,,,1555,3103.6,3876.2,13259.5,4732.2,6577.9,6543.4,3928.0,2888.5,3915.5,14496.0,3967.2,1995.4
,,,,,,,,1556,3110.8,3794.5,13132.6,4621.2,6299.9,6411.9,3947.7,2779.8,3923.1,14164.8,3922.5,1934.2
,,,,,,,,1557,2926.6,3616.5,12612.4,4350.7,6064.8,6188.2,3775.8,2671.9,3675.9,13729.8,3743.1,1855.3
,,,,,,,,1558,2774.5,3491.8,12000.3,4189.8,5885.2,5831.1,3583.0,2548.5,3505.3,12739.3,3597.2,1780.6
,,,,,,,,1559,2658.4,3389.8,11413.6,4056.9,5526.7,5524.4,3381.7,2467.4,3357.5,12383.8,3387.5,1688.6
,,,,,,,,1560,2625.7,3248.4,11198.6,3869.4,5344.5,5343.1,3263.5,2391.6,3302.2,12190.8,3362.0,1663.8
,,,,,,,,1561,2415.8,2990.8,10232.0,3598.7,5033.9,5033.1,3056.9,2181.9,3070.4,11088.4,3057.1,1551.2
,,,,,,,,1562,2288.6,2836.7,9595.4,3396.8,4700.7,4706.5,2870.8,2100.8,2919.4,10587.6,2871.1,1453.2
,,,,,,,,1563,2148.8,2661.8,9071.8,3240.0,4455.3,4415.2,2721.9,1987.5,2706.0,9933.7,2771.9,1368.3
,,,,,,,,1564,2085.8,2650.5,8954.9,3142.4,4346.1,4440.8,2672.9,1937.1,2682.2,9639.9,2659.3,1332.6
,,,,,,,,1565,2219.0,2771.9,9507.3,3332.3,4637.7,4544.3,2764.2,2030.5,2833.5,10103.9,2815.8,1413.6
,,,,,,,,1566,2452.7,2987.8,10141.9,3660.7,5061.6,4960.8,3056.1,2223.1,3084.6,11054.9,3046.4,1562.1
,,,,,,,,1567,2670.1,3391.6,11228.5,3999.5,5581.0,5508.6,3406.2,2445.6,3385.5,12532.5,3444.6,1693.6
,,,,,,,,1568,2861.5,3624.8,12349.6,4273.6,5946.3,6063.6,3709.3,2608.9,3715.5,13312.0,3712.5,1850.6
,,,,,,,,1569,2993.1,3749.5,12638.7,4532.3,6124.3,6289.6,3762.6,2741.4,3811.2,13898.3,3792.6,1887.9
,,,,,,,,1570,2919.5,3662.6,12665.6,4460.8,6184.5,6168.3,3738.7,2688.2,3749.6,13680.9,3813.0,1893.2
,,,,,,,,1571,2842.4,3553.0,11954.0,4185.3,5830.8,5887.8,3637.7,2565.2,3541.1,13100.0,3654.8,1816.9
,,,,,,,,1572,2669.2,3358.5,11338.9,4042.1,5619.7,5593.6,3467.7,2469.2,3424.7,12584.2,3417.8,1717.2
,,,,,,,,1573,2617.2,3240.6,11228.1,3936.2,5454.8,5456.3,3364.9,2429.8,3377.6,12226.3,3365.2,1669.3
,,,,,,,,1574,2580.0,3227.3,11061.8,3979.4,5460.7,5515.3,3315.7,2416.7,3309.4,12116.6,3313.9,1695.0
,,,,,,,,1575,2689.1,3336.0,11492.8,3991.5,5474.5,5497.8,3419.8,2456.3,3427.4,12363.6,3372.2,1689.3
,,,,,,,,1576,2770.3,3513.0,11945.7,4156.3,5695.5,5724.6,3529.9,2543.8,3558.7,12867.0,3540.9,1772.4
,,,,,,,,1577,2917.1,3656.3,12599.2,4394.8,6114.5,6125.5,3759.4,2691.7,3676.3,13354.3,3743.1,1885.9
,,,,,,,,1578,3094.3,3793.1,13093.5,4616.3,6420.6,6335.2,3903.2,2787.9,3922.0,13962.8,3954.0,1964.1
,,,,,,,,1579,3080.2,3940.0,13359.1,4660.6,6424.1,6457.5,3903.2,2798.4,3923.0,14162.6,3958.9,1962.1
,,,,,,,,1580,3071.1,3798.7,13161.9,4605.8,6368.5,6338.7,3901.4,2829.7,3905.5,14093.2,3893.2,1958.0
,,,,,,,,1581,2892.9,3642.6,12487.9,4328.4,6126.1,6152.9,3656.6,2652.2,3669.4,13446.5,3732.3,1850.0
,,,,,,,,1582,2812.5,3463.7,11949.8,4114.5,5853.2,5816.4,3553.7,2519.6,3513.4,12713.8,3519.7,1763.8
,,,,,,,,1583,2660.9,3282.0,11331.9,3976.6,5540.4,5606.8,3365.5,2467.8,3364.7,12127.8,3401.6,1706.5
,,,,,,,,1584,2587.5,3200.1,10983.8,3937.7,5464.1,5330.1,3291.1,2364.0,3289.8,12121.7,3335.5,1653.1
,,,,,,,,1585,2359.2,2954.5,10129.1,3615.1,4944.4,4942.0,3021.7,2164.1,3049.4,11163.9,3055.3,1545.4
,,,,,,,,1586,2292.8,2846.8,9622.8,3378.4,4689.5,4761.8,2891.8,2074.0,2864.3,10416.0,2928.8,1427.6
,,,,,,,,1587,2142.0,2713.0,9109.0,3198.6,4412.1,4447.1,2740.2,1946.4,2751.4,9817.6,2719.8,1379.8
,,,,,,,,1588,2069.3,2651.0,8976.3,3122.0,4420.1,4305.6,2659.9,1896.8,2658.1,9751.6,2676.7,1332.0
,,,,,,,,1589,2211.7,2738.0,9228.4,3291.1,4602.4,4513.0,2762.7,2030.3,2774.0,10101.7,2796.6,1411.2
,,,,,,,,1590,2402.2,2964.8,10352.0,3619.4,4971.0,4979.9,3080.8,2220.7,3038.9,11280.5,3056.9,1553.4
,,,,,,,,1591,2641.7,3330.5,11411.5,3971.0,5465.7,5547.2,3351.0,2437.5,3359.9,12370.3,3397.7,1695.5
,,,,,,,,1592,2889.9,3635.4,12183.1,4351.2,6002.2,5975.6,3633.3,2622.9,3669.6,13099.8,3725.4,1851.4
,,,,,,,,1593,3008.0,3762.7,12723.3,4416.3,6179.2,6246.7,3810.1,2692.3,3798.6,13799.9,3799.8,1889.9
,,,,,,,,1594,2933.9,3652.6,12486.7,4356.6,6105.6,6158.0,3767.0,2673.2,3692.5,13408.3,3775.3,1890.8
,,,,,,,,1595,2853.8,3542.2,11979.0,4250.7,5769.1,5777.6,3522.3,2551.9,3607.0,13140.4,3640.1,1775.7
,,,,,,,,1596,2719.5,3322.8,11549.4,4073.8,5573.3,5561.7,3364.4,2433.5,3402.8,12337.3,3435.2,1732.5
,,,,,,,,1597,2634.4,3263.5,10953.3,3951.7,5408.2,5440.4,3312.1,2421.9,3297.4,11939.6,3346.7,1689.3
,,,,,,,,1598,2614.7,3241.9,11102.3,3851.3,5404.7,5479.2,3308.6,2352.2,3270.9,12113.4,3336.8,1647.5
,,,,,,,,1599,2667.6,3295.2,11396.4,4032.3,5571.5,5541.4,3338.3,2459.5,3407.2,12144.0,3370.3,1685.8
,,,,,,,,1600,2762.2,3472.2,11924.6,4136.6,5825.4,5801.2,3519.6,2520.1,3514.6,12871.8,3506.5,1785.8
,,,,,,,,1601,2880.5,3686.4,12477.9,4384.1,6117.0,5986.7,3681.2,2650.5,3702.5,13588.4,3692.5,1883.3
,,,,,,,,1602,3049.0,3752.6,12954.6,4501.5,6319.1,6389.7,3915.2,2815.7,3829.2,14158.5,3870.4,1932.5
,,,,,,,,1603,3113.6,3925.7,13008.7,4619.8,6364.9,6462.7,3975.4,2840.7,3936.3,14126.0,3936.1,1986.6
,,,,,,,,1604,3004.9,3838.9,12791.8,4494.4,6373.8,6336.3,3875.0,2785.9,3814.3,14081.0,3906.1,1952.9
,,,,,,,,1605,2892.8,3587.7,12455.8,4344.7,6042.0,6104.3,3704.7,2642.5,3665.0,13522.8,3775.6,1866.8
,,,,,,,,1606,2735.5,3430.2,11589.7,4188.3,5813.6,5804.5,3462.7,2548.5,3461.3,12584.4,3574.3,1778.2
,,,,,,,,1607,2630.4,3327.3,11201.1,3972.5,5498.0,5551.2,3379.1,2435.6,3406.7,12126.5,3375.7,1683.5
,,,,,,,,1608,2550.8,3239.5,10938.5,3924.7,5316.3,5318.7,3295.0,2342.8,3259.8,12062.4,3345.9,1671.1
,,,,,,,,1609,2389.2,2959.8,10127.5,3605.4,4966.7,4924.3,3042.3,2149.9,3024.6,10991.2,3055.2,1544.4
,,,,,,,,1610,2246.7,2793.1,9673.1,3382.4,4738.9,4747.3,2868.8,2034.4,2825.9,10330.0,2884.8,1430.4
,,,,,,,,1611,2149.0,2683.8,9082.0,3170.2,4426.0,4469.8,2737.7,1962.0,2704.4,9817.4,2757.2,1372.8
,,,,,,,,1612,2105.2,2597.0,8999.3,3130.9,4373.2,4344.8,2666.4,1897.3,2658.4,9722.9,2697.4,1344.9
,,,,,,,,1613,2162.2,2739.6,9341.7,3264.4,4570.1,4556.7,2763.8,1992.9,2788.7,9972.3,2841.1,1398.4
,,,,,,,,1614,2388.0,3022.1,10039.5,3543.8,5021.6,4974.3,3002.3,2220.3,3026.9,10964.5,3118.2,1524.0
,,,,,,,,1615,2634.2,3354.7,11422.7,3924.9,5458.9,5456.6,3408.6,2431.5,3373.9,12313.3,3420.1,1703.3
,,,,,,,,1616,2841.5,3558.5,12346.4,4293.7,5880.7,5992.9,3613.1,2586.7,3618.4,13264.6,3722.8,1850.0
,,,,,,,,1617,2959.7,3690.7,12676.5,4462.2,6127.5,6075.9,3721.9,2720.3,3753.9,13563.5,3832.8,1892.6
,,,,,,,,1618,2957.8,3662.1,12340.8,4413.1,6033.8,6034.8,3744.4,2657.0,3713.5,13570.8,3775.9,1847.7
,,,,,,,,1619,2808.6,3506.1,11774.5,4251.7,5858.6,5858.2,3506.9,2529.3,3554.2,12856.0,3573.4,1805.8
,,,,,,,,1620,2641.3,3316.3,11400.5,3989.2,5610.0,5637.9,3392.2,2426.1,3377.5,12489.3,3398.8,1710.8
,,,,,,,,1621,2639.9,3221.4,11097.0,3891.7,5485.6,5488.4,3273.1,2381.5,3257.3,12124.1,3375.4,1685.1
,,,,,,,,1622,2569.4,3265.4,10882.9,3929.0,5327.6,5328.1,3288.4,2373.7,3330.5,11875.9,3281.2,1671.9
,,,,,,,,1623,2636.7,3337.6,11082.4,3907.4,5575.0,5420.3,3359.8,2414.7,3306.0,12384.3,3351.3,1696.6
,,,,,,,,1624,2712.7,3487.1,11616.0,4185.3,5744.1,5784.0,3512.4,2480.2,3540.1,12842.0,3580.2,1751.4
,,,,,,,,1625,2909.7,3587.8,12249.2,4298.4,6020.5,6103.6,3656.8,2616.5,3686.2,13290.0,3700.8,1865.9
,,,,,,,,1626,2985.4,3732.7,13003.7,4603.4,6234.5,6217.0,3816.1,2737.1,3853.5,13904.9,3880.5,1913.0
,,,,,,,,1627,3066.9,3861.0,13125.7,4662.3,6350.0,6413.5,3866.7,2782.7,3867.1,14222.4,3950.8,1951.5
,,,,,,,,1628,2998.4,3739.1,13009.7,4494.4,6210.5,6309.2,3797.5,2748.8,3849.3,14066.8,3920.7,1944.9
,,,,,,,,1629,2876.5,3595.5,12164.8,4373.3,5998.8,6051.0,3627.3,2626.0,3691.2,13450.4,3725.5,1856.5
,,,,,,,,1630,2723.4,3447.5,11591.0,4074.7,5749.3,5695.5,3525.5,2483.4,3509.1,12526.7,3550.2,1754.1
,,,,,,,,1631,2637.3,3261.6,11231.7,3936.7,5405.8,5433.3,3374.0,2406.7,3374.1,12225.7,3415.4,1666.0
,,,,,,,,1632,2609.0,3213.0,10864.2,3821.0,5370.8,5363.5,3295.9,2334.9,3225.2,11822.8,3257.7,1656.8
,,,,,,,,1633,2216.8,2775.6,9429.8,3363.5,4576.5,4578.7,2841.0,2029.7,2845.8,10354.5,2853.5,1435.3
,,,,,,,,1634,2097.1,2595.1,8950.4,3121.8,4390.0,4442.8,2645.0,1901.0,2702.4,9652.6,2719.9,1357.3
,,,,,,,,1635,2009.0,2508.5,8346.2,2969.9,4138.5,4201.3,2498.2,1840.3,2522.0,9242.7,2544.8,1261.9
,,,,,,,,1636,1951.9,2454.6,8220.0,2928.9,4108.8,4074.7,2444.3,1760.7,2505.1,9012.6,2521.0,1238.3
,,,,,,,,1637,2038.4,2553.7,8590.5,3077.9,4261.0,4192.4,2559.5,1840.7,2589.2,9504.6,2616.0,1298.8
,,,,,,,,1638,2253.2,2818.4,9605.6,3335.8,4615.3,4674.2,2841.6,2026.5,2855.5,10493.5,2904.4,1454.2
,,,,,,,,1639,2485.8,3083.3,10459.3,3689.8,5143.6,5173.8,3187.2,2265.8,3164.2,11396.1,3212.9,1585.4
,,,,,,,,1640,2719.6,3376.3,11352.6,3977.1,5601.6,5567.8,3415.8,2420.7,3443.3,12257.8,3444.8,1716.8
,,,,,,,,1641,2744.6,3511.0,11869.6,4118.7,5804.3,5724.5,3474.6,2524.5,3553.1,12627.8,3604.5,1773.4
,,,,,,,,1642,2736.0,3445.4,11496.1,4057.8,5633.0,5747.7,3498.3,2529.2,3418.5,12709.3,3561.3,1757.1
,,,,,,,,1643,2654.2,3320.1,11284.5,3919.1,5466.3,5494.4,3337.8,2422.2,3299.5,11946.6,3332.6,1668.9
,,,,,,,,1644,2541.3,3136.5,10562.6,3722.4,5152.0,5277.7,3153.3,2270.7,3185.8,11713.9,3191.7,1624.3
,,,,,,,,1645,2431.0,3053.9,10484.8,3687.0,4997.4,4989.5,3044.4,2221.0,3065.8,11392.6,3129.3,1558.5
,,,,,,,,1646,2410.8,3044.2,10413.1,3630.6,5013.5,5007.6,3086.1,2246.9,3064.8,11074.3,3071.3,1535.7
,,,,,,,,1647,2488.1,3105.0,10444.4,3707.8,5125.8,5204.9,3142.2,2273.9,3166.5,11449.9,3175.4,1593.1
,,,,,,,,1648,2593.3,3216.3,11098.0,3867.6,5385.3,5402.9,3258.8,2322.1,3217.4,11909.0,3350.5,1653.2
,,,,,,,,1649,2713.2,3350.9,11515.3,4049.0,5687.8,5711.1,3459.4,2487.5,3452.6,12387.7,3455.8,1726.8
,,,,,,,,1650,2847.1,3580.6,12154.9,4266.0,5858.5,5809.7,3555.0,2599.8,3539.8,12903.7,3687.5,1843.2
,,,,,,,,1651,2895.4,3595.7,12362.6,4320.1,6022.0,5942.1,3607.6,2647.7,3700.8,13399.0,3711.4,1860.6
,,,,,,,,1652,2815.4,3509.3,11874.4,4230.7,5955.1,5944.4,3551.4,2569.5,3597.5,13208.4,3682.4,1815.4
,,,,,,,,1653,2686.7,3412.8,11651.0,4105.9,5680.2,5582.1,3393.6,2486.7,3450.7,12634.1,3464.0,1741.3
,,,,,,,,1654,2567.0,3252.7,10847.2,3895.6,5413.8,5350.0,3221.7,2374.7,3243.6,11849.7,3317.2,1645.8
,,,,,,,,1655,2504.1,3080.9,10522.5,3687.9,5195.0,5169.7,3112.8,2282.2,3086.7,11403.2,3152.9,1606.5
,,,,,,,,1656,2411.6,2976.3,10157.4,3587.8,5026.6,5075.2,3034.3,2171.9,3074.6,11224.7,3056.5,1566.7
,,,,,,,,1657,2186.3,2794.2,9510.5,3310.6,4555.6,4584.9,2793.1,2041.3,2785.3,10361.9,2888.3,1429.0
,,,,,,,,1658,2067.6,2647.1,8999.2,3136.8,4337.9,4335.1,2654.5,1895.3,2654.8,9538.3,2709.2,1368.4
,,,,,,,,1659,1960.1,2447.1,8485.0,3011.0,4104.3,4072.5,2489.7,1789.1,2531.8,9279.5,2540.6,1262.1
,,,,,,,,1660,1946.2,2421.3,8233.5,2907.8,4031.6,4071.8,2502.1,1771.6,2487.1,9022.2,2488.4,1233.7
,,,,,,,,1661,2027.6,2524.3,8590.9,3054.1,4259.7,4202.2,2558.5,1872.0,2588.9,9497.5,2614.6,1319.8
,,,,,,,,1662,2250.2,2752.6,9572.3,3362.3,4592.1,4620.3,2808.4,2055.9,2836.4,10414.3,2878.5,1448.8
,,,,,,,,1663,2495.3,3083.6,10598.4,3698.3,5200.5,5171.9,3117.6,2282.4,3161.5,11460.9,3181.7,1583.0
,,,,,,,,1664,2706.2,3308.5,11379.8,3969.8,5620.9,5571.7,3368.5,2403.4,3347.5,12461.8,3463.0,1711.7
,,,,,,,,1665,2796.3,3407.3,11819.9,4138.3,5809.1,5679.6,3484.6,2508.1,3474.0,12653.5,3500.1,1781.0
,,,,,,,,1666,2687.8,3441.0,11523.5,4124.9,5706.6,5609.8,3483.5,2455.7,3472.7,12433.8,3514.8,1766.3
,,,,,,,,1667,2578.9,3242.5,11121.4,3972.3,5376.2,5403.4,3322.5,2358.7,3311.1,12214.6,3317.4,1688.3
,,,,,,,,1668,2469.1,3109.9,10556.0,3697.5,5121.7,5128.2,3135.2,2286.5,3145.9,11436.4,3226.2,1625.8
,,,,,,,,1669,2390.3,2990.6,10242.3,3581.3,5037.7,5010.6,3073.7,2223.5,3104.3,11166.2,3159.2,1570.9
,,,,,,,,1670,2411.4,3006.5,10150.2,3611.6,5089.3,4970.2,3042.2,2236.2,3051.0,11261.3,3091.8,1530.0
,,,,,,,,1671,2485.6,3066.4,10388.1,3667.8,5083.6,5097.6,3094.3,2265.4,3088.7,11330.9,3186.8,1584.1
,,,,,,,,1672,2528.1,3161.4,11000.0,3878.1,5394.0,5381.3,3208.4,2309.6,3263.9,11729.2,3326.7,1635.5
,,,,,,,,1673,2719.3,3331.3,11324.5,4083.7,5554.1,5603.8,3443.6,2445.7,3382.5,12638.3,3436.3,1754.7
,,,,,,,,1674,2823.2,3507.1,11824.8,4200.3,5816.2,5796.6,3584.1,2604.9,3611.3,13094.9,3634.5,1802.4
,,,,,,,,1675,2895.6,3607.3,12193.0,4267.7,5943.1,5936.0,3634.3,2584.3,3598.6,13049.8,3744.6,1859.7
,,,,,,,,1676,2824.7,3489.5,11918.2,4191.9,5837.9,5833.5,3540.2,2573.8,3571.4,13014.7,3577.2,1810.1
,,,,,,,,1677,2703.4,3409.2,11472.9,4075.0,5570.6,5648.2,3446.7,2497.9,3432.6,12383.2,3460.1,1753.5
,,,,,,,,1678,2525.6,3218.1,10774.3,3852.8,5299.0,5278.5,3201.8,2336.7,3204.0,11767.8,3247.6,1628.2
,,,,,,,,1679,2489.8,3055.3,10438.1,3679.2,5100.3,5117.4,3153.9,2209.5,3147.2,11471.2,3196.8,1589.6
,,,,,,,,1680,2378.5,3007.4,10142.7,3628.0,5003.9,4987.6,3053.2,2160.8,3016.8,11130.7,3066.3,1522.9
,,,,,,,,1681,2361.7,2900.9,10036.2,3477.5,4940.9,4878.9,2940.1,2158.3,3016.5,10952.6,3031.5,1488.6
,,,,,,,,1682,2233.8,2791.1,9558.7,3319.9,4668.0,4642.9,2832.1,2023.4,2854.8,10107.0,2901.5,1414.6
,,,,,,,,1683,2106.3,2608.8,8885.2,3188.1,4376.3,4318.9,2660.7,1934.7,2696.9,9806.5,2698.0,1345.2
,,,,,,,,1684,2037.4,2562.5,8852.4,3064.5,4228.5,4224.0,2619.4,1889.5,2596.3,9602.0,2639.6,1326.3
,,,,,,,,1685,2144.2,2685.6,9050.4,3239.7,4527.2,4417.1,2704.9,1985.3,2767.7,10053.3,2770.0,1387.3
,,,,,,,,1686,2341.0,2922.2,10026.7,3576.4,4915.1,4913.2,3008.8,2159.7,3012.0,10875.3,3018.9,1512.6
,,,,,,,,1687,2599.3,3303.9,11172.3,3885.8,5432.1,5444.9,3315.2,2372.8,3287.1,12222.5,3405.2,1684.9
,,,,,,,,1688,2786.7,3531.7,11959.1,4213.3,5958.1,5959.3,3545.0,2597.8,3587.5,13004.3,3636.0,1838.9
,,,,,,,,1689,2942.0,3602.3,12464.0,4364.2,6143.3,6102.7,3677.4,2678.4,3732.0,13639.3,3811.4,1860.8
,,,,,,,,1690,2862.8,3568.3,12298.1,4282.9,6075.8,5937.2,3619.2,2645.6,3620.3,13123.6,3690.8,1849.8
,,,,,,,,1691,2724.3,3443.6,11669.2,4143.3,5781.8,5724.8,3457.8,2487.9,3475.0,12657.7,3508.2,1797.1
,,,,,,,,1692,2675.1,3259.8,11357.0,3972.3,5477.8,5564.0,3391.3,2427.9,3345.8,12320.2,3427.6,1725.8
,,,,,,,,1693,2596.3,3234.3,10744.5,3849.5,5354.9,5304.5,3300.9,2376.2,3275.9,12014.5,3275.8,1677.6
,,,,,,,,1694,2547.3,3163.7,10767.5,3824.3,5328.6,5297.1,3248.3,2305.1,3260.1,11675.8,3334.8,1634.1
,,,,,,,,1695,2625.5,3289.4,11074.1,3930.9,5385.5,5437.5,3352.4,2351.1,3300.4,11901.9,3344.6,1667.6
,,,,,,,,1696,2707.5,3350.0,11387.6,4073.5,5622.7,5663.4,3389.5,2486.1,3398.8,12662.6,3463.8,1730.2
,,,,,,,,1697,2834.9,3545.3,12117.3,4262.3,5975.2,5945.7,3667.6,2638.5,3613.4,13364.0,3637.8,1867.4
,,,,,,,,1698,2972.3,3729.2,12788.1,4508.3,6205.6,6265.0,3820.5,2745.1,3806.9,13762.9,3877.5,1927.2
,,,,,,,,1699,3078.0,3798.3,12825.1,4616.1,6261.9,6358.5,3879.1,2761.4,3865.7,14073.5,3877.5,1983.0
,,,,,,,,1700,2980.4,3715.1,12708.2,4466.1,6301.9,6188.6,3795.0,2716.6,3800.0,13837.9,3796.7,1929.4
,,,,,,,,1701,2878.3,3544.5,12266.6,4335.8,5913.6,5936.0,3603.4,2580.0,3604.1,13245.0,3680.4,1857.0
,,,,,,,,1702,2708.8,3377.0,11534.8,4091.6,5559.6,5646.5,3423.3,2465.6,3424.1,12543.5,3480.3,1760.3
,,,,,,,,1703,2633.3,3217.2,11163.6,3934.2,5376.7,5371.5,3330.0,2382.8,3337.2,12169.8,3400.7,1678.1
,,,,,,,,1704,2515.5,3127.8,10887.8,3825.0,5212.4,5210.7,3175.4,2343.6,3185.6,11799.3,3274.6,1616.8
,,,,,,,,1705,2313.6,2961.6,9979.4,3533.0,4827.7,4874.4,2945.2,2160.4,2985.8,10795.7,3002.1,1493.9
,,,,,,,,1706,2199.6,2763.7,9391.1,3348.8,4550.3,4644.3,2809.0,1992.6,2817.9,10179.3,2844.6,1414.8
,,,,,,,,1707,2090.4,2601.0,8917.2,3144.3,4332.1,4379.5,2655.2,1892.9,2614.3,9539.7,2673.3,1343.6
,,,,,,,,1708,2027.8,2601.4,8608.3,3113.9,4276.7,4308.2,2588.3,1866.9,2604.0,9578.4,2675.3,1321.8
,,,,,,,,1709,2140.1,2689.2,9064.8,3221.7,4453.0,4492.3,2736.6,1957.3,2710.9,9802.5,2800.9,1385.6
,,,,,,,,1710,2346.1,2962.4,10011.8,3542.5,4841.4,4833.4,2973.4,2119.3,2951.7,10912.9,3053.8,1535.7
,,,,,,,,1711,2594.3,3217.2,11011.4,3874.6,5363.6,5489.4,3330.8,2377.3,3294.2,12046.7,3324.3,1683.5
,,,,,,,,1712,2781.9,3478.9,12057.8,4249.5,5840.1,5786.2,3525.0,2555.5,3576.5,13039.2,3632.4,1823.4
,,,,,,,,1713,2889.0,3582.9,12521.7,4368.4,6079.6,5997.4,3668.8,2653.7,3654.6,13238.7,3802.9,1861.6
,,,,,,,,1714,2909.0,3569.2,12319.9,4285.0,5966.0,5907.2,3641.1,2584.9,3626.4,13257.4,3730.7,1850.5
,,,,,,,,1715,2737.0,3396.2,11853.7,4177.2,5797.2,5730.9,3516.6,2493.7,3453.1,12590.7,3511.2,1764.8
,,,,,,,,1716,2653.7,3273.6,11283.1,3969.1,5383.0,5397.2,3309.9,2371.3,3350.3,12048.3,3431.1,1695.1
,,,,,,,,1717,2555.6,3166.0,11004.6,3847.4,5369.0,5263.0,3255.3,2338.6,3281.9,11936.3,3298.3,1672.3
,,,,,,,,1718,2533.9,3174.8,10778.4,3761.8,5271.1,5331.2,3235.6,2332.9,3201.1,11684.9,3305.7,1648.1
,,,,,,,,1719,2613.9,3254.7,11042.6,3838.7,5368.2,5424.2,3273.6,2373.7,3276.6,12089.8,3391.0,1661.6
,,,,,,,,1720,2699.2,3335.8,11431.8,4039.9,5630.5,5562.8,3412.3,2487.2,3428.0,12602.7,3538.0,1740.7
,,,,,,,,1721,2886.5,3537.2,12182.4,4218.4,5897.3,5972.5,3626.9,2574.9,3639.6,13288.3,3718.9,1825.4
,,,,,,,,1722,3002.8,3661.8,12623.9,4458.5,6089.1,6250.9,3757.1,2727.7,3822.9,13562.7,3793.6,1939.1
,,,,,,,,1723,3068.0,3757.1,12988.9,4563.2,6365.5,6200.1,3886.3,2723.0,3821.0,13937.1,3858.5,1972.9
,,,,,,,,1724,2936.0,3671.5,12541.9,4479.3,6108.0,6197.3,3786.4,2690.2,3802.5,13513.8,3841.0,1894.1
,,,,,,,,1725,2831.7,3599.6,12156.2,4260.1,5964.9,5964.9,3594.9,2562.4,3555.2,13126.9,3713.6,1858.0
,,,,,,,,1726,2731.4,3348.8,11327.9,4094.6,5691.8,5673.9,3387.7,2458.0,3378.0,12524.6,3483.6,1725.1
,,,,,,,,1727,2600.3,3216.6,11121.9,3889.6,5443.2,5312.4,3280.6,2338.1,3243.2,11897.8,3309.6,1658.4
,,,,,,,,1728,2507.0,3120.0,10706.6,3765.0,5281.6,5186.7,3204.1,2330.1,3196.8,11526.5,3232.6,1634.5
,,,,,,,,1729,2323.2,2892.3,9906.5,3496.1,4766.2,4851.0,2900.9,2114.6,2936.4,10868.5,3032.6,1494.4
,,,,,,,,1730,2202.4,2758.1,9241.7,3343.7,4628.6,4571.8,2759.2,2022.2,2826.7,10025.1,2864.3,1412.4
,,,,,,,,1731,2110.8,2622.1,8744.2,3141.6,4370.7,4342.7,2632.6,1883.2,2606.4,9597.4,2716.9,1334.3
,,,,,,,,1732,2033.6,2523.1,8779.0,3071.0,4259.8,4189.0,2622.7,1877.4,2611.2,9464.6,2626.3,1332.8
,,,,,,,,1733,2164.5,2630.4,9012.8,3164.8,4475.9,4370.8,2740.6,1956.6,2672.5,9969.9,2722.4,1368.3
,,,,,,,,1734,2325.6,2945.5,9947.0,3537.1,4848.7,4802.3,2952.2,2143.0,2991.5,10861.9,3036.2,1506.2
,,,,,,,,1735,2614.3,3254.3,11166.0,3891.6,5449.0,5358.2,3289.7,2372.4,3272.5,11977.9,3361.7,1695.9
,,,,,,,,1736,2768.2,3509.8,11838.9,4149.0,5824.4,5787.1,3503.9,2515.4,3519.2,12881.8,3590.2,1803.9
,,,,,,,,1737,2874.0,3607.9,12373.9,4306.3,5994.7,5964.7,3691.6,2653.8,3689.4,13430.4,3690.1,1893.9
,,,,,,,,1738,2881.7,3534.1,12162.3,4267.0,5916.2,5907.4,3566.9,2590.7,3649.3,13085.9,3718.3,1844.8
,,,,,,,,1739,2738.8,3427.1,11777.1,4051.5,5706.2,5641.4,3474.9,2522.9,3446.3,12557.1,3532.5,1786.8
,,,,,,,,1740,2645.3,3298.2,11038.1,3939.7,5372.9,5491.4,3333.1,2350.3,3288.3,12080.7,3398.8,1707.3
,,,,,,,,1741,2529.7,3200.8,10890.2,3851.7,5226.4,5272.6,3180.0,2338.4,3174.9,11774.9,3295.9,1657.1
,,,,,,,,1742,2552.7,3138.1,10870.5,3795.6,5240.5,5230.6,3202.2,2279.9,3185.5,11780.1,3228.5,1625.7
,,,,,,,,1743,2605.0,3182.3,10993.5,3891.8,5417.7,5312.4,3240.0,2345.4,3292.6,11857.4,3308.3,1693.4
,,,,,,,,1744,2694.9,3376.8,11495.2,4090.5,5585.6,5654.8,3433.6,2480.9,3442.8,12514.5,3479.1,1730.7
,,,,,,,,1745,2803.7,3579.3,12031.4,4197.4,5862.3,5917.6,3610.5,2609.0,3609.7,13221.9,3680.4,1822.3
,,,,,,,,1746,2918.4,3704.1,12476.2,4379.3,6133.2,6173.3,3713.4,2738.0,3717.7,13666.3,3768.3,1932.4
,,,,,,,,1747,2978.4,3706.5,12692.0,4498.0,6251.4,6187.2,3822.2,2753.1,3760.6,13702.2,3885.9,1919.6
,,,,,,,,1748,2965.3,3676.8,12657.3,4472.5,6170.7,6168.2,3733.8,2723.4,3784.4,13824.3,3774.8,1939.9
,,,,,,,,1749,2795.4,3547.9,12103.7,4282.1,5928.1,5803.2,3563.5,2558.5,3549.7,13005.5,3707.5,1824.8
,,,,,,,,1750,2718.2,3326.5,11404.3,4048.6,5614.3,5545.3,3360.4,2443.4,3418.5,12294.2,3447.1,1745.9
,,,,,,,,1751,2548.4,3254.0,10990.9,3922.8,5295.1,5296.6,3278.3,2346.3,3305.1,11964.6,3373.9,1650.8
,,,,,,,,1752,2539.1,3118.5,10634.9,3752.9,5249.8,5228.5,3210.8,2320.5,3207.9,11549.7,3249.3,1627.9
,,,,,,,,1753,2310.0,2884.6,9799.0,3435.5,4790.4,4736.6,2885.9,2102.5,2941.7,10680.6,2997.3,1516.7
,,,,,,,,1754,2170.8,2771.7,9242.9,3248.9,4597.9,4593.2,2765.8,1995.4,2763.9,10160.6,2801.4,1422.0
,,,,,,,,1755,2097.0,2550.6,8925.3,3130.8,4358.5,4308.3,2653.1,1913.6,2590.2,9460.3,2692.6,1333.6
,,,,,,,,1756,2037.6,2532.0,8742.0,3040.6,4235.8,4245.5,2610.4,1839.1,2576.7,9499.1,2646.6,1335.3
,,,,,,,,1757,2122.3,2663.6,9069.3,3151.3,4383.6,4352.8,2652.3,1936.4,2718.7,9818.6,2772.3,1390.1
,,,,,,,,1758,2342.9,2930.2,10022.1,3474.1,4904.9,4784.7,2987.6,2125.1,2974.3,10884.6,3041.2,1529.2
,,,,,,,,1759,2576.4,3186.1,10843.6,3820.3,5331.0,5429.6,3231.3,2375.8,3315.8,11763.1,3385.2,1689.0
,,,,,,,,1760,2772.1,3451.5,11819.6,4222.1,5849.3,5788.3,3500.0,2520.1,3520.2,13015.2,3587.4,1814.7
,,,,,,,,1761,2890.2,3601.3,12117.5,4278.3,5986.7,5894.2,3606.0,2610.2,3605.9,13356.4,3723.0,1863.8
,,,,,,,,1762,2871.5,3533.5,11902.2,4201.7,5835.6,5890.7,3548.9,2609.7,3618.7,13152.8,3630.6,1841.9
,,,,,,,,1763,2686.4,3363.6,11407.6,4074.8,5581.0,5717.1,3455.0,2453.7,3458.1,12641.3,3539.5,1769.8
,,,,,,,,1764,2606.8,3241.1,11070.7,3888.3,5334.7,5339.8,3323.3,2404.8,3286.1,11899.0,3402.7,1690.1
,,,,,,,,1765,2567.4,3149.1,10694.9,3823.5,5298.3,5296.8,3183.7,2338.3,3180.8,11629.4,3297.9,1639.6
,,,,,,,,1766,2529.8,3153.1,10772.7,3735.3,5265.0,5206.2,3220.1,2325.4,3200.1,11783.1,3290.3,1632.4
,,,,,,,,1767,2576.4,3203.9,10958.7,3878.7,5349.2,5324.1,3219.2,2321.9,3218.9,11859.4,3289.6,1668.3
,,,,,,,,1768,2693.2,3344.0,11248.0,3979.1,5617.9,5474.3,3406.9,2410.7,3437.1,12304.5,3462.3,1750.3
,,,,,,,,1769,2841.1,3495.3,11838.9,4272.0,5895.3,5933.2,3535.9,2590.7,3546.8,12930.2,3651.6,1830.3
,,,,,,,,1770,2961.3,3694.4,12673.4,4391.5,6153.6,6168.8,3723.9,2647.6,3761.4,13697.1,3821.6,1912.0
,,,,,,,,1771,2961.6,3793.7,12582.7,4472.0,6219.0,6174.9,3795.6,2694.9,3809.3,13677.8,3904.5,1946.8
,,,,,,,,1772,2928.3,3717.1,12514.8,4382.2,6084.2,6198.9,3758.5,2672.9,3691.0,13716.4,3808.4,1915.7
,,,,,,,,1773,2833.5,3553.7,12013.1,4245.9,5793.6,5854.6,3589.2,2588.7,3516.5,12932.2,3605.2,1813.6
,,,,,,,,1774,2670.5,3329.0,11347.0,3958.6,5595.2,5498.2,3365.0,2428.4,3367.3,12493.0,3425.8,1752.4
,,,,,,,,1775,2574.3,3187.6,10742.4,3886.3,5352.6,5401.3,3234.9,2349.3,3278.4,11667.3,3345.5,1650.6
,,,,,,,,1776,2476.9,3137.7,10692.8,3748.7,5220.4,5184.0,3144.1,2294.2,3199.5,11518.6,3245.5,1604.5
,,,,,,,,1777,2312.6,2835.8,9693.1,3475.1,4824.6,4747.3,2940.1,2092.2,2886.4,10526.4,2975.8,1480.6
,,,,,,,,1778,2150.9,2737.6,9341.5,3273.4,4460.5,4517.3,2725.8,1982.7,2745.6,9988.9,2784.6,1414.1
,,,,,,,,1779,2031.7,2589.1,8699.0,3100.7,4309.3,4317.5,2605.4,1888.7,2643.7,9398.3,2676.0,1321.6
,,,,,,,,1780,2043.5,2531.4,8682.2,3018.8,4154.2,4201.6,2547.2,1821.2,2529.7,9266.7,2619.3,1327.4
,,,,,,,,1781,2131.9,2624.2,9088.8,3188.5,4411.6,4405.7,2639.0,1902.2,2652.6,9819.5,2702.7,1377.7
,,,,,,,,1782,2335.2,2863.5,9939.8,3499.7,4825.2,4832.4,2897.4,2096.4,2899.6,10561.3,3003.8,1514.1
,,,,,,,,1783,2561.6,3200.9,11042.9,3852.9,5396.0,5258.2,3208.6,2328.5,3226.1,11820.2,3296.4,1688.4
,,,,,,,,1784,2751.0,3470.1,11814.3,4110.4,5742.5,5697.5,3516.7,2501.5,3550.3,12751.8,3609.7,1816.4
,,,,,,,,1785,2827.9,3543.4,12180.8,4301.4,6013.2,5885.1,3634.0,2628.6,3599.7,13215.8,3697.1,1844.7
,,,,,,,,1786,2855.6,3510.7,12130.8,4213.1,5922.1,5879.2,3626.7,2614.2,3615.4,13209.6,3642.8,1834.6
,,,,,,,,1787,2668.8,3386.4,11451.8,4008.8,5655.5,5692.8,3443.3,2484.5,3460.1,12452.1,3482.6,1760.7
,,,,,,,,1788,2604.8,3252.3,11001.4,3900.7,5414.4,5396.7,3283.2,2328.5,3248.4,12042.2,3338.2,1680.4
,,,,,,,,1789,2520.4,3139.2,10620.2,3774.1,5167.4,5197.4,3150.0,2309.8,3224.7,11595.3,3275.2,1635.0
,,,,,,,,1790,2493.8,3142.5,10576.2,3783.9,5243.9,5140.2,3178.9,2308.2,3166.1,11541.1,3210.9,1603.9
,,,,,,,,1791,2544.4,3215.0,10865.2,3840.0,5270.3,5308.6,3227.7,2341.2,3206.0,11665.8,3330.3,1681.5
,,,,,,,,1792,2696.7,3279.8,11348.9,3939.8,5552.3,5493.4,3406.1,2393.2,3325.5,12175.6,3403.9,1726.3
,,,,,,,,1793,2811.2,3540.0,11901.9,4265.7,5839.6,5762.5,3598.4,2558.7,3548.5,12961.5,3673.9,1813.7
,,,,,,,,1794,2898.6,3610.6,12336.3,4395.2,6152.7,6036.2,3691.5,2642.9,3725.6,13682.1,3813.7,1919.4
,,,,,,,,1795,2979.3,3679.7,12716.0,4406.2,6140.1,6201.7,3807.1,2706.8,3824.8,13544.9,3878.6,1911.5
,,,,,,,,1796,2956.8,3610.6,12268.8,4357.6,5991.8,6087.8,3758.6,2678.9,3706.6,13494.0,3793.7,1884.8
,,,,,,,,1797,2818.0,3530.7,12027.5,4192.7,5829.0,5733.7,3531.9,2539.9,3576.5,12934.0,3659.8,1811.5
,,,,,,,,1798,2625.3,3329.2,11294.5,3967.2,5443.5,5524.8,3411.3,2405.3,3326.9,12378.4,3487.7,1736.8
,,,,,,,,1799,2558.9,3156.5,10836.2,3870.0,5256.1,5330.3,3219.5,2312.7,3251.9,11753.0,3353.2,1639.9
,,,,,,,,1800,2511.5,3107.8,10521.5,3756.2,5238.3,5099.3,3155.1,2287.9,3155.1,11534.5,3216.6,1595.8
,,,,,,,,1801,2169.3,2651.2,9236.5,3217.5,4411.7,4450.3,2693.6,1955.4,2710.9,9972.6,2791.9,1382.9
,,,,,,,,1802,2010.2,2534.6,8780.3,3086.1,4194.5,4207.3,2576.6,1836.4,2593.8,9477.5,2656.2,1328.7
,,,,,,,,1803,1938.6,2434.9,8205.8,2912.5,3949.3,4026.3,2419.5,1778.0,2474.1,8990.7,2495.5,1248.8
,,,,,,,,1804,1907.1,2397.9,8069.5,2879.6,3963.1,3892.4,2391.8,1724.0,2391.7,8598.2,2466.8,1243.3
,,,,,,,,1805,1964.5,2456.4,8464.2,2992.7,4064.7,4115.9,2535.6,1817.5,2478.5,9231.1,2603.7,1289.2
,,,,,,,,1806,2176.7,2711.7,9080.9,3290.0,4480.0,4542.8,2706.2,1983.1,2717.4,9995.2,2848.5,1412.8
,,,,,,,,1807,2409.6,2980.4,10243.4,3604.3,4995.6,5024.6,3047.1,2177.6,2996.6,11053.1,3151.3,1548.3
,,,,,,,,1808,2575.6,3238.8,11105.8,3836.7,5427.0,5403.9,3265.5,2361.7,3278.2,11937.1,3363.1,1708.8
,,,,,,,,1809,2711.2,3374.5,11454.1,4001.0,5488.0,5507.1,3410.7,2446.7,3413.0,12189.8,3466.7,1744.9
,,,,,,,,1810,2604.1,3263.5,11382.8,3961.1,5452.1,5428.9,3314.2,2386.0,3357.9,12131.3,3426.6,1739.3
,,,,,,,,1811,2500.6,3210.6,10830.2,3750.6,5263.7,5332.4,3239.2,2339.4,3231.8,11551.4,3289.7,1666.9
,,,,,,,,1812,2439.7,3071.4,10220.0,3589.7,5099.8,5026.8,3056.6,2180.0,3028.6,11002.0,3125.6,1575.2
,,,,,,,,1813,2363.8,2908.1,9958.0,3531.9,4861.6,4939.1,3022.4,2136.8,2993.3,10762.0,3085.1,1545.8
,,,,,,,,1814,2341.7,2891.3,10080.4,3520.7,4905.9,4850.9,2959.5,2114.3,2984.9,10793.8,3023.4,1532.1
,,,,,,,,1815,2412.2,2957.7,10141.5,3580.3,4927.6,4962.9,3009.2,2185.4,3031.9,11126.7,3144.7,1552.7
,,,,,,,,1816,2497.4,3157.1,10718.3,3703.3,5130.9,5126.6,3124.4,2299.7,3110.6,11567.5,3201.4,1600.1
,,,,,,,,1817,2603.9,3256.6,11125.0,3960.8,5393.6,5482.9,3270.2,2359.4,3356.9,11913.5,3403.7,1725.7
,,,,,,,,1818,2776.8,3425.6,11706.6,4128.4,5684.3,5721.2,3461.6,2494.1,3492.0,12742.4,3535.6,1772.2
,,,,,,,,1819,2802.2,3471.8,11952.5,4168.1,5710.8,5704.7,3503.0,2563.8,3569.4,12710.1,3634.0,1824.8
,,,,,,,,1820,2718.8,3389.0,11622.8,4066.3,5731.8,5604.6,3431.4,2483.9,3495.0,12766.8,3553.2,1785.6
,,,,,,,,1821,2592.4,3258.8,11194.2,3984.5,5517.5,5411.3,3344.0,2409.9,3288.2,12159.1,3370.4,1695.8
,,,,,,,,1822,2517.0,3106.0,10725.1,3679.1,5191.1,5112.9,3120.5,2279.8,3169.1,11328.6,3269.0,1619.4
,,,,,,,,1823,2416.4,2950.3,10219.2,3599.0,4985.3,4943.8,2997.5,2198.6,2975.9,11119.5,3078.4,1534.4
,,,,,,,,1824,2311.3,2884.0,9801.7,3497.1,4801.8,4820.7,2923.1,2134.2,2943.2,10824.8,3035.5,1521.3
,,,,,,,,1825,2144.5,2706.0,8966.3,3184.8,4426.3,4430.9,2678.7,1925.3,2681.4,9736.0,2769.5,1382.3
,,,,,,,,1826,2039.2,2554.7,8577.4,3032.6,4215.6,4218.0,2567.8,1849.8,2560.7,9344.8,2639.6,1319.5
,,,,,,,,1827,1892.1,2397.4,8251.4,2871.0,4024.8,3959.8,2450.4,1742.1,2413.2,8882.5,2458.3,1258.0
,,,,,,,,1828,1883.0,2380.6,8077.7,2814.7,3857.3,3860.2,2354.4,1735.9,2404.0,8740.8,2422.3,1215.4
,,,,,,,,1829,1990.8,2435.1,8435.3,2953.7,4142.3,4086.2,2474.6,1808.4,2478.5,9059.4,2589.8,1289.6
,,,,,,,,1830,2169.9,2666.2,9145.5,3225.2,4480.0,4496.2,2732.9,1987.2,2760.6,9882.6,2850.7,1417.1
,,,,,,,,1831,2413.0,2982.2,10030.0,3546.5,4921.0,4916.4,3062.4,2187.1,3015.9,10928.2,3108.6,1574.4
,,,,,,,,1832,2587.4,3260.3,10991.2,3914.5,5313.6,5286.2,3214.8,2361.3,3252.8,11929.3,3376.7,1666.0
,,,,,,,,1833,2684.3,3287.1,11260.1,3957.8,5499.5,5461.5,3376.1,2459.6,3383.9,12332.6,3440.9,1738.0
,,,,,,,,1834,2624.7,3328.5,11302.1,3895.2,5506.5,5414.8,3309.8,2418.1,3328.7,12024.7,3427.8,1733.7
,,,,,,,,1835,2486.3,3189.8,10819.7,3788.0,5207.4,5212.5,3159.4,2292.2,3193.6,11534.2,3248.3,1663.5
,,,,,,,,1836,2399.5,3015.5,10238.2,3579.2,4944.3,4959.0,3052.8,2174.4,3022.7,11153.9,3176.4,1551.8
,,,,,,,,1837,2347.1,2894.9,9987.4,3466.2,4802.1,4891.5,2995.9,2125.8,2947.8,10757.1,3028.9,1505.7
,,,,,,,,1838,2363.3,2895.7,9951.8,3491.7,4882.7,4894.7,2907.6,2118.6,2991.7,10726.6,3056.5,1503.0
,,,,,,,,1839,2363.5,2930.4,10149.7,3532.4,4908.2,5001.6,3015.2,2165.2,2971.1,10919.8,3130.8,1541.2
,,,,,,,,1840,2492.2,3138.3,10652.0,3744.4,5096.8,5135.7,3148.9,2270.8,3125.5,11508.1,3228.1,1634.1
,,,,,,,,1841,2597.8,3285.0,10963.5,3926.3,5351.7,5475.4,3305.0,2387.9,3297.5,12005.0,3384.0,1712.1
,,,,,,,,1842,2693.0,3372.6,11457.8,4142.9,5710.5,5630.8,3471.5,2506.8,3432.7,12459.0,3495.8,1795.4
,,,,,,,,1843,2779.6,3487.9,11868.7,4170.5,5723.4,5831.7,3507.8,2509.5,3555.4,12594.3,3651.2,1785.1
,,,,,,,,1844,2737.0,3456.3,11602.9,4108.3,5613.2,5700.5,3455.3,2477.9,3405.3,12485.1,3541.7,1760.1
,,,,,,,,1845,2624.2,3223.3,11034.2,3951.8,5405.9,5411.9,3285.9,2392.6,3326.7,12132.6,3433.3,1699.7
,,,,,,,,1846,2477.3,3102.9,10623.9,3734.8,5204.7,5148.7,3091.7,2267.3,3088.4,11408.5,3198.7,1626.2
,,,,,,,,1847,2366.4,2968.3,10007.2,3527.4,4939.6,4875.3,2993.4,2144.9,3044.6,11004.6,3092.2,1525.0
,,,,,,,,1848,2338.3,2929.6,9700.3,3521.3,4848.1,4805.2,2964.2,2097.8,2893.6,10501.8,2989.8,1508.8
,,,,,,,,1849,2279.3,2814.1,9635.7,3428.8,4634.8,4722.4,2904.9,2068.9,2832.4,10328.1,2938.4,1497.1
,,,,,,,,1850,2111.6,2691.4,9006.4,3208.8,4486.3,4384.6,2726.1,1968.3,2687.9,9761.0,2798.9,1414.4
,,,,,,,,1851,2042.5,2541.6,8544.8,3084.0,4165.3,4201.1,2528.5,1870.5,2549.1,9385.6,2617.6,1305.1
,,,,,,,,1852,1966.5,2497.6,8582.8,3026.9,4149.1,4091.0,2525.2,1787.7,2508.7,9298.1,2605.0,1305.8
,,,,,,,,1853,2051.1,2623.5,8879.1,3144.2,4360.2,4283.0,2621.2,1915.9,2619.6,9717.7,2707.3,1356.2
,,,,,,,,1854,2285.2,2875.1,9696.9,3445.7,4773.1,4745.3,2910.5,2058.1,2922.8,10507.0,2983.6,1471.4
,,,,,,,,1855,2512.8,3161.5,10669.9,3777.6,5314.0,5224.2,3209.5,2298.6,3185.1,11773.9,3280.3,1672.6
,,,,,,,,1856,2729.2,3396.3,11473.5,4153.2,5683.0,5735.1,3410.4,2448.5,3494.3,12485.9,3526.9,1794.3
,,,,,,,,1857,2790.1,3510.6,11904.6,4178.9,5787.0,5860.0,3530.4,2582.3,3576.3,13021.6,3726.9,1843.5
,,,,,,,,1858,2754.3,3495.6,11889.8,4151.8,5856.3,5819.3,3547.2,2570.3,3522.3,12892.8,3680.1,1826.4
,,,,,,,,1859,2707.2,3318.0,11474.9,4057.6,5571.4,5461.9,3422.7,2417.8,3387.2,12251.0,3454.5,1762.4
,,,,,,,,1860,2563.4,3158.6,10748.3,3796.7,5241.7,5216.0,3199.4,2299.1,3229.2,11743.4,3353.5,1678.0
,,,,,,,,1861,2453.8,3144.3,10511.3,3728.7,5218.1,5158.7,3106.5,2253.4,3160.2,11288.7,3244.1,1616.0
,,,,,,,,1862,2478.5,3039.0,10525.9,3647.3,5189.4,5053.4,3154.4,2279.4,3106.8,11193.5,3198.6,1609.4
,,,,,,,,1863,2495.4,3135.4,10629.3,3729.8,5177.7,5278.8,3139.3,2263.3,3155.3,11717.1,3310.8,1634.2
,,,,,,,,1864,2626.0,3270.4,11193.1,3952.7,5416.0,5516.0,3292.6,2416.9,3351.0,11996.2,3435.7,1714.8
,,,,,,,,1865,2742.2,3438.2,11897.6,4084.5,5752.3,5644.1,3448.9,2477.0,3480.9,12578.5,3597.4,1809.2
,,,,,,,,1866,2860.8,3607.8,12302.3,4358.5,5926.0,5932.1,3605.4,2639.4,3658.7,13260.5,3734.5,1898.8
,,,,,,,,1867,2904.6,3644.5,12594.4,4417.4,6125.5,6111.5,3721.8,2684.0,3680.9,13376.0,3872.0,1913.9
,,,,,,,,1868,2902.7,3610.7,12252.2,4331.0,6044.4,6001.2,3619.2,2622.8,3646.4,13289.9,3788.0,1855.7
,,,,,,,,1869,2792.6,3498.0,11748.3,4117.4,5688.9,5643.6,3448.0,2525.7,3476.8,12715.3,3550.0,1779.1
,,,,,,,,1870,2595.1,3305.6,11214.6,3927.9,5434.1,5425.4,3296.8,2360.1,3297.1,12229.2,3457.9,1708.6
,,,,,,,,1871,2485.2,3122.6,10599.6,3759.4,5265.8,5239.8,3208.7,2308.1,3197.5,11715.1,3272.8,1618.9
,,,,,,,,1872,2461.6,3060.2,10280.2,3689.8,5043.5,5057.8,3105.8,2260.6,3136.5,11441.4,3158.9,1601.4
,,,,,,,,1873,2278.9,2841.5,9588.1,3335.0,4611.0,4650.9,2812.1,2070.8,2890.9,10442.6,2904.8,1491.8
,,,,,,,,1874,2135.4,2668.0,9089.7,3151.6,4474.4,4366.7,2684.0,1933.1,2659.9,9771.4,2746.4,1380.2
,,,,,,,,1875,1992.1,2557.0,8508.4,3037.0,4150.6,4233.5,2570.7,1828.3,2521.1,9315.4,2603.0,1334.3
,,,,,,,,1876,1954.0,2452.1,8333.9,2945.1,4112.4,4090.2,2498.0,1814.2,2496.8,9047.1,2576.2,1310.6
,,,,,,,,1877,2046.4,2576.6,8758.0,3061.5,4272.3,4261.2,2630.9,1899.0,2601.2,9442.4,2696.5,1361.6
,,,,,,,,1878,2238.0,2852.5,9766.2,3389.4,4642.1,4753.0,2868.0,2057.8,2885.1,10475.8,2943.3,1472.9
,,,,,,,,1879,2527.8,3145.4,10554.5,3736.2,5278.6,5238.8,3226.9,2285.4,3181.8,11400.5,3256.5,1625.8
,,,,,,,,1880,2682.6,3393.0,11641.9,4045.1,5585.0,5689.6,3471.7,2457.3,3416.9,12663.3,3581.1,1752.2
,,,,,,,,1881,2821.7,3466.0,11903.6,4184.8,5800.6,5899.6,3517.6,2552.1,3568.3,12732.5,3646.2,1858.3
,,,,,,,,1882,2791.3,3456.8,11693.7,4140.4,5742.1,5757.3,3504.8,2484.7,3543.8,12793.5,3581.2,1795.6
,,,,,,,,1883,2641.6,3309.1,11288.3,3974.5,5503.7,5436.4,3320.4,2412.4,3378.9,12249.0,3511.2,1737.1
,,,,,,,,1884,2562.8,3159.4,10933.0,3820.9,5220.7,5312.0,3250.1,2293.4,3242.8,11827.1,3311.8,1676.3
,,,,,,,,1885,2467.4,3087.5,10514.7,3656.8,5159.4,5089.9,3112.4,2275.0,3120.3,11321.4,3216.2,1619.3
,,,,,,,,1886,2450.5,3029.2,10324.8,3695.3,5067.7,5021.3,3098.1,2259.6,3086.7,11400.1,3180.1,1601.4
,,,,,,,,1887,2498.4,3088.8,10582.2,3755.0,5192.2,5212.4,3131.5,2292.9,3191.2,11496.7,3303.6,1645.2
,,,,,,,,1888,2578.5,3296.9,11227.7,3925.1,5352.7,5383.8,3312.1,2406.3,3276.8,11844.8,3426.2,1707.0
,,,,,,,,1889,2713.1,3437.6,11790.8,4172.0,5610.3,5743.9,3422.1,2487.7,3477.3,12555.6,3546.2,1817.2
,,,,,,,,1890,2834.1,3581.7,12325.2,4366.3,6021.4,5975.0,3598.7,2591.9,3593.4,13170.0,3780.6,1874.0
,,,,,,,,1891,2907.9,3645.0,12493.4,4362.6,5989.7,5965.5,3658.1,2641.4,3720.8,13511.1,3844.9,1932.0
,,,,,,,,1892,2895.0,3568.6,12086.4,4272.5,5944.7,5952.2,3638.8,2601.5,3577.2,13268.2,3736.3,1868.1
,,,,,,,,1893,2756.7,3401.7,11673.8,4097.1,5748.7,5697.6,3431.2,2490.7,3476.3,12566.9,3631.2,1775.2
,,,,,,,,1894,2640.2,3239.4,11183.5,3904.2,5366.2,5378.2,3276.8,2384.1,3311.7,11882.5,3397.2,1722.3
,,,,,,,,1895,2518.6,3092.7,10514.2,3758.5,5131.5,5160.8,3120.8,2294.0,3205.6,11662.2,3249.0,1616.1
,,,,,,,,1896,2466.6,3009.6,10470.8,3642.5,5029.8,4986.5,3117.3,2225.6,3074.2,11147.6,3138.3,1600.5
,,,,,,,,1897,2247.1,2797.7,9546.3,3331.3,4601.6,4610.2,2796.4,2042.4,2861.8,10463.3,2900.3,1447.3
,,,,,,,,1898,2148.9,2664.0,9073.2,3176.4,4401.5,4432.6,2710.0,1936.2,2712.7,9688.5,2742.4,1378.4
,,,,,,,,1899,2007.7,2520.5,8537.9,2988.9,4115.3,4220.0,2505.5,1845.8,2526.7,9217.5,2599.1,1306.1
,,,,,,,,1900,1946.8,2481.1,8346.1,2918.1,4035.6,4136.8,2476.3,1795.5,2468.6,8993.6,2549.9,1301.3
,,,,,,,,1901,2034.6,2563.3,8644.4,3082.4,4328.1,4328.4,2568.4,1897.3,2582.4,9574.8,2730.5,1341.9
,,,,,,,,1902,2268.6,2826.6,9482.8,3415.3,4698.5,4614.1,2894.6,2038.4,2841.3,10369.8,2932.5,1476.6
,,,,,,,,1903,2537.7,3146.1,10669.4,3729.9,5114.6,5117.6,3123.7,2290.7,3159.9,11451.2,3229.0,1638.0
,,,,,,,,1904,2738.5,3390.1,11629.8,4080.1,5542.9,5522.4,3388.4,2438.7,3401.7,12325.7,3519.2,1788.5
,,,,,,,,1905,2809.6,3524.5,11889.4,4216.0,5775.2,5776.1,3484.7,2508.4,3500.5,12979.7,3681.8,1838.8
,,,,,,,,1906,2757.3,3438.9,11567.9,4100.8,5725.6,5729.4,3433.9,2542.1,3529.4,12653.1,3592.3,1793.7
,,,,,,,,1907,2610.4,3309.4,11236.3,3978.3,5513.5,5515.8,3372.5,2437.5,3347.5,12238.9,3503.2,1703.4
,,,,,,,,1908,2545.2,3153.0,10722.4,3836.5,5284.4,5160.2,3151.5,2330.6,3155.2,11715.1,3298.5,1636.9
,,,,,,,,1909,2475.1,3045.3,10307.3,3709.8,5054.7,5133.5,3123.1,2231.1,3100.9,11421.0,3166.3,1627.9
,,,,,,,,1910,2475.1,3010.7,10492.6,3697.9,5100.8,5042.9,3072.8,2212.9,3045.4,11069.4,3190.2,1598.9
,,,,,,,,1911,2520.4,3152.8,10435.0,3704.3,5172.9,5147.4,3130.3,2243.4,3135.3,11581.9,3219.0,1641.2
,,,,,,,,1912,2559.4,3204.4,10981.6,3880.2,5375.2,5303.9,3254.5,2374.9,3243.2,11772.6,3388.9,1716.2
,,,,,,,,1913,2757.7,3374.1,11596.3,4088.5,5707.2,5730.9,3401.4,2491.5,3470.4,12429.0,3555.2,1812.5
,,,,,,,,1914,2842.2,3534.1,12026.4,4306.8,5971.0,5890.4,3639.1,2625.5,3644.3,13230.9,3732.0,1892.6
,,,,,,,,1915,2923.9,3676.2,12282.9,4326.6,5954.8,6049.8,3710.0,2626.4,3697.8,13324.7,3824.2,1922.9
,,,,,,,,1916,2850.4,3585.7,12014.6,4322.7,5838.4,5909.4,3632.3,2634.9,3639.6,13063.1,3744.9,1861.2
,,,,,,,,1917,2696.3,3386.5,11683.8,4105.1,5647.7,5743.7,3464.9,2461.1,3452.5,12661.7,3579.7,1772.0
,,,,,,,,1918,2624.3,3251.3,10864.4,3925.4,5325.4,5396.6,3239.1,2339.7,3240.6,11848.5,3425.1,1678.7
,,,,,,,,1919,2521.1,3112.0,10693.8,3723.3,5175.4,5098.7,3176.3,2235.1,3114.9,11382.3,3286.0,1643.1
,,,,,,,,1920,2401.4,2997.3,10345.2,3615.6,5017.0,5066.1,3028.6,2229.6,3037.8,11175.0,3202.0,1598.6
,,,,,,,,1921,2204.0,2782.2,9373.2,3358.9,4584.1,4637.2,2808.6,2052.4,2836.1,10253.4,2963.6,1478.0
,,,,,,,,1922,2137.1,2622.8,8986.4,3205.3,4343.4,4414.2,2649.7,1932.1,2648.1,9714.2,2773.9,1367.3
,,,,,,,,1923,1983.2,2522.7,8584.3,3024.2,4131.0,4178.0,2508.2,1801.2,2512.7,9271.5,2641.1,1298.8
,,,,,,,,1924,1946.0,2457.0,8246.2,2981.2,4042.4,4109.8,2456.4,1807.8,2482.6,9067.8,2605.3,1290.8
,,,,,,,,1925,2077.1,2566.6,8685.1,3044.3,4185.9,4224.0,2599.8,1853.7,2599.3,9315.9,2682.2,1345.7
,,,,,,,,1926,2250.5,2783.2,9619.2,3388.1,4610.5,4671.5,2818.6,2046.9,2813.2,10181.8,2942.4,1480.7
,,,,,,,,1927,2519.7,3087.4,10622.8,3692.3,5166.4,5132.4,3147.9,2278.3,3180.2,11448.3,3217.2,1649.5
,,,,,,,,1928,2657.5,3392.3,11468.1,4036.6,5596.0,5647.7,3424.2,2477.0,3400.3,12230.7,3519.2,1784.7
,,,,,,,,1929,2792.5,3417.5,11755.4,4209.7,5675.2,5795.5,3550.1,2494.7,3494.0,12764.9,3613.4,1813.1
,,,,,,,,1930,2733.8,3448.8,11769.9,4109.2,5720.5,5742.6,3510.4,2492.7,3482.5,12585.3,3556.2,1822.9
,,,,,,,,1931,2600.7,3238.2,11286.7,3887.5,5412.1,5465.0,3299.9,2420.2,3357.0,12010.8,3491.2,1702.7
,,,,,,,,1932,2531.5,3148.5,10677.0,3797.1,5137.7,5189.8,3214.1,2306.3,3208.7,11623.7,3265.8,1647.4
,,,,,,,,1933,2439.8,3088.8,10341.7,3633.3,5033.0,5026.3,3117.1,2226.2,3041.8,11279.0,3183.4,1582.5
,,,,,,,,1934,2461.5,3036.1,10358.2,3680.5,4961.2,5013.5,3088.1,2211.1,3064.3,11106.5,3192.9,1608.4
,,,,,,,,1935,2461.2,3113.1,10546.4,3735.2,5199.9,5128.8,3127.1,2266.3,3129.8,11269.6,3214.2,1642.6
,,,,,,,,1936,2572.9,3203.1,10859.7,3840.8,5379.9,5355.0,3228.2,2336.4,3220.7,11914.4,3401.7,1675.1
,,,,,,,,1937,2703.7,3360.4,11388.0,4096.3,5554.5,5578.7,3432.9,2477.4,3431.6,12555.0,3610.8,1795.4
,,,,,,,,1938,2801.0,3520.1,11922.9,4309.0,5848.6,5968.5,3571.7,2577.7,3534.0,13130.2,3738.1,1855.7
,,,,,,,,1939,2844.4,3610.4,12337.5,4361.9,5911.1,5973.4,3669.2,2589.4,3655.8,13138.5,3736.8,1904.9
,,,,,,,,1940,2870.2,3551.5,12056.8,4314.1,5865.6,5881.6,3545.1,2547.5,3608.6,12862.9,3670.9,1861.1
,,,,,,,,1941,2695.7,3393.3,11679.5,4107.5,5545.3,5624.9,3468.1,2456.4,3415.5,12425.2,3542.6,1796.2
,,,,,,,,1942,2584.2,3222.8,11047.2,3836.6,5394.0,5382.7,3212.8,2343.6,3266.7,11892.8,3367.0,1702.2
,,,,,,,,1943,2471.2,3131.6,10596.5,3681.5,5148.1,5194.3,3169.3,2279.6,3101.4,11261.5,3204.9,1611.4
,,,,,,,,1944,2391.4,3010.3,10213.5,3636.5,4929.8,5033.5,3059.0,2187.7,3086.8,11189.9,3181.4,1587.6
,,,,,,,,1945,2222.8,2790.1,9386.5,3288.9,4582.3,4572.1,2786.0,2030.1,2779.7,10283.9,2874.6,1453.7
,,,,,,,,1946,2124.2,2614.2,8911.5,3128.1,4387.9,4321.4,2650.9,1913.3,2648.7,9646.9,2733.8,1382.8
,,,,,,,,1947,1982.4,2494.0,8345.4,2933.5,4078.9,4095.6,2516.7,1815.2,2542.1,9203.6,2637.7,1294.1
,,,,,,,,1948,1940.1,2413.4,8237.5,2881.6,4023.0,4093.4,2426.7,1771.5,2453.9,8905.8,2567.4,1265.9
,,,,,,,,1949,2048.4,2577.1,8595.9,3041.1,4200.9,4176.9,2569.6,1842.7,2577.0,9344.0,2690.9,1347.9
,,,,,,,,1950,2218.2,2796.4,9567.9,3351.7,4608.9,4611.2,2792.6,2036.7,2856.8,10376.0,2974.1,1457.2
,,,,,,,,1951,2496.9,3125.9,10402.3,3691.7,5062.8,5196.3,3127.1,2280.4,3114.2,11322.9,3294.5,1638.9
,,,,,,,,1952,2705.5,3319.6,11513.2,4040.4,5559.6,5609.1,3381.5,2430.1,3348.1,12164.8,3545.4,1776.8
,,,,,,,,1953,2748.0,3489.1,11771.6,4150.0,5732.8,5777.1,3518.7,2476.4,3449.9,12850.3,3638.5,1815.0
,,,,,,,,1954,2695.9,3375.0,11737.0,4088.7,5707.2,5561.0,3444.3,2459.9,3425.5,12548.0,3542.0,1778.3
,,,,,,,,1955,2637.4,3268.6,10986.5,3965.5,5402.3,5445.9,3265.8,2384.5,3307.3,12001.7,3467.6,1697.5
,,,,,,,,1956,2477.0,3121.4,10492.7,3737.7,5193.6,5141.5,3117.6,2244.1,3193.9,11525.2,3316.7,1629.2
,,,,,,,,1957,2422.0,2993.4,10387.0,3682.9,5041.7,5030.7,3027.7,2230.3,3091.3,10999.7,3197.9,1602.5
,,,,,,,,1958,2386.3,3027.9,10325.9,3654.2,5077.9,5068.1,3029.0,2203.8,3086.7,10982.4,3138.4,1591.6
,,,,,,,,1959,2430.5,3078.7,10512.0,3730.7,5088.6,5127.3,3067.7,2240.6,3082.6,11383.3,3190.8,1608.5
,,,,,,,,1960,2552.3,3249.1,10815.5,3856.5,5359.3,5241.9,3217.2,2358.2,3277.0,11662.3,3329.4,1669.8
,,,,,,,,1961,2674.6,3332.2,11488.8,3996.7,5673.6,5544.8,3431.4,2463.3,3453.4,12269.8,3505.8,1790.5
,,,,,,,,1962,2851.9,3525.0,11891.7,4294.8,5760.6,5933.1,3595.2,2545.9,3608.2,12822.2,3728.8,1852.9
,,,,,,,,1963,2876.5,3545.1,12180.8,4289.2,5926.4,5861.3,3588.5,2577.2,3668.4,13363.6,3759.5,1872.0
,,,,,,,,1964,2783.0,3536.7,11985.5,4221.6,5824.7,5774.1,3569.2,2546.7,3522.8,12854.8,3665.1,1851.0
,,,,,,,,1965,2718.7,3341.4,11483.7,4002.6,5588.7,5662.2,3364.2,2491.6,3403.0,12380.0,3542.3,1761.7
,,,,,,,,1966,2575.9,3200.8,11058.1,3891.1,5369.2,5311.0,3267.6,2354.0,3244.5,11684.2,3392.7,1695.5
,,,,,,,,1967,2491.9,3104.8,10317.8,3708.0,5057.1,5057.9,3080.0,2251.7,3074.1,11186.2,3261.8,1600.5
,,,,,,,,1968,2418.4,2993.5,10047.3,3617.5,4992.1,4929.2,2994.8,2198.9,3046.9,11020.0,3106.8,1552.7
,,,,,,,,1969,2079.7,2627.3,8679.2,3107.8,4272.4,4308.7,2607.0,1884.0,2591.9,9590.1,2740.2,1350.0
,,,,,,,,1970,1943.6,2436.0,8230.0,2963.3,4081.2,4018.8,2477.2,1764.9,2505.4,9038.6,2615.4,1305.1
,,,,,,,,1971,1866.9,2333.8,7860.5,2807.9,3889.0,3797.5,2321.7,1681.1,2351.3,8515.6,2411.6,1226.1
,,,,,,,,1972,1803.7,2252.3,7718.5,2729.7,3750.1,3768.3,2322.0,1640.1,2322.7,8427.0,2368.4,1209.6
,,,,,,,,1973,1916.8,2371.4,8159.0,2820.1,3989.4,3987.1,2416.9,1746.4,2433.8,8879.3,2484.1,1236.4
,,,,,,,,1974,2086.0,2594.1,8807.8,3146.5,4357.0,4365.8,2657.7,1922.9,2653.5,9710.7,2748.1,1371.8
,,,,,,,,1975,2307.1,2870.5,9830.3,3496.4,4770.0,4844.8,2881.9,2079.1,2892.6,10680.7,3028.5,1530.1
,,,,,,,,1976,2477.0,3160.6,10733.8,3721.6,5173.5,5206.4,3176.5,2271.0,3186.9,11563.6,3295.0,1638.3
,,,,,,,,1977,2578.4,3203.4,10850.6,3828.8,5288.8,5264.4,3286.3,2351.3,3213.4,11764.9,3438.1,1705.1
,,,,,,,,1978,2541.0,3163.6,10866.3,3792.7,5231.9,5269.3,3260.8,2321.2,3170.8,11605.2,3394.4,1689.6
,,,,,,,,1979,2414.7,3029.3,10361.9,3687.4,5058.7,5121.0,3123.6,2251.9,3076.8,11151.6,3171.2,1630.0
,,,,,,,,1980,2347.9,2937.7,10011.5,3507.4,4864.6,4812.6,2963.7,2095.7,2984.6,10806.4,3040.8,1514.3
,,,,,,,,1981,2243.2,2816.0,9701.4,3411.7,4672.8,4660.6,2830.4,2046.1,2820.2,10533.3,3023.9,1497.0
,,,,,,,,1982,2284.4,2797.8,9624.0,3408.2,4647.0,4668.8,2843.3,2056.7,2821.6,10292.4,2962.0,1496.2
,,,,,,,,1983,2300.3,2844.0,9858.7,3487.3,4792.9,4717.9,2940.5,2080.1,2894.5,10673.2,3042.5,1501.8
,,,,,,,,1984,2425.1,2976.0,10053.2,3571.8,4935.0,4921.4,3037.9,2162.4,3054.2,11088.0,3126.0,1598.9
,,,,,,,,1985,2494.1,3124.7,10847.6,3810.2,5274.5,5279.6,3212.9,2279.4,3142.6,11720.8,3323.1,1657.1
,,,,,,,,1986,2615.6,3276.6,11323.2,3998.3,5426.7,5471.5,3300.1,2387.6,3338.8,12057.4,3451.9,1747.0
,,,,,,,,1987,2720.4,3309.8,11370.9,4012.7,5557.0,5550.9,3365.6,2454.6,3361.8,12411.5,3522.2,1790.8
,,,,,,,,1988,2640.0,3279.6,11136.5,3971.6,5425.6,5495.6,3372.7,2424.5,3359.3,12126.0,3497.8,1731.8
,,,,,,,,1989,2537.2,3153.5,10777.2,3797.2,5264.7,5213.0,3222.4,2308.6,3219.1,11541.2,3367.5,1664.1
,,,,,,,,1990,2366.6,2995.0,10108.2,3641.9,5025.8,4891.1,2988.2,2187.4,3069.6,11109.9,3162.7,1588.1
,,,,,,,,1991,2281.9,2895.7,9700.3,3415.0,4719.2,4829.4,2937.3,2063.2,2922.3,10689.1,3059.2,1520.3
,,,,,,,,1992,2239.3,2790.1,9620.3,3332.5,4652.3,4622.3,2819.0,2051.0,2850.3,10444.4,2970.9,1493.4
,,,,,,,,1993,2066.1,2560.6,8812.9,3114.1,4216.7,4303.0,2619.6,1855.7,2576.5,9354.2,2742.6,1352.8
,,,,,,,,1994,1955.5,2439.5,8346.5,2968.0,4070.1,4054.0,2489.9,1769.7,2436.9,8919.8,2567.1,1285.3
,,,,,,,,1995,1855.2,2286.8,7872.5,2739.0,3846.5,3873.1,2294.6,1666.2,2296.1,8365.3,2425.0,1201.4
,,,,,,,,1996,1795.7,2282.0,7802.4,2694.1,3751.5,3725.7,2270.5,1638.9,2263.4,8277.8,2398.6,1202.6
,,,,,,,,1997,1899.3,2381.1,7944.0,2802.8,3897.3,3923.5,2366.5,1726.2,2410.0,8770.9,2526.0,1231.3
,,,,,,,,1998,2097.0,2607.0,8746.7,3086.2,4328.8,4245.9,2625.6,1898.4,2600.8,9479.0,2701.6,1370.1
,,,,,,,,1999,2330.4,2905.5,9695.3,3438.7,4788.9,4723.3,2935.9,2085.5,2909.9,10583.7,3076.0,1532.9
,,,,,,,,2000,2458.1,3122.8,10635.2,3695.8,5086.5,5140.1,3170.0,2222.4,3114.5,11455.0,3320.4,1657.4
,,,,,,,,2001,2561.5,3182.6,10768.9,3872.9,5267.6,5303.3,3268.5,2350.7,3201.2,11841.9,3364.2,1673.0
,,,,,,,,2002,2558.7,3128.6,10872.6,3841.9,5181.1,5238.3,3174.7,2298.7,3201.9,11699.2,3292.7,1688.5
,,,,,,,,2003,2454.0,3003.3,10171.2,3663.0,5068.2,5034.9,3073.9,2200.9,3043.3,10985.2,3178.1,1604.9
,,,,,,,,2004,2351.3,2884.0,9767.8,3515.4,4805.8,4855.1,2898.5,2108.9,2962.8,10652.7,3087.7,1513.8
,,,,,,,,2005,2239.8,2799.4,9578.8,3382.3,4674.8,4723.3,2823.8,2065.6,2871.3,10466.7,2935.7,1484.8
,,,,,,,,2006,2235.4,2822.7,9513.5,3357.7,4674.4,4603.2,2825.6,2022.6,2849.4,10336.6,2921.7,1464.9
,,,,,,,,2007,2280.4,2853.4,9720.0,3420.6,4670.5,4709.8,2900.0,2107.4,2926.0,10366.2,3044.5,1528.9
,,,,,,,,2008,2355.1,2992.7,9987.6,3617.4,4993.8,4930.3,2980.3,2188.2,2976.9,11059.7,3177.5,1576.6
,,,,,,,,2009,2490.9,3102.3,10713.1,3731.0,5268.3,5137.6,3133.3,2283.5,3165.7,11444.2,3273.6,1648.5
,,,,,,,,2010,2650.8,3240.2,11061.6,3933.0,5354.8,5501.1,3313.9,2364.6,3334.3,12202.3,3451.9,1717.1
,,,,,,,,2011,2628.9,3345.6,11318.7,4061.3,5470.2,5529.4,3419.1,2402.2,3338.9,12356.3,3484.1,1754.1
,,,,,,,,2012,2639.6,3303.7,11193.0,3968.9,5480.6,5430.3,3296.5,2383.5,3357.9,12063.0,3471.2,1717.4
,,,,,,,,2013,2515.9,3184.3,10547.5,3769.3,5123.3,5215.3,3185.6,2309.6,3131.7,11369.8,3296.1,1668.3
,,,,,,,,2014,2361.7,2987.3,10213.6,3617.6,4870.7,4914.6,2989.2,2148.2,2986.4,11092.2,3099.5,1562.5
,,,,,,,,2015,2267.5,2837.6,9607.0,3439.9,4701.0,4699.6,2906.1,2106.4,2844.4,10459.1,3021.4,1506.5
,,,,,,,,2016,2199.7,2799.0,9572.7,3375.0,4605.5,4668.3,2834.6,2001.1,2825.8,10144.7,2927.0,1487.3
,,,,,,,,2017,2154.9,2690.1,9171.4,3245.3,4525.1,4545.4,2753.0,1962.6,2743.4,10077.3,2892.1,1433.5
,,,,,,,,2018,2078.7,2585.9,8678.5,3056.6,4222.2,4280.0,2619.3,1900.9,2604.9,9586.0,2691.5,1345.3
,,,,,,,,2019,1959.6,2458.1,8337.3,2942.9,4072.1,4034.2,2492.9,1777.0,2431.5,8940.4,2570.5,1282.4
,,,,,,,,2020,1894.2,2409.4,8259.7,2901.7,3952.5,3991.7,2402.6,1733.3,2423.7,8680.9,2523.0,1256.0
,,,,,,,,2021,2027.7,2492.5,8498.2,3048.0,4161.6,4137.5,2510.9,1822.9,2527.7,9143.5,2652.6,1331.4
,,,,,,,,2022,2169.0,2743.1,9251.3,3343.6,4537.8,4611.8,2813.5,1991.5,2753.5,10030.6,2926.5,1439.7
,,,,,,,,2023,2399.9,3007.9,10468.1,3632.4,5013.9,4987.6,3045.0,2184.6,3029.6,11125.0,3224.5,1592.8
,,,,,,,,2024,2609.4,3241.6,11293.7,3946.2,5387.6,5464.4,3266.4,2382.4,3310.7,12040.8,3432.2,1711.0
,,,,,,,,2025,2723.7,3398.4,11580.5,4074.5,5679.0,5537.3,3398.4,2480.8,3376.2,12427.5,3541.1,1819.5
,,,,,,,,2026,2649.7,3391.4,11542.3,3986.7,5523.5,5620.0,3412.7,2428.9,3409.9,12459.4,3556.4,1797.2
,,,,,,,,2027,2551.5,3239.5,10907.8,3847.3,5319.9,5379.4,3262.7,2330.8,3231.4,11721.8,3380.4,1715.6
,,,,,,,,2028,2458.3,3021.1,10376.4,3672.8,5136.2,5137.9,3081.7,2234.8,3095.0,11253.7,3214.2,1602.1
,,,,,,,,2029,2390.3,2938.9,10036.9,3586.1,4899.2,4922.1,2987.2,2145.5,3036.3,11044.7,3137.7,1594.3
,,,,,,,,2030,2374.2,2975.2,10124.4,3577.8,4943.0,4870.6,3036.8,2132.8,3038.3,10986.3,3119.4,1582.6
,,,,,,,,2031,2439.9,3057.4,10433.9,3647.9,5009.9,5011.9,3085.1,2189.3,3017.8,11216.4,3170.0,1620.0
,,,,,,,,2032,2496.9,3137.6,10558.4,3822.6,5258.9,5197.8,3172.2,2261.4,3173.0,11596.4,3328.8,1689.4
,,,,,,,,2033,2662.8,3364.0,11426.7,4039.2,5573.0,5432.0,3361.8,2430.5,3352.9,12036.0,3550.4,1769.3
,,,,,,,,2034,2763.1,3482.2,11735.0,4178.5,5814.1,5704.8,3506.7,2503.0,3459.4,12577.2,3643.0,1833.2
,,,,,,,,2035,2829.1,3543.3,11961.8,4179.6,5847.4,5774.4,3527.6,2535.3,3568.4,13137.0,3791.1,1885.2
,,,,,,,,2036,2780.9,3433.6,11666.3,4182.1,5731.9,5741.7,3464.3,2526.2,3496.9,12872.5,3721.0,1838.9
,,,,,,,,2037,2644.4,3352.4,11428.2,4006.4,5566.9,5436.8,3346.5,2411.4,3304.4,12041.0,3496.4,1771.0
,,,,,,,,2038,2486.6,3113.9,10703.5,3786.4,5164.6,5268.5,3165.7,2300.6,3136.2,11711.8,3379.6,1679.6
,,,,,,,,2039,2382.3,2995.5,10302.0,3669.9,5021.6,4939.9,3077.4,2212.1,3089.8,10967.7,3181.8,1596.1
,,,,,,,,2040,2332.4,2903.4,10027.1,3498.4,4815.3,4908.9,2938.3,2166.1,2942.6,10733.1,3109.2,1535.1
,,,,,,,,2041,2163.6,2733.3,9118.5,3208.1,4418.9,4509.5,2744.0,1977.3,2715.5,9955.3,2884.4,1422.0
,,,,,,,,2042,2065.1,2574.1,8619.7,3032.7,4228.1,4265.4,2582.6,1876.8,2616.5,9323.9,2684.9,1379.2
,,,,,,,,2043,1948.1,2423.8,8360.3,2871.2,4017.3,3955.6,2475.7,1769.3,2429.4,9010.9,2587.8,1289.3
,,,,,,,,2044,1922.2,2401.9,8124.2,2853.7,3897.8,3967.7,2420.8,1744.0,2384.4,8709.7,2534.0,1267.6
,,,,,,,,2045,1962.4,2459.1,8466.9,2947.1,4159.7,4144.7,2496.8,1814.7,2489.1,9191.3,2660.6,1331.5
,,,,,,,,2046,2209.4,2745.3,9295.9,3268.4,4476.0,4500.3,2726.7,1974.7,2737.3,9992.0,2883.5,1426.2
,,,,,,,,2047,2429.2,3010.5,10249.5,3625.1,4932.4,5032.1,3072.3,2185.3,3019.2,10961.8,3251.3,1588.7
,,,,,,,,2048,2593.4,3226.4,11081.3,3908.3,5441.3,5434.7,3333.9,2401.7,3280.7,11978.4,3461.6,1756.3
,,,,,,,,2049,2674.8,3404.6,11438.5,4067.4,5612.8,5532.4,3373.4,2450.1,3406.2,12493.2,3615.1,1782.2
,,,,,,,,2050,2698.4,3348.5,11382.5,4045.0,5585.4,5455.8,3397.2,2400.7,3393.7,12292.6,3515.0,1747.2
,,,,,,,,2051,2578.0,3176.8,10721.1,3847.6,5322.5,5259.7,3192.0,2294.5,3208.5,11691.7,3354.6,1689.2
,,,,,,,,2052,2452.1,3055.5,10511.3,3673.7,5018.4,5119.4,3087.8,2247.3,3104.7,11329.0,3262.4,1612.4
,,,,,,,,2053,2347.1,2937.7,10105.1,3520.8,4839.4,4836.3,3030.3,2145.7,3010.4,10916.8,3104.9,1593.5
,,,,,,,,2054,2345.5,2947.3,10120.6,3591.3,4869.5,4885.3,2944.6,2155.7,3011.9,10677.7,3096.5,1577.3
,,,,,,,,2055,2376.1,3021.5,10280.9,3594.6,5023.2,5032.7,3033.6,2209.8,3024.9,11007.6,3195.4,1611.0
,,,,,,,,2056,2531.5,3176.1,10534.8,3766.6,5229.0,5129.1,3174.7,2306.8,3153.7,11393.4,3354.1,1678.2
,,,,,,,,2057,2625.5,3338.1,11144.7,3912.6,5423.6,5417.6,3350.4,2387.6,3374.4,12133.3,3485.7,1762.3
,,,,,,,,2058,2731.6,3401.2,11599.9,4130.5,5736.5,5638.9,3433.2,2519.2,3450.4,12507.1,3610.7,1816.4
,,,,,,,,2059,2813.9,3466.5,11782.3,4214.3,5747.5,5745.6,3513.2,2576.0,3500.2,12746.6,3763.8,1861.3
,,,,,,,,2060,2777.0,3413.9,11650.7,4123.4,5655.2,5661.1,3476.5,2529.5,3517.0,12693.2,3678.4,1834.0
,,,,,,,,2061,2637.6,3276.0,11383.2,3940.9,5505.3,5491.5,3303.8,2423.9,3293.0,12072.8,3542.3,1772.0
,,,,,,,,2062,2526.5,3148.8,10719.8,3735.8,5144.2,5169.5,3196.9,2250.4,3136.5,11559.1,3366.3,1647.4
,,,,,,,,2063,2425.1,2960.7,10087.2,3566.7,4913.9,4933.0,3018.3,2168.9,3019.1,10999.0,3144.9,1599.4
,,,,,,,,2064,2307.7,2955.2,9950.6,3523.0,4911.0,4845.3,2958.4,2152.3,2985.0,10769.4,3068.0,1545.9
,,,,,,,,2065,2175.1,2667.0,9215.5,3266.4,4463.1,4507.0,2706.3,1959.9,2702.1,9816.3,2825.6,1443.4
,,,,,,,,2066,2011.4,2546.6,8628.4,3026.9,4223.8,4204.5,2583.5,1873.0,2558.8,9298.3,2720.4,1342.9
,,,,,,,,2067,1945.2,2378.4,8176.4,2884.7,3970.4,3988.3,2463.0,1730.2,2436.6,8879.0,2525.5,1286.6
,,,,,,,,2068,1911.7,2392.4,8067.3,2807.6,3906.6,3938.1,2388.8,1696.9,2391.8,8647.4,2548.1,1269.0
,,,,,,,,2069,2005.0,2452.0,8526.9,3000.7,4059.3,4152.1,2508.3,1809.2,2506.7,9179.6,2595.4,1325.8
,,,,,,,,2070,2192.9,2752.2,9111.3,3249.9,4483.8,4504.9,2756.7,1983.1,2722.1,9870.6,2843.9,1450.4
,,,,,,,,2071,2389.7,2996.9,10278.7,3611.6,4974.3,4979.1,3037.6,2188.1,3021.8,11084.0,3182.0,1597.2
,,,,,,,,2072,2565.3,3200.7,11028.1,3853.6,5418.0,5322.9,3233.8,2355.2,3307.1,11945.6,3491.4,1744.5
,,,,,,,,2073,2705.4,3391.3,11473.4,4073.0,5476.6,5572.1,3375.8,2428.3,3375.6,12170.6,3585.8,1805.6
,,,,,,,,2074,2629.7,3264.8,11349.8,4022.4,5478.5,5520.5,3338.5,2369.7,3358.4,11967.2,3465.6,1747.8
,,,,,,,,2075,2509.5,3194.5,10885.1,3802.1,5190.5,5267.0,3190.3,2275.6,3238.4,11726.1,3388.0,1689.5
,,,,,,,,2076,2433.9,3015.1,10374.5,3655.9,4995.4,5020.0,3040.6,2226.6,3034.9,11025.2,3195.3,1597.9
,,,,,,,,2077,2344.6,2975.5,10128.0,3564.2,4829.0,4842.4,3005.6,2110.2,2934.8,10915.7,3111.3,1543.9
,,,,,,,,2078,2351.5,2924.8,9957.9,3468.0,4784.9,4912.0,2949.3,2124.7,2948.3,10844.4,3163.8,1554.0
,,,,,,,,2079,2386.7,2993.8,10267.9,3623.1,5023.5,4923.8,3017.2,2181.5,3030.8,10945.9,3215.4,1608.3
,,,,,,,,2080,2515.7,3143.9,10636.1,3717.2,5130.9,5221.0,3167.5,2240.5,3114.3,11432.4,3361.8,1659.8
,,,,,,,,2081,2619.6,3313.5,11105.1,3912.0,5444.5,5442.8,3326.2,2365.4,3274.7,11906.9,3437.2,1756.2
,,,,,,,,2082,2742.2,3403.3,11529.7,4124.9,5685.4,5605.2,3422.1,2512.9,3422.8,12627.8,3604.8,1831.8
,,,,,,,,2083,2816.7,3481.9,11794.3,4231.6,5693.1,5788.6,3499.3,2527.2,3513.0,12895.7,3727.4,1838.0
,,,,,,,,2084,2701.8,3390.3,11673.9,4167.8,5606.2,5752.5,3441.4,2511.6,3458.9,12405.9,3635.8,1798.7
,,,,,,,,2085,2601.4,3249.8,11093.2,3977.0,5508.9,5467.3,3309.5,2415.6,3341.2,12117.0,3535.4,1723.6
,,,,,,,,2086,2463.2,3147.4,10450.2,3752.0,5155.8,5224.3,3101.7,2264.3,3168.4,11590.9,3341.1,1667.0
,,,,,,,,2087,2362.9,2967.3,10103.9,3609.8,4966.5,4989.5,3048.0,2168.2,3051.3,11022.7,3220.4,1582.8
,,,,,,,,2088,2309.4,2907.1,9756.6,3536.7,4887.0,4844.4,2971.9,2131.4,2907.3,10720.3,3126.8,1527.2
,,,,,,,,2089,2164.7,2649.4,9107.5,3214.0,4486.4,4374.4,2672.0,1942.6,2712.1,9858.4,2848.1,1436.3
,,,,,,,,2090,2049.9,2509.7,8622.4,3051.3,4218.0,4201.6,2576.5,1833.9,2548.4,9271.6,2727.4,1359.6
,,,,,,,,2091,1903.5,2399.8,8255.0,2910.7,3927.6,4006.4,2452.4,1763.3,2438.6,8882.2,2583.2,1276.6
,,,,,,,,2092,1862.4,2317.5,8089.1,2799.9,3860.3,3893.7,2386.1,1723.5,2343.2,8719.8,2537.4,1271.6
,,,,,,,,2093,1960.0,2468.8,8291.6,2962.9,4036.5,4041.3,2463.5,1801.5,2517.7,9075.2,2615.3,1311.6
,,,,,,,,2094,2154.1,2693.3,9150.3,3195.0,4474.2,4504.3,2737.7,1972.2,2757.8,9915.8,2838.6,1437.5
,,,,,,,,2095,2365.4,3008.7,10051.9,3614.9,4973.0,4965.1,3004.2,2149.1,2997.3,10917.5,3183.1,1597.1
,,,,,,,,2096,2613.9,3247.6,11122.2,3926.1,5333.7,5277.3,3235.3,2333.8,3243.2,11942.7,3418.8,1704.9
,,,,,,,,2097,2677.8,3317.3,11181.4,4025.6,5510.0,5544.2,3333.5,2400.5,3351.6,12062.1,3513.5,1763.1
,,,,,,,,2098,2591.9,3245.5,11215.5,3957.8,5484.0,5373.8,3331.5,2421.1,3309.9,11911.8,3452.8,1762.9
,,,,,,,,2099,2520.0,3170.4,10841.3,3810.2,5226.7,5220.2,3221.2,2277.0,3186.4,11626.5,3403.3,1691.1
,,,,,,,,2100,2423.3,3013.2,10295.7,3576.7,5020.2,4982.0,3027.4,2218.7,3001.3,10967.8,3201.0,1597.0
,,,,,,,,2101,2360.2,2967.7,9823.3,3525.4,4857.6,4813.6,2996.4,2097.1,2959.4,10851.7,3127.4,1548.9
,,,,,,,,2102,2298.9,2915.3,9804.9,3522.1,4865.7,4835.1,2978.3,2090.5,2967.2,10846.9,3090.0,1530.0
,,,,,,,,2103,2397.4,3007.6,10184.5,3593.4,4865.0,4889.5,3007.8,2134.0,2994.5,11034.8,3206.4,1606.3
,,,,,,,,2104,2482.3,3091.7,10570.3,3758.3,5166.1,5180.6,3104.2,2272.5,3137.5,11360.0,3296.8,1634.1
,,,,,,,,2105,2574.6,3281.2,11225.6,3941.2,5443.4,5458.5,3277.1,2366.6,3301.1,11943.4,3515.4,1723.4
,,,,,,,,2106,2762.2,3419.6,11470.4,4050.7,5681.0,5687.9,3468.3,2509.6,3415.5,12367.3,3600.2,1828.9
,,,,,,,,2107,2798.4,3501.9,11822.2,4128.6,5814.1,5746.0,3476.0,2496.1,3478.6,12622.8,3642.3,1838.8
,,,,,,,,2108,2700.3,3418.2,11426.8,4115.4,5606.5,5589.6,3422.3,2449.2,3432.3,12569.8,3655.1,1791.2
,,,,,,,,2109,2628.2,3214.1,11019.9,3906.4,5324.5,5378.1,3322.5,2394.4,3260.2,11976.9,3470.3,1758.2
,,,,,,,,2110,2446.2,3059.5,10451.0,3660.2,5073.3,5165.3,3102.2,2217.8,3139.5,11217.4,3276.2,1629.0
,,,,,,,,2111,2365.1,2988.4,10012.9,3592.3,4969.7,4848.3,2958.1,2154.0,3003.3,10974.5,3142.7,1595.1
,,,,,,,,2112,2301.5,2919.6,9712.7,3461.2,4844.2,4780.4,2900.5,2081.7,2945.9,10668.5,3069.1,1519.3
,,,,,,,,2113,2115.0,2685.5,9077.7,3215.3,4357.7,4421.0,2721.1,1912.8,2655.5,9745.6,2829.0,1419.0
,,,,,,,,2114,2018.3,2498.0,8484.7,3046.3,4194.7,4179.3,2499.8,1841.0,2517.7,9339.1,2691.6,1329.9
,,,,,,,,2115,1926.4,2370.9,8184.0,2868.3,3893.1,3935.7,2379.9,1750.4,2373.7,8740.0,2568.4,1256.0
,,,,,,,,2116,1859.4,2340.3,7968.6,2797.9,3884.6,3881.9,2327.9,1683.3,2361.9,8553.8,2517.1,1258.4
,,,,,,,,2117,1971.1,2447.4,8374.2,2946.7,4021.1,4072.6,2456.9,1772.2,2488.4,8986.3,2609.4,1293.1
,,,,,,,,2118,2172.5,2675.2,9008.4,3232.6,4430.1,4466.3,2716.0,1925.5,2717.9,9862.0,2861.0,1437.8
,,,,,,,,2119,2369.9,2951.5,9945.5,3559.7,4897.4,4904.5,2988.6,2126.6,2985.5,11019.9,3149.0,1563.3
,,,,,,,,2120,2559.7,3208.5,10954.3,3882.7,5235.9,5369.8,3267.1,2330.9,3201.8,11645.4,3436.7,1719.9
,,,,,,,,2121,2679.0,3318.7,11301.5,3931.8,5497.6,5413.5,3342.0,2424.6,3365.1,12050.2,3561.1,1790.3
,,,,,,,,2122,2601.5,3278.6,10975.6,3936.2,5451.2,5414.2,3342.1,2403.7,3335.2,12027.3,3438.3,1729.6
,,,,,,,,2123,2472.7,3172.8,10685.2,3786.0,5181.4,5252.8,3118.4,2300.6,3111.9,11620.0,3296.2,1662.1
,,,,,,,,2124,2384.8,2965.6,10178.6,3558.6,5019.0,4988.0,3048.4,2177.4,3049.1,11003.1,3220.6,1621.0
,,,,,,,,2125,2304.7,2940.6,9746.8,3508.3,4853.9,4782.4,2947.3,2117.2,2911.3,10815.2,3098.9,1555.8
,,,,,,,,2126,2295.4,2919.4,9923.4,3450.2,4857.6,4767.1,2919.7,2132.8,2930.6,10685.8,3074.5,1530.7
,,,,,,,,2127,2377.2,2975.9,9949.9,3574.9,4879.4,4815.0,2956.1,2165.2,2955.3,10895.0,3191.4,1589.7
,,,,,,,,2128,2443.0,3056.0,10513.7,3639.0,5140.8,5038.5,3121.0,2203.5,3115.0,11346.9,3261.4,1631.3
,,,,,,,,2129,2566.2,3233.0,11054.6,3920.4,5393.2,5338.0,3230.9,2366.6,3254.6,11750.3,3465.4,1752.8
,,,,,,,,2130,2737.2,3428.5,11356.2,4029.7,5657.9,5644.7,3449.9,2491.0,3365.0,12521.6,3646.9,1797.7
,,,,,,,,2131,2760.5,3442.1,11874.4,4113.2,5700.1,5616.4,3440.7,2531.6,3449.2,12531.8,3695.3,1814.6
,,,,,,,,2132,2690.4,3399.9,11532.6,4095.6,5589.9,5574.0,3393.7,2445.4,3396.7,12291.4,3573.6,1783.5
,,,,,,,,2133,2625.9,3202.9,10989.1,3839.9,5314.9,5379.0,3293.5,2369.3,3258.4,12032.3,3464.3,1742.5
,,,,,,,,2134,2468.5,3116.5,10479.3,3727.9,5076.5,5090.9,3109.4,2201.1,3098.4,11153.4,3299.6,1636.4
,,,,,,,,2135,2359.4,2954.1,10130.7,3490.3,4865.1,4830.8,3015.1,2126.2,2984.7,10787.5,3136.7,1573.4
,,,,,,,,2136,2283.2,2884.1,9855.3,3403.1,4756.9,4726.5,2938.1,2095.7,2886.2,10581.6,3073.7,1546.3
,,,,,,,,2137,1977.1,2495.5,8459.1,2961.2,4065.0,4111.2,2514.9,1811.5,2483.9,9078.0,2634.7,1314.7
,,,,,,,,2138,1886.3,2345.1,7962.0,2794.3,3842.6,3859.7,2352.6,1723.4,2391.4,8703.0,2539.1,1259.8
,,,,,,,,2139,1788.8,2227.8,7524.7,2686.8,3730.0,3730.1,2234.6,1638.0,2211.9,8266.6,2397.3,1185.8
,,,,,,,,2140,1735.2,2199.2,7461.5,2624.3,3607.5,3637.1,2211.9,1603.7,2231.5,7950.3,2306.6,1181.9
,,,,,,,,2141,1847.1,2298.9,7765.6,2773.8,3792.5,3770.1,2276.5,1667.1,2332.5,8319.8,2420.2,1219.4
,,,,,,,,2142,1974.7,2477.7,8527.6,3030.8,4082.7,4168.0,2503.7,1822.1,2508.8,9077.1,2713.0,1324.2
,,,,,,,,2143,2238.7,2752.8,9431.0,3328.4,4534.6,4574.1,2806.5,2016.9,2781.5,10252.4,2953.0,1471.0
,,,,,,,,2144,2419.7,3038.0,10044.3,3541.7,4880.2,5010.5,3002.9,2145.7,3034.9,11012.7,3163.1,1590.4
,,,,,,,,2145,2474.6,3048.6,10432.2,3735.7,5183.4,5077.7,3160.8,2271.2,3098.2,11256.3,3341.7,1636.7
,,,,,,,,2146,2478.3,3093.3,10311.3,3613.9,4974.1,4972.5,3081.0,2226.1,3116.4,11318.9,3294.1,1633.4
,,,,,,,,2147,2353.1,2922.2,10021.7,3531.5,4872.4,4859.9,2921.7,2108.8,2968.5,10716.1,3090.8,1565.3
,,,,,,,,2148,2224.9,2819.3,9595.9,3352.5,4605.5,4572.7,2800.6,2035.6,2780.8,10183.3,2981.8,1517.9
,,,,,,,,2149,2149.3,2708.4,9132.2,3266.2,4488.7,4555.8,2735.1,1945.0,2735.7,9927.2,2942.4,1439.6
,,,,,,,,2150,2183.1,2690.4,9249.3,3202.4,4480.3,4508.6,2753.9,1984.9,2752.9,9903.1,2893.3,1454.0
,,,,,,,,2151,2185.7,2725.4,9518.0,3357.7,4518.3,4570.1,2774.0,2032.5,2794.8,10087.6,2941.6,1492.7
,,,,,,,,2152,2333.0,2842.8,9675.1,3431.0,4696.4,4750.1,2936.7,2071.8,2903.7,10534.0,3068.3,1518.8
,,,,,,,,2153,2432.8,2986.0,10326.2,3589.5,4950.3,4977.4,3060.1,2203.3,3076.9,11011.3,3242.9,1610.6
,,,,,,,,2154,2551.1,3206.9,10624.1,3817.8,5171.4,5233.8,3179.6,2273.7,3229.1,11723.1,3396.3,1708.2
,,,,,,,,2155,2607.9,3179.3,10813.8,3842.0,5293.9,5293.1,3249.2,2357.8,3206.0,11749.4,3424.5,1747.9
,,,,,,,,2156,2536.9,3145.9,10765.3,3797.1,5273.4,5276.8,3182.8,2293.5,3154.0,11491.0,3370.3,1709.8
,,,,,,,,2157,2445.5,3057.6,10176.8,3660.2,5044.5,5048.6,3029.5,2187.6,3010.8,11100.6,3261.4,1633.4
,,,,,,,,2158,2318.3,2892.3,9638.4,3448.7,4743.5,4704.1,2863.7,2084.0,2887.0,10499.5,3072.5,1515.8
,,,,,,,,2159,2201.4,2727.4,9393.7,3343.0,4554.2,4562.5,2742.2,1994.8,2760.6,10203.9,2978.4,1489.5
,,,,,,,,2160,2137.0,2684.9,9026.1,3212.7,4462.8,4463.2,2736.3,1965.5,2677.5,9864.7,2880.4,1437.8
,,,,,,,,2161,1992.1,2460.7,8424.1,2991.5,4047.3,4041.8,2499.2,1812.5,2489.2,9063.5,2634.0,1313.0
,,,,,,,,2162,1855.2,2314.8,8034.0,2781.5,3907.6,3844.1,2331.2,1671.2,2322.0,8537.0,2504.6,1271.8
,,,,,,,,2163,1746.7,2193.1,7555.5,2637.1,3690.5,3626.5,2240.6,1626.7,2207.4,8203.0,2379.4,1192.7
,,,,,,,,2164,1721.2,2178.3,7442.0,2580.4,3543.8,3597.7,2206.0,1573.6,2191.5,8041.6,2332.6,1168.5
,,,,,,,,2165,1829.8,2253.1,7717.4,2734.5,3732.7,3762.0,2267.8,1645.3,2303.9,8369.0,2407.6,1232.0
,,,,,,,,2166,1962.4,2500.8,8541.7,2997.8,4163.3,4160.9,2542.9,1809.1,2504.0,9022.4,2654.6,1353.0
,,,,,,,,2167,2215.0,2755.1,9319.5,3354.9,4535.3,4551.7,2755.8,2005.4,2801.1,9995.1,2931.6,1476.8
,,,,,,,,2168,2411.0,2977.0,10229.4,3577.5,4863.8,4969.5,2977.4,2156.8,3008.4,10885.2,3174.2,1599.5
,,,,,,,,2169,2480.3,3094.2,10408.8,3651.3,5127.8,5080.1,3073.6,2260.3,3060.3,11282.6,3346.8,1650.3
,,,,,,,,2170,2416.3,3027.0,10453.9,3685.3,5062.3,5075.5,3101.7,2168.0,3018.4,11291.9,3253.7,1641.2
,,,,,,,,2171,2296.0,2915.9,9978.9,3505.9,4824.5,4843.3,2908.3,2116.9,2905.7,10733.3,3118.2,1582.0
,,,,,,,,2172,2198.8,2746.1,9475.3,3358.5,4569.7,4532.7,2795.8,1999.8,2761.1,10123.9,2961.6,1479.1
,,,,,,,,2173,2170.7,2721.8,9171.4,3241.0,4504.1,4513.3,2732.8,1945.9,2733.3,10005.0,2856.2,1456.6
,,,,,,,,2174,2133.8,2705.4,9169.1,3243.8,4388.8,4463.5,2671.0,1969.7,2723.9,9944.4,2869.1,1453.8
,,,,,,,,2175,2179.2,2769.0,9383.0,3249.7,4563.2,4564.4,2785.9,2005.0,2779.8,10179.6,2908.8,1470.7
,,,,,,,,2176,2264.1,2857.2,9664.9,3456.3,4652.0,4680.8,2899.1,2048.8,2916.5,10409.1,3084.1,1526.0
,,,,,,,,2177,2407.7,3002.4,10234.1,3622.7,4967.4,4984.5,3047.4,2186.7,3021.0,11163.5,3254.4,1620.2
,,,,,,,,2178,2504.5,3104.0,10839.0,3769.0,5266.3,5228.1,3138.3,2268.2,3189.7,11579.2,3332.0,1698.4
,,,,,,,,2179,2525.3,3158.7,10827.4,3822.0,5215.3,5298.1,3225.8,2318.6,3233.9,11806.5,3481.6,1722.4
,,,,,,,,2180,2524.1,3111.8,10637.8,3769.5,5171.3,5192.3,3212.0,2285.3,3172.2,11615.4,3348.4,1689.8
,,,,,,,,2181,2435.8,3017.0,10192.5,3572.8,5014.3,4924.2,3010.5,2208.4,3018.3,11178.8,3246.0,1622.3
,,,,,,,,2182,2318.3,2865.8,9803.8,3477.5,4680.6,4651.4,2895.7,2072.7,2840.3,10581.9,3048.6,1516.7
,,,,,,,,2183,2186.2,2763.0,9300.9,3274.2,4525.9,4568.2,2760.6,2010.3,2764.8,10045.3,2934.7,1463.9
,,,,,,,,2184,2152.8,2652.2,9081.7,3207.3,4466.6,4425.6,2725.3,1917.8,2666.5,9692.1,2898.6,1449.9
,,,,,,,,2185,2110.2,2611.2,8925.4,3131.4,4285.0,4255.6,2658.5,1918.4,2656.5,9507.2,2785.3,1395.1
,,,,,,,,2186,1971.9,2476.2,8491.7,2979.9,4096.6,4071.5,2483.6,1771.8,2462.6,9014.4,2651.4,1315.4
,,,,,,,,2187,1859.0,2365.7,8058.4,2818.5,3856.9,3813.5,2343.5,1683.7,2362.4,8575.4,2495.5,1270.4
,,,,,,,,2188,1837.9,2314.7,7901.1,2783.8,3776.0,3784.8,2304.2,1670.2,2302.9,8397.6,2468.8,1248.0
,,,,,,,,2189,1944.4,2391.6,8092.6,2920.2,3958.9,3949.8,2407.3,1731.1,2390.6,8730.0,2607.9,1300.0
,,,,,,,,2190,2111.9,2605.5,8995.2,3202.2,4384.0,4288.3,2670.7,1891.9,2632.8,9641.2,2869.4,1411.3
,,,,,,,,2191,2308.8,2880.3,9769.1,3532.0,4813.6,4780.4,2900.7,2093.3,2968.5,10763.4,3107.3,1569.9
,,,,,,,,2192,2487.9,3113.4,10642.5,3794.4,5218.6,5222.5,3139.8,2303.1,3124.0,11622.5,3392.5,1708.6
,,,,,,,,2193,2636.9,3225.0,10899.5,3917.0,5409.5,5358.8,3298.6,2342.2,3252.5,12036.6,3489.7,1755.9
,,,,,,,,2194,2565.4,3207.6,10809.7,3817.2,5347.9,5330.1,3254.0,2296.2,3190.4,11763.2,3453.8,1728.3
,,,,,,,,2195,2452.3,3082.2,10590.6,3649.5,5028.1,5135.1,3100.0,2223.3,3138.3,11331.4,3259.2,1635.9
,,,,,,,,2196,2371.0,2956.6,9886.1,3537.9,4836.9,4863.9,2976.8,2153.1,2939.6,10906.2,3182.5,1568.1
,,,,,,,,2197,2266.9,2853.0,9637.5,3429.0,4719.2,4665.8,2911.6,2071.7,2898.1,10488.5,3094.1,1532.4
,,,,,,,,2198,2265.6,2863.2,9536.1,3431.4,4740.2,4690.0,2869.2,2057.1,2894.5,10448.3,3074.7,1527.7
,,,,,,,,2199,2331.7,2917.0,10004.9,3472.9,4808.5,4741.0,2924.0,2090.5,2916.0,10744.6,3127.3,1575.2
,,,,,,,,2200,2450.8,2982.4,10258.3,3589.1,4916.6,5047.9,3003.5,2204.3,2997.3,11146.3,3292.1,1620.5
,,,,,,,,2201,2570.1,3193.7,10926.8,3868.9,5227.3,5199.1,3169.0,2323.1,3222.1,11718.2,3406.9,1717.2
,,,,,,,,2202,2622.6,3292.4,11446.5,4044.2,5545.8,5476.7,3310.1,2404.3,3370.4,12137.7,3587.0,1802.6
,,,,,,,,2203,2713.3,3363.9,11516.6,4011.5,5640.6,5621.7,3419.0,2473.8,3366.6,12390.0,3671.5,1817.9
,,,,,,,,2204,2674.4,3363.5,11302.4,4007.1,5422.5,5441.4,3369.6,2438.7,3312.2,12049.7,3583.1,1760.9
,,,,,,,,2205,2570.9,3213.8,10804.6,3855.8,5228.7,5285.0,3161.4,2298.8,3219.9,11538.5,3429.2,1702.5
,,,,,,,,2206,2382.4,3065.1,10205.3,3592.2,5026.3,4918.0,3034.8,2162.6,3082.4,11144.7,3216.5,1600.3
,,,,,,,,2207,2305.6,2911.4,9837.4,3508.1,4810.2,4849.7,2950.9,2129.2,2934.0,10654.6,3154.8,1553.7
,,,,,,,,2208,2290.9,2835.3,9696.3,3344.9,4623.0,4713.6,2846.2,2017.7,2813.2,10337.5,2992.3,1527.6
,,,,,,,,2209,2084.7,2571.6,8810.8,3105.2,4316.3,4291.9,2617.2,1871.1,2643.3,9496.1,2768.7,1377.9
,,,,,,,,2210,1952.0,2459.3,8444.2,2962.7,4068.1,4080.0,2477.9,1800.1,2481.1,9010.7,2641.3,1305.2
,,,,,,,,2211,1861.0,2353.1,7910.7,2746.6,3778.7,3845.9,2337.1,1707.0,2351.0,8618.0,2495.6,1256.0
,,,,,,,,2212,1797.6,2287.8,7644.9,2724.5,3722.0,3783.7,2297.8,1653.2,2301.3,8391.3,2443.6,1227.8
,,,,,,,,2213,1928.3,2404.5,8047.1,2891.3,3898.3,3950.0,2426.6,1740.3,2433.9,8746.0,2581.7,1267.5
,,,,,,,,2214,2098.2,2651.9,8990.9,3117.1,4328.3,4269.5,2608.6,1879.2,2662.8,9617.6,2841.8,1418.9
,,,,,,,,2215,2313.6,2931.3,9763.3,3524.5,4788.4,4726.0,2922.6,2109.9,2933.2,10619.3,3087.2,1568.5
,,,,,,,,2216,2499.6,3168.3,10624.3,3793.5,5096.6,5086.1,3102.1,2242.2,3116.4,11427.0,3405.1,1693.5
,,,,,,,,2217,2588.4,3260.4,10872.8,3835.8,5289.3,5275.8,3296.2,2308.3,3233.4,11789.4,3516.5,1725.5
,,,,,,,,2218,2586.2,3158.6,10918.2,3861.6,5321.5,5257.0,3187.0,2284.3,3237.7,11551.0,3423.8,1728.6
,,,,,,,,2219,2443.9,3062.4,10350.1,3623.3,5019.4,5032.7,3120.5,2182.0,3073.9,11338.7,3313.3,1644.3
,,,,,,,,2220,2364.2,2961.9,10047.9,3523.0,4875.9,4819.4,2979.6,2106.1,2941.8,10560.5,3177.6,1585.4
,,,,,,,,2221,2267.0,2822.4,9565.2,3445.3,4702.1,4738.3,2877.4,2066.4,2897.8,10487.4,3040.9,1510.7
,,,,,,,,2222,2286.6,2855.1,9537.4,3384.6,4702.3,4684.3,2829.2,2024.5,2831.9,10245.4,3062.3,1524.1
,,,,,,,,2223,2282.2,2840.2,9875.9,3502.5,4798.8,4729.8,2866.2,2118.3,2892.2,10506.3,3123.1,1533.1
,,,,,,,,2224,2386.2,3010.0,10277.5,3598.1,4921.1,4931.6,3019.1,2149.1,3000.2,10960.5,3243.7,1621.9
,,,,,,,,2225,2543.5,3172.9,10825.2,3802.7,5294.6,5199.5,3158.6,2302.1,3163.7,11475.2,3435.9,1713.3
,,,,,,,,2226,2656.9,3317.8,11301.3,3923.6,5398.1,5489.9,3300.8,2358.5,3348.8,12135.8,3562.1,1766.0
,,,,,,,,2227,2705.8,3394.9,11287.7,4031.9,5529.7,5572.4,3372.9,2427.7,3372.5,12141.9,3629.0,1791.0
,,,,,,,,2228,2640.5,3308.5,11269.6,3913.4,5428.1,5524.4,3304.8,2419.0,3357.2,11947.4,3541.4,1780.6
,,,,,,,,2229,2561.4,3179.3,10703.4,3803.0,5234.7,5282.1,3212.0,2277.8,3209.8,11730.9,3409.1,1681.9
,,,,,,,,2230,2427.3,2974.9,10226.1,3606.1,4984.8,5019.6,3036.2,2185.3,3025.6,10842.0,3205.7,1624.2
,,,,,,,,2231,2298.5,2884.2,9745.4,3426.5,4765.4,4711.6,2855.4,2102.1,2925.8,10689.4,3068.0,1543.8
,,,,,,,,2232,2242.1,2777.5,9572.8,3316.1,4697.5,4611.8,2824.8,2056.9,2810.0,10421.9,3007.5,1531.7
,,,,,,,,2233,2052.1,2576.5,8649.3,3088.2,4307.7,4194.6,2568.4,1842.3,2593.0,9539.5,2821.7,1375.3
,,,,,,,,2234,1952.7,2411.5,8286.9,2936.9,3984.3,3969.6,2439.2,1768.6,2475.8,8898.1,2667.1,1324.0
,,,,,,,,2235,1831.2,2335.2,7786.5,2800.1,3773.5,3817.0,2294.3,1664.2,2310.0,8365.5,2522.5,1231.7
,,,,,,,,2236,1798.8,2237.8,7617.1,2712.7,3701.2,3724.8,2267.4,1654.8,2306.9,8206.1,2421.7,1231.5
,,,,,,,,2237,1875.4,2341.5,7942.9,2868.0,3920.1,3952.9,2415.6,1708.2,2405.4,8761.5,2574.7,1275.1
,,,,,,,,2238,2094.7,2563.5,8852.8,3156.3,4242.9,4285.3,2580.2,1891.7,2647.4,9626.7,2791.2,1402.7
,,,,,,,,2239,2313.3,2879.0,9681.8,3486.9,4782.9,4720.9,2881.5,2082.1,2908.7,10473.7,3080.3,1551.3
,,,,,,,,2240,2476.1,3132.7,10415.7,3769.9,5063.2,5157.4,3142.6,2276.8,3122.3,11417.4,3310.1,1691.2
,,,,,,,,2241,2594.1,3227.0,11057.6,3899.9,5299.8,5275.6,3194.0,2352.7,3210.7,11697.7,3476.5,1729.0
,,,,,,,,2242,2525.6,3185.6,10757.0,3854.0,5239.5,5163.0,3212.1,2262.7,3190.8,11466.1,3419.0,1736.8
,,,,,,,,2243,2446.5,3078.3,10330.3,3668.2,4947.2,5041.1,3027.8,2216.3,3056.7,10998.1,3291.4,1645.1
,,,,,,,,2244,2345.4,2921.9,9730.7,3451.9,4818.0,4751.8,2948.5,2095.7,2891.9,10485.5,3178.2,1570.5
,,,,,,,,2245,2257.7,2794.8,9717.7,3396.2,4681.0,4619.3,2843.1,2044.1,2819.3,10480.0,3071.3,1508.2
,,,,,,,,2246,2251.8,2781.9,9465.9,3413.1,4664.7,4665.1,2828.8,2054.9,2788.9,10317.8,3080.2,1524.6
,,,,,,,,2247,2298.6,2865.9,9633.8,3414.6,4667.1,4740.3,2885.7,2073.9,2911.9,10456.0,3123.8,1524.9
,,,,,,,,2248,2369.8,2996.5,10252.3,3555.3,4964.9,4905.2,2965.9,2166.2,2957.1,11041.3,3249.7,1598.5
,,,,,,,,2249,2513.1,3162.6,10548.2,3782.3,5242.6,5243.4,3130.5,2282.7,3181.8,11524.8,3439.6,1720.6
,,,,,,,,2250,2655.3,3302.7,11015.9,3973.4,5424.2,5470.2,3305.2,2348.1,3350.6,12040.9,3577.7,1772.2
,,,,,,,,2251,2688.5,3313.2,11423.2,4065.0,5508.5,5479.1,3373.5,2431.9,3384.0,12142.2,3610.9,1809.9
,,,,,,,,2252,2624.3,3291.3,11034.6,3937.3,5396.4,5494.0,3291.1,2347.9,3300.9,12183.6,3536.0,1799.6
,,,,,,,,2253,2499.9,3101.2,10604.9,3774.7,5181.4,5237.9,3121.7,2256.0,3199.2,11463.0,3369.1,1712.5
,,,,,,,,2254,2374.7,2951.2,10158.2,3574.6,4851.7,4907.8,3002.1,2150.2,2985.8,10766.2,3235.6,1627.6
,,,,,,,,2255,2262.0,2876.3,9792.8,3389.7,4679.0,4733.8,2845.8,2069.7,2886.9,10316.0,3076.2,1538.1
,,,,,,,,2256,2233.6,2781.6,9545.2,3350.3,4604.1,4627.3,2798.8,1999.8,2841.6,10255.2,3001.1,1505.5
,,,,,,,,2257,2075.1,2530.7,8757.4,3090.9,4281.9,4195.5,2597.2,1849.0,2564.5,9359.8,2780.7,1380.7
,,,,,,,,2258,1925.4,2437.6,8141.8,2898.3,3970.4,4000.4,2422.4,1770.3,2413.4,8934.2,2616.3,1316.6
,,,,,,,,2259,1819.3,2260.4,7899.5,2719.2,3757.0,3753.3,2287.6,1684.4,2317.0,8484.0,2496.7,1242.6
,,,,,,,,2260,1797.7,2257.1,7584.0,2696.4,3683.7,3714.6,2266.0,1636.6,2253.8,8270.8,2460.4,1213.2
,,,,,,,,2261,1874.3,2352.3,8080.1,2804.7,3839.1,3903.0,2377.6,1698.9,2376.0,8640.4,2530.8,1277.2
,,,,,,,,2262,2050.4,2552.7,8775.0,3095.8,4198.4,4254.1,2598.3,1897.0,2582.9,9346.4,2820.1,1396.8
,,,,,,,,2263,2264.7,2867.7,9783.4,3410.3,4743.3,4680.0,2902.4,2082.4,2832.9,10307.6,3094.5,1540.3
,,,,,,,,2264,2468.5,3045.6,10487.3,3652.8,5154.9,5055.1,3148.6,2207.6,3088.3,11353.7,3342.7,1693.1
,,,,,,,,2265,2568.6,3229.0,10845.9,3840.4,5288.7,5208.6,3163.0,2342.0,3219.1,11512.4,3479.5,1705.4
,,,,,,,,2266,2497.5,3174.0,10687.4,3818.6,5150.3,5136.3,3199.8,2283.9,3168.0,11364.8,3395.5,1686.1
,,,,,,,,2267,2420.5,3027.7,10105.6,3605.7,5030.1,5043.1,3034.7,2216.8,3007.0,11204.0,3255.3,1612.1
,,,,,,,,2268,2338.7,2849.1,9923.4,3510.9,4707.7,4720.6,2930.2,2095.4,2878.2,10483.4,3145.5,1546.8
,,,,,,,,2269,2219.8,2790.5,9431.6,3377.8,4615.3,4554.8,2834.3,2058.1,2811.6,10392.8,3050.8,1531.7
,,,,,,,,2270,2246.0,2823.3,9520.6,3380.7,4599.8,4550.6,2839.1,2008.9,2845.2,10198.9,3021.3,1514.4
,,,,,,,,2271,2255.9,2813.4,9736.5,3411.1,4668.3,4702.2,2883.2,2074.2,2824.0,10272.3,3041.9,1520.4
,,,,,,,,2272,2350.0,2994.9,10103.8,3571.6,4903.1,4925.0,2996.5,2158.3,2940.5,10920.6,3219.2,1625.6
,,,,,,,,2273,2466.2,3159.7,10554.2,3698.2,5074.9,5109.5,3113.4,2262.5,3162.1,11570.9,3338.9,1672.5
,,,,,,,,2274,2637.4,3228.1,10985.1,3890.9,5396.9,5325.9,3294.2,2343.7,3285.1,11890.8,3512.1,1772.0
,,,,,,,,2275,2640.9,3286.4,11391.4,3944.5,5489.9,5462.2,3345.6,2421.5,3305.5,12229.7,3590.7,1815.8
,,,,,,,,2276,2610.4,3251.3,11004.9,3917.2,5345.4,5379.8,3240.7,2384.5,3299.2,12045.5,3531.8,1743.1
,,,,,,,,2277,2466.9,3130.0,10688.6,3768.4,5115.8,5093.9,3170.3,2289.5,3135.8,11261.9,3346.2,1696.0
,,,,,,,,2278,2403.2,2965.8,9965.9,3603.1,4919.2,4842.5,2981.3,2134.1,3013.5,10825.4,3230.5,1584.1
,,,,,,,,2279,2287.7,2821.4,9774.2,3457.5,4735.6,4677.5,2861.3,2067.5,2889.7,10505.1,3071.6,1545.6
,,,,,,,,2280,2224.3,2771.8,9340.0,3369.2,4528.9,4575.5,2749.0,2002.1,2792.9,10071.9,3035.6,1492.3
,,,,,,,,2281,2049.2,2543.2,8591.7,3021.8,4212.4,4232.4,2548.0,1845.7,2530.0,9377.5,2759.3,1379.3
,,,,,,,,2282,1922.1,2384.3,8230.9,2859.6,4005.9,3953.4,2419.5,1739.4,2438.2,8827.3,2640.2,1301.4
,,,,,,,,2283,1819.6,2262.9,7836.5,2751.5,3747.3,3742.6,2307.6,1625.8,2281.5,8405.6,2452.8,1241.9
,,,,,,,,2284,1792.4,2245.8,7545.6,2713.1,3641.7,3662.1,2242.9,1620.7,2261.7,8271.5,2440.1,1220.2
,,,,,,,,2285,1854.6,2361.3,7933.2,2811.4,3822.3,3857.8,2372.0,1683.7,2349.9,8500.9,2532.5,1275.5
,,,,,,,,2286,2048.0,2558.4,8757.5,3067.8,4251.5,4245.8,2582.2,1867.7,2597.7,9463.8,2751.0,1391.9
,,,,,,,,2287,2241.0,2820.8,9728.5,3455.9,4687.9,4704.5,2868.8,2081.6,2835.2,10448.4,3072.9,1521.6
,,,,,,,,2288,2439.8,3050.4,10297.1,3666.6,5004.2,5040.7,3119.8,2232.7,3084.8,11381.7,3304.5,1688.5
,,,,,,,,2289,2531.2,3177.0,10697.8,3749.3,5265.4,5167.0,3177.1,2288.1,3205.4,11439.0,3392.3,1725.5
,,,,,,,,2290,2468.2,3092.3,10733.1,3737.9,5118.3,5120.6,3117.0,2245.2,3141.9,11501.7,3384.6,1694.7
,,,,,,,,2291,2389.7,2966.9,10177.6,3584.9,4919.4,4979.6,3012.8,2147.4,3021.7,10909.1,3270.5,1621.5
,,,,,,,,2292,2313.4,2840.6,9721.7,3446.7,4702.2,4781.8,2885.9,2069.7,2855.1,10377.2,3157.1,1564.9
,,,,,,,,2293,2209.3,2766.5,9600.5,3388.1,4523.2,4527.9,2802.6,2017.3,2775.6,10092.9,3040.7,1529.3
,,,,,,,,2294,2193.7,2813.5,9556.6,3376.0,4561.7,4536.9,2805.2,1998.3,2809.6,10105.9,3031.8,1490.6
,,,,,,,,2295,2279.9,2824.2,9536.4,3396.0,4636.1,4727.4,2802.4,2054.0,2853.3,10402.4,3107.1,1552.6
,,,,,,,,2296,2332.6,2978.5,10156.9,3549.9,4801.1,4853.3,2934.0,2123.6,2965.8,10889.1,3156.9,1601.6
,,,,,,,,2297,2508.9,3084.8,10450.6,3691.6,5079.1,5163.9,3144.1,2245.5,3084.7,11413.5,3401.2,1665.9
,,,,,,,,2298,2608.0,3264.9,11107.6,3841.9,5302.0,5304.3,3287.7,2314.5,3216.1,11889.9,3498.1,1762.6
,,,,,,,,2299,2609.9,3343.5,11324.2,3953.2,5424.6,5368.7,3267.7,2395.6,3293.7,12125.8,3572.2,1774.8
,,,,,,,,2300,2569.3,3241.8,11003.8,3868.4,5405.9,5414.0,3288.2,2366.3,3304.2,11958.8,3552.9,1771.6
,,,,,,,,2301,2462.7,3083.3,10450.2,3745.5,5075.5,5076.8,3100.8,2266.0,3163.3,11462.4,3329.4,1686.0
,,,,,,,,2302,2364.1,2983.5,9886.7,3544.1,4782.0,4836.2,2968.6,2115.6,2941.6,10636.1,3237.9,1580.3
,,,,,,,,2303,2266.2,2847.9,9655.1,3400.6,4698.9,4633.8,2832.1,2066.0,2804.6,10178.9,3056.4,1541.9
,,,,,,,,2304,2188.4,2758.7,9293.0,3341.3,4482.6,4524.0,2768.6,1989.1,2786.5,9922.1,3011.8,1514.0
,,,,,,,,2305,1913.1,2343.0,8126.9,2827.9,3941.0,3869.5,2358.1,1717.2,2398.2,8779.7,2614.4,1276.6
,,,,,,,,2306,1818.4,2224.6,7650.4,2674.9,3731.5,3704.0,2272.0,1628.1,2269.9,8276.0,2480.4,1220.4
,,,,,,,,2307,1684.7,2156.8,7225.0,2583.0,3533.3,3548.1,2125.5,1541.0,2126.1,7708.2,2345.9,1172.3
,,,,,,,,2308,1672.2,2079.9,7110.6,2505.2,3425.8,3468.8,2125.7,1519.3,2091.5,7602.5,2285.8,1130.2
,,,,,,,,2309,1724.7,2182.4,7470.3,2605.2,3564.8,3627.3,2188.5,1570.2,2170.4,7937.2,2372.5,1182.0
,,,,,,,,2310,1924.8,2406.0,8132.5,2856.4,3972.5,3983.3,2387.6,1757.2,2401.4,8651.6,2627.6,1315.1
,,,,,,,,2311,2098.0,2644.4,8960.1,3221.7,4395.4,4334.0,2686.8,1891.5,2635.3,9752.3,2863.8,1453.9
,,,,,,,,2312,2298.1,2898.7,9863.7,3404.1,4784.6,4765.2,2889.6,2083.2,2893.0,10430.1,3142.5,1558.0
,,,,,,,,2313,2337.9,2929.9,10002.9,3599.9,4930.1,4936.2,2992.7,2151.3,2965.9,10802.4,3194.4,1608.3
,,,,,,,,2314,2355.2,2926.1,10042.4,3494.5,4849.8,4832.1,2929.6,2136.4,2933.8,10559.3,3219.0,1593.7
,,,,,,,,2315,2261.4,2766.4,9598.2,3364.0,4567.5,4680.4,2819.6,2031.1,2845.4,10198.7,3070.8,1522.9
,,,,,,,,2316,2144.1,2692.2,8996.5,3209.7,4450.2,4454.7,2666.3,1940.1,2684.1,9758.5,2923.1,1453.9
,,,,,,,,2317,2058.5,2624.6,8906.2,3152.5,4303.5,4247.6,2634.8,1858.6,2634.9,9643.6,2795.8,1424.4
,,,,,,,,2318,2098.0,2626.1,8892.1,3114.7,4208.3,4296.5,2579.6,1897.8,2607.9,9414.9,2834.3,1419.8
,,,,,,,,2319,2139.4,2676.5,8947.1,3131.6,4388.0,4334.7,2680.7,1928.1,2680.3,9630.4,2855.6,1454.0
,,,,,,,,2320,2168.9,2771.7,9488.7,3253.2,4558.9,4530.0,2803.5,2009.1,2723.4,10016.1,2971.0,1477.9
,,,,,,,,2321,2296.1,2897.9,9736.4,3514.9,4787.6,4727.3,2948.8,2116.4,2869.1,10439.8,3198.5,1556.8
,,,,,,,,2322,2423.3,3047.3,10349.4,3627.6,5027.9,4997.4,3016.8,2194.7,3005.7,10923.2,3300.1,1665.8
,,,,,,,,2323,2489.6,3106.6,10413.2,3734.6,5125.1,5022.4,3057.7,2211.0,3086.2,11325.8,3309.5,1686.9
,,,,,,,,2324,2418.7,3050.0,10219.0,3675.3,4957.1,4939.1,2999.6,2166.0,3037.3,10926.9,3297.6,1632.9
,,,,,,,,2325,2319.3,2920.0,9882.1,3461.0,4769.3,4800.9,2892.8,2123.0,2937.2,10540.9,3164.4,1586.4
,,,,,,,,2326,2185.0,2725.1,9320.4,3326.4,4570.7,4477.9,2785.0,2008.3,2777.3,9905.4,2969.3,1478.9
,,,,,,,,2327,2079.1,2610.2,9077.6,3146.1,4367.4,4286.1,2686.2,1926.7,2623.7,9677.7,2827.3,1418.3
,,,,,,,,2328,2074.8,2574.3,8832.1,3064.0,4274.8,4221.5,2546.9,1849.4,2596.5,9333.1,2785.7,1398.3
,,,,,,,,2329,1890.6,2360.0,7906.2,2823.6,3876.7,3877.7,2383.8,1702.8,2374.4,8528.1,2567.0,1273.6
,,,,,,,,2330,1767.9,2218.2,7671.2,2659.4,3725.5,3689.1,2276.5,1619.7,2272.7,8085.5,2421.3,1210.6
,,,,,,,,2331,1704.3,2095.3,7257.8,2511.3,3530.2,3520.8,2135.8,1536.8,2151.6,7611.1,2289.9,1156.4
,,,,,,,,2332,1671.6,2090.1,7103.4,2479.7,3465.1,3448.0,2086.2,1480.7,2083.9,7583.6,2241.5,1138.6
,,,,,,,,2333,1710.5,2149.5,7307.7,2578.1,3574.7,3521.3,2163.7,1567.7,2191.4,7927.4,2348.2,1190.5
,,,,,,,,2334,1884.1,2380.2,8171.6,2872.6,3973.4,3965.2,2408.9,1698.1,2373.5,8777.9,2609.8,1307.3
,,,,,,,,2335,2110.7,2662.0,8899.0,3144.8,4365.0,4402.2,2667.2,1929.8,2639.9,9508.2,2862.1,1419.0
,,,,,,,,2336,2307.7,2864.2,9774.7,3411.5,4676.6,4726.4,2877.5,2046.9,2898.4,10302.1,3105.8,1548.4
,,,,,,,,2337,2324.3,2914.0,9937.7,3502.5,4838.9,4814.7,2913.7,2112.5,2925.4,10881.8,3204.6,1593.7
,,,,,,,,2338,2337.1,2889.8,9739.8,3432.5,4717.4,4778.9,2881.4,2074.1,2885.3,10710.9,3146.8,1584.1
,,,,,,,,2339,2237.7,2806.9,9359.3,3301.9,4625.8,4526.7,2823.6,2029.5,2808.0,10219.5,3079.4,1509.5
,,,,,,,,2340,2112.9,2685.8,9031.6,3155.7,4411.7,4314.9,2646.5,1941.1,2697.5,9817.1,2889.6,1466.2
,,,,,,,,2341,2036.4,2582.1,8862.1,3069.7,4222.2,4281.2,2619.8,1839.9,2626.7,9583.4,2784.7,1402.2
,,,,,,,,2342,2047.4,2542.4,8616.3,3113.6,4206.8,4174.4,2614.9,1832.6,2575.4,9314.7,2826.7,1391.0
,,,,,,,,2343,2099.0,2593.9,8938.7,3112.3,4379.5,4283.8,2634.6,1887.4,2653.0,9499.2,2821.6,1427.8
,,,,,,,,2344,2170.0,2715.5,9236.8,3247.8,4509.8,4537.3,2719.8,1962.3,2782.9,9949.3,3006.1,1509.6
,,,,,,,,2345,2297.3,2840.7,9833.9,3403.1,4698.5,4679.5,2891.4,2076.2,2862.1,10454.0,3136.5,1592.0
,,,,,,,,2346,2379.5,3035.6,10279.1,3570.7,4936.9,4903.7,3052.7,2150.8,2997.2,10968.3,3281.9,1630.6
,,,,,,,,2347,2413.8,3068.5,10440.2,3669.3,5086.7,4996.7,3078.3,2190.5,3114.8,11152.6,3307.8,1681.2
,,,,,,,,2348,2417.8,3022.0,10266.3,3614.7,4887.3,4887.4,2987.5,2203.9,3011.4,11137.8,3264.3,1652.6
,,,,,,,,2349,2270.0,2846.2,9632.2,3412.6,4670.2,4737.2,2893.2,2058.0,2912.2,10647.6,3112.4,1589.8
,,,,,,,,2350,2194.9,2747.7,9319.2,3239.8,4562.7,4453.7,2782.3,1974.8,2771.1,10000.5,2942.5,1505.5
,,,,,,,,2351,2074.7,2600.4,8835.2,3134.1,4341.1,4296.4,2637.5,1894.9,2652.2,9552.6,2884.0,1421.9
,,,,,,,,2352,2058.4,2545.3,8580.7,3091.9,4163.9,4255.7,2564.5,1856.9,2531.0,9402.4,2794.4,1372.4
,,,,,,,,2353,1967.5,2501.2,8562.6,2951.0,4055.3,4109.0,2533.6,1824.8,2496.7,8995.9,2722.8,1384.7
,,,,,,,,2354,1909.1,2339.5,8112.2,2815.7,3855.5,3919.8,2398.6,1704.0,2338.5,8569.0,2606.9,1296.3
,,,,,,,,2355,1778.4,2264.5,7651.4,2698.3,3631.2,3625.8,2248.2,1631.4,2227.9,8238.6,2420.1,1224.4
,,,,,,,,2356,1750.9,2183.8,7542.1,2659.2,3624.5,3662.5,2203.3,1583.1,2227.7,8056.7,2409.1,1216.6
,,,,,,,,2357,1828.1,2260.3,7725.7,2751.7,3754.8,3758.5,2325.2,1669.2,2294.9,8342.0,2526.1,1268.5
,,,,,,,,2358,2007.8,2540.0,8534.9,3022.3,4162.5,4118.1,2515.0,1819.9,2506.8,9202.5,2764.3,1365.1
,,,,,,,,2359,2247.6,2793.1,9410.9,3329.3,4543.0,4643.2,2825.8,2026.1,2816.5,10321.7,3020.5,1526.0
,,,,,,,,2360,2391.9,2982.9,10098.6,3563.0,4936.0,5006.7,3050.2,2141.5,2983.9,11121.2,3269.8,1643.0
,,,,,,,,2361,2489.6,3074.7,10535.3,3676.6,5095.5,5125.4,3122.6,2270.0,3107.2,11495.7,3408.6,1676.3
,,,,,,,,2362,2475.0,3100.7,10418.1,3693.9,5038.0,5058.3,3107.5,2204.5,3033.5,11301.6,3377.1,1677.5
,,,,,,,,2363,2335.7,2931.9,9919.8,3526.0,4815.2,4799.1,2984.9,2154.8,2982.0,10738.6,3239.1,1591.1
,,,,,,,,2364,2225.9,2808.0,9624.7,3375.7,4670.7,4611.9,2810.7,2007.8,2858.2,10144.9,3029.3,1544.0
,,,,,,,,2365,2167.8,2756.5,9191.4,3298.4,4555.0,4441.7,2732.8,1945.1,2726.3,10070.9,2953.8,1490.0
,,,,,,,,2366,2148.8,2686.7,9141.9,3279.3,4476.2,4498.8,2743.6,1962.5,2691.3,9866.9,2991.7,1477.5
,,,,,,,,2367,2218.0,2802.9,9366.4,3372.8,4623.8,4502.4,2786.4,2029.7,2766.6,10088.7,3072.7,1498.6
,,,,,,,,2368,2333.9,2903.7,9897.9,3495.6,4813.7,4775.5,2897.4,2099.7,2900.1,10651.8,3205.1,1572.4
,,,,,,,,2369,2431.8,3002.4,10365.7,3614.6,4988.8,4973.0,3013.0,2183.8,3093.7,10956.4,3368.5,1688.0
,,,,,,,,2370,2572.0,3184.9,10822.3,3859.1,5298.1,5221.1,3172.1,2322.5,3218.3,11508.5,3454.8,1731.3
,,,,,,,,2371,2575.2,3247.6,11055.2,3884.4,5272.4,5281.2,3208.1,2346.0,3277.3,11842.4,3531.3,1778.1
,,,,,,,,2372,2511.6,3209.3,10874.1,3838.2,5280.3,5219.6,3181.2,2303.8,3172.3,11536.9,3522.4,1741.9
,,,,,,,,2373,2409.0,3022.9,10411.2,3601.0,4942.0,4962.1,3046.9,2202.3,3074.4,11232.4,3298.2,1669.9
,,,,,,,,2374,2285.5,2846.1,9704.1,3437.8,4753.9,4751.0,2873.2,2055.0,2861.3,10537.5,3192.5,1564.7
,,,,,,,,2375,2188.2,2741.5,9274.7,3349.8,4526.7,4559.3,2762.0,1990.4,2753.0,10050.7,3022.9,1534.8
,,,,,,,,2376,2167.6,2694.6,9303.1,3268.3,4420.9,4500.8,2722.7,1947.4,2718.0,9988.2,2986.9,1457.5
,,,,,,,,2377,1968.0,2467.0,8304.5,2958.9,4084.3,4087.3,2458.7,1791.5,2467.5,8921.2,2750.6,1364.8
,,,,,,,,2378,1889.5,2363.6,7997.6,2837.1,3880.0,3894.9,2354.1,1689.6,2372.7,8553.0,2602.1,1281.8
,,,,,,,,2379,1797.2,2236.1,7571.3,2643.6,3638.5,3611.0,2235.5,1602.1,2205.0,7999.8,2469.6,1231.7
,,,,,,,,2380,1716.7,2171.3,7427.7,2632.1,3604.3,3600.2,2209.7,1582.1,2176.2,7998.7,2382.4,1196.7
,,,,,,,,2381,1795.5,2265.4,7636.2,2692.9,3744.6,3767.6,2302.4,1649.6,2256.6,8198.3,2528.7,1268.0
,,,,,,,,2382,1982.7,2524.1,8534.4,2956.9,4090.3,4162.9,2477.4,1809.9,2501.0,9243.4,2731.6,1380.5
,,,,,,,,2383,2192.5,2758.0,9369.1,3309.3,4563.9,4602.9,2793.1,1976.2,2781.3,10114.9,3032.5,1504.3
,,,,,,,,2384,2379.9,2992.6,10071.9,3562.6,4898.6,4949.8,2958.7,2142.5,2997.7,11048.1,3284.7,1631.5
,,,,,,,,2385,2501.4,3115.8,10531.8,3726.9,5054.2,5099.4,3074.9,2238.5,3111.4,11392.1,3420.3,1688.5
,,,,,,,,2386,2408.4,3006.7,10490.1,3616.4,5037.1,4985.0,3009.7,2229.4,3094.5,11242.3,3302.2,1688.1
,,,,,,,,2387,2350.8,2924.5,9925.6,3553.4,4776.9,4872.3,2902.1,2134.1,2887.3,10698.8,3197.1,1608.5
,,,,,,,,2388,2209.7,2819.3,9345.8,3395.4,4579.7,4597.3,2792.1,2012.8,2834.0,10230.3,3055.2,1547.7
,,,,,,,,2389,2200.6,2688.5,9283.2,3287.7,4482.1,4455.6,2743.6,1948.3,2735.2,10016.6,2994.3,1508.7
,,,,,,,,2390,2179.3,2716.9,9169.6,3282.6,4398.7,4486.3,2747.7,1931.1,2681.4,9951.7,2969.9,1458.9
,,,,,,,,2391,2198.2,2776.5,9486.6,3265.2,4515.6,4591.4,2799.8,2018.6,2783.0,10198.3,2983.5,1519.3
,,,,,,,,2392,2326.7,2862.8,9734.7,3393.5,4732.1,4760.8,2910.8,2068.4,2887.8,10410.0,3131.9,1565.7
,,,,,,,,2393,2407.5,3051.3,10180.4,3607.6,4961.2,5012.6,3007.5,2187.5,2993.2,11075.8,3293.7,1651.7
,,,,,,,,2394,2549.4,3179.2,10875.0,3752.4,5208.7,5115.3,3211.7,2251.5,3123.3,11606.4,3439.3,1719.2
,,,,,,,,2395,2530.3,3187.7,10880.0,3824.6,5278.4,5316.8,3179.8,2321.5,3225.0,11887.7,3516.0,1772.3
,,,,,,,,2396,2513.5,3181.4,10589.5,3826.9,5125.4,5214.4,3144.8,2294.4,3154.4,11369.4,3426.3,1741.2
,,,,,,,,2397,2450.9,2996.3,10236.8,3615.1,4923.6,5015.1,2987.8,2184.0,3030.5,11087.9,3267.5,1656.8
,,,,,,,,2398,2326.7,2878.7,9830.8,3436.6,4736.4,4695.4,2890.1,2048.2,2844.5,10345.4,3160.3,1583.6
,,,,,,,,2399,2189.4,2770.4,9468.6,3276.8,4502.1,4503.4,2754.9,1970.6,2736.9,9997.6,3031.7,1513.0
,,,,,,,,2400,2151.2,2702.8,9154.3,3178.5,4411.1,4446.7,2651.9,1936.6,2652.9,9779.4,2958.9,1450.2
,,,,,,,,2401,1960.9,2466.0,8254.7,2988.3,4036.0,4047.5,2452.5,1773.3,2447.3,8917.7,2718.3,1369.7
,,,,,,,,2402,1885.9,2354.3,7937.1,2789.2,3785.5,3838.9,2315.4,1694.6,2308.9,8486.1,2532.8,1287.7
,,,,,,,,2403,1758.2,2205.6,7566.4,2669.5,3629.1,3654.5,2207.0,1595.4,2206.3,8134.4,2390.3,1208.0
,,,,,,,,2404,1708.1,2173.9,7257.9,2605.0,3569.7,3584.8,2189.4,1571.0,2195.8,7845.4,2413.4,1175.5
,,,,,,,,2405,1833.9,2285.7,7793.1,2724.9,3699.4,3737.5,2253.8,1617.3,2286.1,8140.7,2521.8,1242.6
,,,,,,,,2406,2000.2,2512.5,8409.7,3006.8,4058.2,4044.6,2509.5,1802.0,2477.4,9109.6,2735.8,1347.8
,,,,,,,,2407,2196.7,2722.3,9447.8,3332.7,4459.9,4531.6,2781.0,2010.7,2782.8,10006.5,2995.1,1502.9
,,,,,,,,2408,2383.7,2925.9,10195.2,3592.9,4892.2,4873.6,3004.2,2113.1,2936.5,10729.7,3294.7,1623.3
,,,,,,,,2409,2415.7,3105.0,10369.5,3638.8,5098.0,4990.6,3093.9,2195.8,3054.9,11156.1,3383.9,1676.2
,,,,,,,,2410,2393.4,2980.4,10335.9,3677.0,4911.4,4944.2,2993.8,2176.3,3016.9,11026.3,3335.7,1670.3
,,,,,,,,2411,2285.2,2917.7,9792.7,3441.5,4775.5,4805.9,2940.5,2120.1,2881.1,10702.9,3200.6,1600.7
,,,,,,,,2412,2212.7,2750.9,9329.8,3372.4,4539.8,4572.6,2809.2,2004.8,2812.4,10067.1,3038.8,1513.0
,,,,,,,,2413,2178.7,2695.2,9277.9,3261.0,4412.7,4460.5,2722.2,1934.8,2704.7,9953.2,3003.9,1488.4
,,,,,,,,2414,2160.0,2662.6,8993.6,3180.1,4384.0,4420.3,2700.6,1961.1,2719.5,9777.0,2960.6,1483.7
,,,,,,,,2415,2213.9,2771.8,9157.6,3329.3,4524.8,4441.5,2737.7,1946.7,2773.9,9905.7,2996.9,1501.9
,,,,,,,,2416,2294.7,2849.7,9544.8,3396.9,4664.1,4664.8,2860.1,2068.2,2840.6,10258.3,3116.1,1564.2
,,,,,,,,2417,2396.0,3027.3,10088.1,3579.5,4926.8,4880.2,3012.1,2133.4,2965.7,10848.3,3298.8,1646.4
,,,,,,,,2418,2469.0,3116.3,10723.0,3782.2,5172.2,5116.1,3132.0,2252.9,3128.3,11352.4,3464.9,1698.3
,,,,,,,,2419,2574.0,3233.1,10712.6,3879.5,5199.3,5213.5,3169.2,2332.8,3196.6,11628.4,3510.5,1774.3
,,,,,,,,2420,2483.7,3160.5,10713.2,3805.4,5107.6,5188.9,3135.6,2254.4,3141.8,11548.8,3419.4,1700.0
,,,,,,,,2421,2410.4,3028.0,10162.0,3582.6,4997.0,4976.4,3048.7,2152.4,3041.0,11099.3,3312.9,1654.7
,,,,,,,,2422,2272.2,2871.6,9735.6,3427.8,4644.5,4679.9,2890.8,2033.8,2874.5,10248.9,3117.3,1550.7
,,,,,,,,2423,2183.9,2766.2,9401.3,3240.7,4519.4,4482.4,2717.8,1965.5,2713.8,9953.5,3027.6,1496.1
,,,,,,,,2424,2144.6,2696.3,9068.3,3232.7,4413.5,4427.3,2639.5,1941.3,2681.7,9567.6,2919.1,1466.9
,,,,,,,,2425,1971.2,2479.3,8228.9,2908.4,4008.6,3992.7,2471.3,1765.4,2465.8,8809.6,2734.5,1360.4
,,,,,,,,2426,1870.0,2325.7,7883.2,2763.7,3792.1,3751.6,2290.2,1678.4,2322.3,8424.5,2518.6,1278.7
,,,,,,,,2427,1765.3,2162.0,7358.9,2631.3,3633.5,3595.4,2196.9,1581.8,2181.1,7965.4,2391.2,1201.4
,,,,,,,,2428,1706.1,2171.5,7210.6,2597.8,3512.1,3567.2,2185.1,1543.6,2143.8,7830.3,2360.7,1188.7
,,,,,,,,2429,1816.8,2254.9,7743.6,2721.1,3701.4,3713.6,2263.9,1624.9,2229.9,8283.6,2497.8,1243.7
,,,,,,,,2430,1958.7,2476.0,8370.6,2915.3,4065.2,4043.4,2433.4,1761.6,2494.1,8958.7,2713.6,1366.0
,,,,,,,,2431,2157.3,2719.4,9233.3,3278.5,4503.1,4455.0,2774.3,1952.1,2719.5,10027.1,3046.8,1508.9
,,,,,,,,2432,2367.0,2938.6,9942.5,3531.5,4855.8,4802.3,2979.5,2122.3,2923.8,10588.7,3205.8,1627.8
,,,,,,,,2433,2405.8,3085.3,10331.6,3667.9,5039.2,5060.1,3067.8,2162.6,3074.0,11133.5,3374.7,1661.3
,,,,,,,,2434,2373.7,3037.8,10254.5,3617.7,4924.7,4876.6,3039.7,2144.5,3025.5,10854.7,3311.1,1641.7
,,,,,,,,2435,2310.3,2872.7,9666.3,3450.5,4761.0,4761.2,2863.5,2054.4,2913.0,10525.8,3172.2,1584.9
,,,,,,,,2436,2225.6,2768.6,9424.1,3334.1,4495.9,4473.7,2795.4,1967.9,2717.3,10134.1,3039.2,1512.6
,,,,,,,,2437,2128.5,2664.9,9103.3,3238.6,4363.3,4330.3,2647.9,1929.7,2702.5,9843.8,2929.5,1471.1
,,,,,,,,2438,2143.9,2642.3,8955.2,3211.2,4399.2,4409.5,2645.9,1918.8,2695.0,9584.5,2959.5,1487.3
,,,,,,,,2439,2189.9,2693.1,9284.7,3255.2,4459.4,4431.6,2702.9,1949.4,2737.9,9830.0,2980.2,1511.7
,,,,,,,,2440,2262.5,2841.9,9511.5,3386.5,4591.7,4628.2,2857.2,2012.2,2873.8,10424.6,3159.7,1563.0
,,,,,,,,2441,2413.5,2955.7,10134.1,3576.6,4928.5,4905.6,3024.2,2149.2,2962.2,10821.3,3314.8,1648.2
,,,,,,,,2442,2484.5,3154.1,10681.3,3742.1,5099.9,5102.6,3136.4,2227.5,3135.9,11393.8,3446.1,1719.0
,,,,,,,,2443,2566.9,3151.1,10796.8,3789.3,5280.0,5157.8,3150.7,2319.0,3147.1,11693.5,3493.4,1732.0
,,,,,,,,2444,2462.3,3104.6,10451.0,3743.1,5114.7,5098.1,3087.7,2275.2,3148.0,11209.4,3483.7,1699.5
,,,,,,,,2445,2369.8,2989.1,9983.5,3523.7,4936.8,4880.7,3018.0,2138.9,2997.4,11026.0,3251.2,1621.9
,,,,,,,,2446,2294.4,2821.2,9699.3,3417.0,4584.5,4606.7,2827.6,2018.2,2810.0,10369.7,3101.8,1553.5
,,,,,,,,2447,2158.3,2707.4,9129.2,3273.1,4477.8,4522.4,2731.5,1951.5,2726.0,9945.4,2955.6,1481.8
,,,,,,,,2448,2143.1,2658.9,9082.4,3160.4,4397.0,4345.3,2617.1,1893.0,2662.8,9597.7,2956.4,1461.1
,,,,,,,,2449,1916.9,2451.2,8244.6,2902.2,4018.1,4027.2,2413.5,1758.8,2449.1,8826.5,2668.7,1361.9
,,,,,,,,2450,1839.4,2301.7,7916.6,2724.0,3814.7,3751.6,2303.3,1675.5,2330.3,8305.8,2564.8,1260.9
,,,,,,,,2451,1714.3,2181.6,7450.9,2627.5,3573.0,3558.1,2200.1,1562.9,2193.6,7928.4,2386.6,1199.7
,,,,,,,,2452,1713.4,2160.5,7321.4,2525.2,3504.9,3558.6,2137.4,1519.5,2162.1,7696.9,2392.0,1189.2
,,,,,,,,2453,1799.9,2213.3,7636.1,2654.2,3671.6,3642.8,2212.6,1632.4,2232.4,8105.7,2450.0,1223.4
,,,,,,,,2454,1980.9,2460.7,8269.8,2899.1,4008.2,4041.9,2452.6,1741.3,2486.7,8934.0,2675.2,1364.0
,,,,,,,,2455,2149.5,2739.5,9211.4,3295.4,4503.0,4423.5,2718.8,1937.3,2750.6,9828.6,3014.2,1507.8
,,,,,,,,2456,2356.9,2881.0,9929.3,3520.9,4838.2,4795.9,2966.3,2095.2,2913.9,10689.7,3211.0,1626.7
,,,,,,,,2457,2417.6,3024.3,10295.9,3659.0,4911.5,4904.1,2991.0,2158.2,2987.8,11034.9,3323.8,1648.5
,,,,,,,,2458,2381.8,3004.4,10160.4,3567.6,4950.7,4925.1,2944.6,2158.3,3008.4,11019.1,3340.2,1641.9
,,,,,,,,2459,2294.6,2885.8,9591.9,3458.0,4694.2,4723.1,2847.5,2070.5,2833.8,10484.6,3169.5,1603.4
,,,,,,,,2460,2214.7,2726.0,9148.9,3278.5,4477.4,4515.9,2759.4,1962.8,2714.2,9832.7,3059.9,1503.3
,,,,,,,,2461,2111.9,2633.5,9004.0,3216.4,4424.5,4362.6,2643.7,1896.9,2624.3,9783.7,2958.6,1464.8
,,,,,,,,2462,2088.3,2630.5,9075.3,3130.3,4308.6,4401.9,2671.1,1910.6,2682.6,9740.0,2902.0,1445.4
,,,,,,,,2463,2162.5,2679.1,9203.2,3239.6,4365.6,4387.5,2681.7,1959.1,2670.7,9981.2,2942.4,1490.8
,,,,,,,,2464,2272.3,2796.6,9690.6,3375.1,4634.3,4589.4,2830.7,1995.9,2851.6,10168.6,3062.7,1547.4
,,,,,,,,2465,2354.5,2989.9,9959.5,3580.1,4797.1,4912.5,2951.9,2154.1,2926.2,10733.8,3316.5,1654.1
,,,,,,,,2466,2507.0,3056.8,10449.7,3752.6,5076.9,5070.7,3060.1,2239.0,3059.8,11433.7,3447.4,1727.7
,,,,,,,,2467,2508.0,3139.1,10646.1,3737.6,5151.2,5162.6,3172.5,2292.9,3108.6,11426.9,3457.1,1754.8
,,,,,,,,2468,2504.6,3108.5,10437.6,3727.6,5019.8,5053.5,3135.6,2248.9,3053.3,11227.8,3377.5,1734.4
,,,,,,,,2469,2391.0,2958.6,9925.5,3520.5,4841.6,4922.7,2994.6,2150.8,2940.2,10814.2,3313.0,1620.6
,,,,,,,,2470,2276.5,2809.3,9433.6,3394.9,4650.6,4567.7,2838.0,2048.3,2834.0,10104.3,3124.8,1569.9
,,,,,,,,2471,2184.8,2656.6,9112.2,3225.6,4425.6,4404.2,2700.1,1969.1,2707.8,9878.0,2966.8,1509.3
,,,,,,,,2472,2107.8,2649.9,8984.7,3147.5,4303.2,4307.3,2645.3,1920.3,2637.0,9628.3,2888.3,1466.7
,,,,,,,,2473,1797.3,2232.4,7619.0,2734.9,3739.4,3693.3,2287.6,1640.0,2269.8,8247.0,2489.0,1268.0
,,,,,,,,2474,1696.5,2125.0,7221.5,2603.1,3542.1,3470.0,2126.3,1564.9,2129.0,7733.9,2346.5,1177.1
,,,,,,,,2475,1619.0,2005.8,6931.1,2465.2,3341.9,3371.5,2023.7,1458.2,2019.8,7323.9,2278.4,1116.9
,,,,,,,,2476,1603.4,1975.4,6693.2,2415.9,3261.9,3293.0,1988.2,1432.5,2024.2,7191.9,2223.7,1109.6
,,,,,,,,2477,1660.7,2058.5,7062.1,2531.7,3466.2,3419.0,2115.3,1516.1,2096.7,7632.2,2336.4,1156.1
,,,,,,,,2478,1807.5,2252.5,7740.2,2765.4,3720.0,3734.5,2271.4,1647.2,2291.4,8275.0,2529.4,1250.3
,,,,,,,,2479,2004.8,2493.2,8707.0,3064.0,4115.6,4159.5,2524.1,1819.0,2552.0,9096.4,2835.1,1388.4
,,,,,,,,2480,2183.9,2708.6,9233.8,3236.7,4531.1,4423.2,2693.4,1940.4,2758.8,10004.5,3016.4,1509.3
,,,,,,,,2481,2225.4,2813.4,9588.3,3403.8,4585.9,4653.5,2783.0,2060.2,2860.2,10342.7,3144.0,1547.1
,,,,,,,,2482,2212.4,2745.8,9367.0,3377.3,4558.5,4525.6,2821.3,2010.8,2797.5,10081.0,3045.8,1528.6
,,,,,,,,2483,2131.1,2633.0,9173.4,3185.5,4338.9,4356.2,2632.6,1901.0,2699.8,9710.7,2945.5,1465.3
,,,,,,,,2484,2042.5,2555.8,8774.9,3066.8,4206.8,4230.8,2554.4,1843.2,2521.2,9394.3,2814.4,1417.6
,,,,,,,,2485,1976.4,2453.6,8383.0,2973.9,4052.2,4123.0,2517.9,1797.0,2461.7,9008.6,2787.4,1395.5
,,,,,,,,2486,1957.0,2440.6,8349.8,2917.0,4017.5,4093.9,2448.9,1797.7,2448.7,9093.4,2744.7,1348.6
,,,,,,,,2487,2043.2,2512.2,8458.5,3009.8,4150.0,4195.0,2534.0,1788.0,2551.8,9169.1,2828.6,1400.7
,,,,,,,,2488,2093.8,2627.8,8965.0,3154.6,4310.0,4328.9,2658.0,1891.5,2623.3,9475.7,2927.9,1467.1
,,,,,,,,2489,2220.6,2789.4,9379.8,3342.8,4600.5,4531.5,2758.4,2012.3,2725.8,10033.2,3051.1,1520.7
,,,,,,,,2490,2276.2,2893.3,9951.6,3457.3,4708.0,4668.5,2895.3,2048.7,2878.5,10561.9,3174.5,1589.8
,,,,,,,,2491,2359.4,2943.5,10013.6,3545.3,4755.9,4842.3,2933.1,2115.0,2917.2,10834.7,3213.8,1615.0
,,,,,,,,2492,2321.6,2886.1,9697.9,3446.9,4672.5,4699.6,2866.5,2049.5,2879.5,10605.2,3243.1,1600.4
,,,,,,,,2493,2204.4,2766.0,9304.3,3345.2,4546.1,4579.4,2727.5,2006.6,2785.8,9982.4,3101.6,1524.2
,,,,,,,,2494,2112.0,2616.1,8892.9,3128.0,4334.6,4352.1,2595.6,1869.8,2648.5,9529.2,2907.9,1437.4
,,,,,,,,2495,1989.4,2518.8,8586.1,3000.5,4133.4,4135.3,2493.4,1793.4,2481.7,9109.1,2754.0,1395.9
,,,,,,,,2496,1981.3,2412.8,8294.0,2933.5,4042.1,4032.3,2469.7,1742.6,2447.1,9018.4,2725.0,1357.6
,,,,,,,,2497,1818.8,2270.4,7742.2,2704.3,3686.5,3714.0,2239.7,1636.5,2244.0,8079.6,2484.8,1250.1
,,,,,,,,2498,1726.3,2121.6,7282.5,2537.8,3513.0,3546.0,2139.4,1515.4,2108.4,7800.0,2379.3,1196.8
,,,,,,,,2499,1597.7,1985.3,6906.3,2414.9,3291.6,3263.2,2000.6,1431.8,2039.9,7407.4,2221.4,1119.8
,,,,,,,,2500,1588.2,1996.3,6645.4,2364.1,3238.4,3281.7,1954.0,1442.0,1983.7,7175.0,2202.6,1094.1
,,,,,,,,2501,1658.2,2039.8,6968.2,2453.5,3382.6,3390.1,2042.3,1475.2,2054.7,7501.2,2294.0,1149.4
,,,,,,,,2502,1817.8,2246.6,7666.6,2706.1,3777.8,3771.3,2244.0,1648.2,2279.9,8141.2,2548.4,1243.0
,,,,,,,,2503,2010.5,2524.3,8517.0,3030.3,4167.1,4115.8,2494.4,1803.1,2501.5,9030.9,2768.5,1412.5
,,,,,,,,2504,2198.5,2688.8,9126.8,3205.4,4469.7,4452.6,2725.9,1952.9,2744.1,9744.9,3032.9,1502.7
,,,,,,,,2505,2269.5,2825.3,9532.8,3394.9,4663.3,4631.5,2794.3,2013.9,2821.8,10068.0,3076.7,1551.5
,,,,,,,,2506,2237.9,2777.6,9351.4,3285.8,4496.8,4538.5,2784.5,1977.2,2770.3,10131.1,3055.4,1527.3
,,,,,,,,2507,2132.9,2682.2,9022.2,3220.2,4387.5,4346.9,2663.8,1918.3,2691.0,9548.9,2951.5,1480.3
,,,,,,,,2508,2049.1,2547.9,8555.9,3036.7,4171.4,4200.6,2545.3,1839.5,2509.4,9312.8,2826.3,1403.0
,,,,,,,,2509,1977.2,2450.2,8316.9,2922.7,3979.8,4085.9,2473.0,1796.8,2486.6,8862.5,2764.5,1376.5
,,,,,,,,2510,1951.7,2441.5,8301.6,2934.8,4080.7,4044.0,2442.5,1757.2,2471.4,8980.6,2701.5,1346.0
,,,,,,,,2511,1999.0,2470.2,8455.3,2959.8,4078.2,4048.7,2466.1,1823.3,2468.6,9216.8,2797.7,1403.7
,,,,,,,,2512,2086.1,2580.5,8754.0,3152.0,4313.7,4271.5,2626.7,1874.3,2593.9,9388.9,2888.4,1429.7
,,,,,,,,2513,2188.0,2709.2,9211.9,3280.1,4488.4,4527.2,2707.2,1965.5,2775.1,9917.3,3053.7,1513.6
,,,,,,,,2514,2305.8,2901.2,9776.9,3482.8,4738.6,4755.7,2832.4,2092.4,2852.6,10291.0,3194.3,1604.8
,,,,,,,,2515,2307.5,2895.5,9964.2,3487.3,4833.0,4715.4,2927.2,2073.8,2885.8,10656.4,3208.8,1639.7
,,,,,,,,2516,2318.3,2896.6,9876.6,3406.0,4634.1,4709.8,2844.0,2046.3,2882.9,10315.6,3203.6,1580.7
,,,,,,,,2517,2217.9,2712.1,9206.8,3264.6,4466.7,4537.2,2746.7,1988.3,2731.3,10132.0,3020.4,1518.2
,,,,,,,,2518,2104.0,2563.8,8769.6,3089.0,4323.5,4273.6,2608.4,1890.5,2621.8,9453.2,2931.4,1431.8
,,,,,,,,2519,1994.3,2514.8,8452.2,2976.2,4078.7,4037.1,2467.3,1788.0,2521.3,8965.1,2771.9,1376.9
,,,,,,,,2520,1920.9,2406.0,8355.2,2957.7,3999.2,4041.5,2447.6,1735.7,2452.8,8937.3,2699.2,1349.1
,,,,,,,,2521,1919.7,2400.0,8194.8,2833.1,3909.7,3911.9,2396.4,1734.3,2363.0,8680.7,2624.5,1326.7
,,,,,,,,2522,1783.9,2242.3,7720.3,2659.4,3696.0,3709.1,2248.0,1642.0,2227.2,8153.2,2523.8,1249.7
,,,,,,,,2523,1679.0,2121.6,7293.4,2574.6,3535.6,3528.7,2114.6,1523.1,2158.7,7652.0,2357.8,1177.7
,,,,,,,,2524,1684.9,2089.7,7067.9,2523.5,3419.3,3437.6,2069.7,1500.4,2089.8,7548.5,2344.1,1176.3
,,,,,,,,2525,1769.8,2188.2,7462.4,2640.4,3605.9,3566.4,2159.2,1578.1,2153.0,7924.7,2461.4,1217.1
,,,,,,,,2526,1931.5,2419.7,8121.9,2860.0,3947.9,3960.5,2412.1,1722.5,2407.3,8719.3,2676.0,1352.9
,,,,,,,,2527,2134.5,2686.8,8982.4,3184.5,4410.1,4293.1,2653.5,1912.5,2669.0,9757.5,2985.1,1476.4
,,,,,,,,2528,2290.2,2871.7,9822.2,3400.3,4696.6,4715.5,2847.9,2061.8,2869.3,10532.4,3154.2,1581.2
,,,,,,,,2529,2341.6,2973.8,10103.0,3499.6,4806.4,4845.2,2951.8,2113.9,2964.3,10616.1,3336.0,1661.4
,,,,,,,,2530,2317.4,2922.9,10031.6,3486.6,4824.9,4849.4,2934.6,2077.7,2914.4,10590.9,3233.3,1620.5
,,,,,,,,2531,2240.8,2813.1,9460.9,3332.9,4598.9,4580.9,2841.1,1994.6,2781.9,10250.2,3135.5,1545.0
,,,,,,,,2532,2134.5,2675.0,9196.6,3244.3,4396.9,4438.5,2677.6,1947.9,2657.2,9817.5,2973.7,1501.5
,,,,,,,,2533,2096.2,2582.9,8801.8,3100.8,4315.7,4206.4,2633.4,1846.8,2605.8,9357.4,2869.1,1430.4
,,,,,,,,2534,2099.4,2579.5,8751.6,3111.5,4234.6,4226.4,2622.4,1839.0,2579.3,9290.1,2852.3,1464.8
,,,,,,,,2535,2092.3,2640.5,8976.7,3206.9,4363.0,4375.2,2674.3,1894.0,2609.2,9553.2,2920.3,1474.1
,,,,,,,,2536,2222.3,2750.0,9330.4,3347.1,4514.1,4492.0,2788.6,1958.7,2761.0,9903.9,3039.6,1534.0
,,,,,,,,2537,2299.6,2909.6,9836.4,3478.5,4734.5,4767.9,2884.5,2067.0,2860.9,10492.4,3213.2,1603.4
,,,,,,,,2538,2416.5,3051.2,10413.0,3606.5,4974.3,4901.6,3042.5,2152.5,3016.9,10920.2,3393.9,1694.3
,,,,,,,,2539,2433.1,3107.6,10611.9,3693.4,5117.1,5116.3,3068.3,2224.4,3048.3,11173.9,3417.1,1726.7
,,,,,,,,2540,2449.4,3026.3,10434.4,3619.4,5037.4,4945.2,3019.9,2186.9,2996.2,11096.2,3379.2,1702.4
,,,,,,,,2541,2289.4,2918.4,9736.7,3507.6,4705.4,4739.8,2911.1,2073.4,2894.9,10597.1,3213.2,1620.7
,,,,,,,,2542,2193.2,2784.7,9314.2,3265.4,4472.6,4552.5,2722.0,2001.8,2766.3,9911.1,3104.8,1541.6
,,,,,,,,2543,2079.7,2603.0,8876.3,3163.0,4340.0,4384.6,2602.3,1918.1,2628.1,9606.4,2960.3,1483.4
,,,,,,,,2544,2063.1,2573.6,8677.1,3090.6,4162.8,4210.7,2574.3,1874.2,2567.1,9368.4,2881.5,1440.4
,,,,,,,,2545,1877.8,2371.8,7938.6,2852.0,3827.4,3888.0,2332.6,1691.3,2330.7,8582.5,2623.0,1304.3
,,,,,,,,2546,1761.7,2216.2,7548.6,2654.7,3634.6,3609.7,2227.9,1591.2,2246.3,8141.3,2512.9,1255.0
,,,,,,,,2547,1703.3,2128.3,7219.6,2527.6,3443.2,3441.3,2100.1,1506.4,2082.4,7677.8,2380.5,1174.7
,,,,,,,,2548,1634.2,2061.6,7154.7,2478.1,3376.7,3423.6,2077.5,1488.3,2102.8,7659.5,2290.5,1147.2
,,,,,,,,2549,1748.6,2145.5,7429.8,2615.2,3518.7,3517.8,2170.0,1582.5,2158.4,7993.4,2444.0,1213.5
,,,,,,,,2550,1890.6,2399.0,7987.7,2892.3,3852.5,3872.2,2387.4,1695.2,2352.7,8536.2,2625.4,1319.1
,,,,,,,,2551,2108.6,2620.9,9032.4,3170.8,4276.5,4354.0,2642.6,1922.0,2595.2,9653.4,2972.8,1475.9
,,,,,,,,2552,2264.8,2819.3,9534.5,3381.4,4621.5,4691.1,2875.5,2067.4,2873.2,10235.3,3181.9,1573.4
,,,,,,,,2553,2354.0,2908.4,10113.0,3543.1,4850.9,4820.2,2893.3,2101.2,2968.7,10614.8,3289.9,1624.0
,,,,,,,,2554,2321.5,2892.0,9743.0,3427.4,4769.9,4738.3,2857.0,2068.8,2925.9,10529.3,3256.6,1644.9
,,,,,,,,2555,2200.0,2813.8,9569.0,3375.8,4621.3,4561.1,2777.0,2015.2,2770.8,10196.8,3086.8,1558.6
,,,,,,,,2556,2130.6,2627.5,8934.8,3215.7,4327.0,4355.2,2664.8,1908.6,2622.7,9716.4,2972.3,1464.5
,,,,,,,,2557,2035.6,2604.9,8886.9,3130.0,4292.0,4251.2,2544.4,1854.9,2607.1,9436.2,2877.9,1432.3
,,,,,,,,2558,2057.0,2562.8,8698.4,3073.4,4239.2,4241.8,2536.1,1847.6,2580.1,9434.1,2843.7,1434.9
,,,,,,,,2559,2113.4,2612.2,8909.1,3153.7,4298.5,4307.3,2626.8,1893.2,2593.6,9665.6,2902.2,1448.9
,,,,,,,,2560,2162.5,2717.3,9173.4,3308.1,4424.1,4436.2,2722.6,1950.0,2695.1,10002.7,3061.3,1521.3
,,,,,,,,2561,2293.2,2850.3,9736.0,3469.8,4777.2,4732.9,2896.1,2091.4,2887.5,10584.2,3219.3,1627.1
,,,,,,,,2562,2424.9,3031.7,10132.0,3626.7,4958.0,4897.7,3006.4,2139.1,2982.2,10893.1,3360.7,1669.5
,,,,,,,,2563,2426.9,3047.1,10323.8,3651.1,5038.7,5043.5,3019.3,2180.4,3056.0,11243.1,3404.6,1701.6
,,,,,,,,2564,2413.5,3004.7,10077.1,3591.7,4857.9,4864.3,3024.1,2175.6,3032.2,11030.1,3344.3,1705.0
,,,,,,,,2565,2295.5,2871.1,9675.1,3410.2,4646.5,4715.8,2855.4,2086.0,2840.5,10542.8,3216.7,1591.5
,,,,,,,,2566,2196.5,2746.0,9283.5,3315.4,4523.5,4483.5,2690.4,1941.8,2751.2,9881.0,3084.1,1524.5
,,,,,,,,2567,2070.9,2596.8,8840.5,3133.7,4338.8,4253.6,2626.4,1885.0,2622.0,9528.4,2941.0,1478.6
,,,,,,,,2568,2014.0,2578.9,8596.2,3036.9,4173.8,4190.5,2542.6,1836.0,2534.6,9214.5,2829.7,1438.0
,,,,,,,,2569,1866.6,2363.6,7970.3,2807.2,3838.0,3784.9,2357.6,1706.5,2339.9,8628.6,2661.1,1306.0
,,,,,,,,2570,1752.5,2195.9,7441.4,2650.4,3632.6,3608.2,2188.6,1573.5,2247.1,8120.7,2488.6,1234.3
,,,,,,,,2571,1686.1,2092.7,7232.4,2532.7,3443.0,3470.8,2111.1,1526.9,2104.5,7741.7,2334.0,1190.9
,,,,,,,,2572,1640.5,2032.6,7033.5,2437.9,3342.1,3382.1,2085.6,1460.9,2064.7,7423.4,2322.0,1148.3
,,,,,,,,2573,1726.1,2120.8,7321.2,2617.1,3545.2,3526.0,2126.6,1539.4,2181.3,7771.7,2421.6,1191.9
,,,,,,,,2574,1864.5,2363.1,8093.9,2810.0,3845.3,3897.9,2341.8,1690.2,2374.2,8525.6,2684.1,1319.7
,,,,,,,,2575,2066.8,2625.0,9008.6,3148.7,4254.1,4318.5,2612.7,1904.7,2585.3,9538.4,2937.7,1481.7
,,,,,,,,2576,2230.8,2855.1,9469.5,3355.8,4617.9,4663.1,2783.7,2010.6,2805.5,10349.9,3133.7,1568.7
,,,,,,,,2577,2300.9,2886.8,9860.7,3500.5,4795.8,4712.6,2877.4,2090.3,2952.1,10564.4,3242.1,1654.3
,,,,,,,,2578,2275.8,2874.0,9677.0,3448.2,4664.8,4783.2,2863.4,2060.2,2900.6,10457.2,3195.3,1596.9
,,,,,,,,2579,2197.1,2790.9,9408.4,3349.0,4562.0,4549.1,2758.2,1958.7,2763.8,10109.6,3105.4,1536.5
,,,,,,,,2580,2130.0,2610.3,8855.9,3156.7,4357.6,4341.0,2613.5,1886.9,2631.1,9724.2,2984.0,1462.2
,,,,,,,,2581,2062.6,2579.9,8760.7,3072.1,4259.5,4208.8,2538.4,1841.5,2582.9,9386.8,2871.9,1451.0
,,,,,,,,2582,2020.3,2515.7,8621.7,3058.2,4179.5,4151.8,2525.5,1838.8,2550.0,9236.1,2840.8,1438.9
,,,,,,,,2583,2110.5,2564.3,8882.9,3147.4,4297.6,4206.7,2629.4,1872.6,2603.2,9375.6,2924.9,1456.0
,,,,,,,,2584,2145.4,2677.2,9201.8,3229.2,4391.4,4470.0,2741.0,1943.8,2706.6,9792.5,3001.1,1517.9
,,,,,,,,2585,2274.6,2855.4,9623.1,3473.3,4691.7,4648.2,2849.2,2023.9,2855.3,10488.2,3175.3,1591.1
,,,,,,,,2586,2365.3,2961.3,10250.5,3630.7,4932.7,4909.8,2981.7,2166.2,2976.0,10868.3,3336.6,1682.1
,,,,,,,,2587,2403.1,3042.5,10210.5,3662.2,4977.5,5017.6,2991.3,2188.6,2996.7,10883.8,3363.5,1710.4
,,,,,,,,2588,2365.8,3004.2,10054.8,3533.8,4885.3,4820.9,2990.1,2146.9,2948.9,10925.1,3359.9,1682.8
,,,,,,,,2589,2285.4,2859.4,9593.4,3436.0,4727.3,4674.1,2829.3,2038.7,2810.9,10339.3,3168.9,1600.4
,,,,,,,,2590,2163.3,2689.6,9165.6,3255.6,4436.8,4493.4,2735.4,1930.1,2703.3,9962.7,3075.0,1523.4
,,,,,,,,2591,2075.7,2587.7,8890.1,3092.0,4212.8,4312.6,2597.7,1891.3,2582.8,9458.9,2957.9,1459.0
,,,,,,,,2592,2039.2,2508.7,8673.6,2999.4,4140.3,4111.8,2542.7,1847.2,2515.1,9205.5,2833.4,1407.7
,,,,,,,,2593,1838.9,2332.2,7841.6,2747.9,3817.4,3776.1,2350.2,1654.4,2315.6,8382.7,2630.5,1319.3
,,,,,,,,2594,1778.1,2213.6,7470.3,2649.5,3566.7,3579.0,2219.1,1603.4,2205.4,7905.6,2447.7,1238.1
,,,,,,,,2595,1679.0,2098.6,6996.6,2509.7,3451.1,3371.1,2069.7,1516.1,2052.2,7567.6,2342.0,1178.2
,,,,,,,,2596,1657.4,2025.8,7029.7,2445.8,3302.5,3320.0,2066.4,1476.7,2072.2,7492.5,2291.7,1163.9
,,,,,,,,2597,1702.3,2138.9,7332.7,2602.1,3543.0,3480.4,2149.4,1519.5,2165.0,7686.8,2431.4,1192.9
,,,,,,,,2598,1884.4,2373.4,7985.1,2813.5,3839.2,3848.0,2346.3,1678.4,2371.3,8444.5,2654.5,1305.3
,,,,,,,,2599,2067.8,2561.3,8700.5,3075.0,4306.9,4219.4,2617.0,1866.7,2563.1,9397.4,2949.5,1464.0
,,,,,,,,2600,2219.2,2774.4,9427.4,3376.7,4608.4,4557.7,2818.0,1987.9,2764.2,10172.4,3192.0,1563.2
,,,,,,,,2601,2292.1,2926.5,9824.0,3505.1,4788.6,4722.9,2901.9,2100.2,2879.0,10673.2,3274.8,1605.7
,,,,,,,,2602,2290.2,2886.2,9829.7,3402.0,4631.5,4746.4,2855.2,2042.2,2886.1,10470.8,3208.6,1624.3
,,,,,,,,2603,2188.4,2769.9,9410.3,3326.3,4448.0,4483.6,2724.7,1986.3,2710.5,10096.0,3040.5,1535.7
,,,,,,,,2604,2098.4,2647.4,8887.7,3145.4,4249.2,4306.6,2585.7,1894.4,2594.0,9637.1,2907.4,1472.0
,,,,,,,,2605,2061.2,2520.0,8747.8,3039.5,4201.8,4121.4,2572.4,1813.3,2566.1,9367.7,2854.7,1450.6
,,,,,,,,2606,2020.8,2500.3,8708.8,3038.6,4127.0,4122.5,2556.1,1817.9,2556.0,9340.6,2879.9,1419.5
,,,,,,,,2607,2042.4,2591.5,8740.7,3099.4,4294.2,4268.2,2575.9,1842.1,2585.5,9279.0,2933.6,1441.6
,,,,,,,,2608,2163.7,2707.8,9245.9,3197.2,4439.5,4375.0,2723.3,1921.0,2720.3,9866.5,3009.8,1513.3
,,,,,,,,2609,2291.3,2792.2,9612.5,3356.9,4589.0,4646.4,2794.4,2050.9,2825.4,10403.0,3148.9,1612.9
,,,,,,,,2610,2383.6,2967.8,10079.6,3520.8,4825.2,4839.3,2999.5,2146.2,2928.0,10630.1,3283.8,1646.7
,,,,,,,,2611,2443.6,2985.4,10154.9,3615.5,4969.7,4962.5,3038.0,2136.3,3045.3,11040.3,3435.4,1685.6
,,,,,,,,2612,2340.7,2931.7,10017.8,3512.8,4916.8,4837.4,2987.0,2148.7,3000.2,10839.4,3355.1,1689.6
,,,,,,,,2613,2274.0,2831.3,9774.0,3382.7,4605.3,4659.5,2832.4,2023.4,2798.0,10338.1,3153.5,1578.4
,,,,,,,,2614,2174.1,2687.8,9035.8,3223.6,4425.9,4431.3,2705.4,1941.1,2647.5,9769.8,3003.6,1500.1
,,,,,,,,2615,2044.7,2615.1,8689.9,3073.3,4248.3,4173.1,2551.6,1829.6,2564.5,9498.6,2879.1,1430.5
,,,,,,,,2616,1996.6,2544.7,8666.0,3035.7,4070.9,4106.3,2542.5,1790.0,2493.3,9023.1,2856.3,1400.6
,,,,,,,,2617,1870.4,2318.4,7803.5,2727.4,3749.9,3757.5,2273.0,1681.2,2297.6,8412.8,2637.5,1314.4
,,,,,,,,2618,1745.4,2175.1,7437.8,2611.9,3581.4,3544.1,2211.1,1573.2,2169.4,7896.1,2470.2,1222.8
,,,,,,,,2619,1664.6,2095.9,7026.8,2510.9,3379.7,3368.3,2053.0,1488.6,2062.1,7540.6,2339.4,1159.3
,,,,,,,,2620,1609.0,2032.4,6994.3,2448.9,3281.3,3342.1,2025.9,1438.8,2021.9,7414.2,2281.6,1136.6
,,,,,,,,2621,1688.7,2134.9,7300.9,2541.4,3426.3,3513.7,2116.2,1529.3,2092.9,7663.0,2382.1,1193.5
,,,,,,,,2622,1854.7,2352.3,7942.1,2777.1,3771.6,3845.9,2302.2,1656.9,2341.6,8456.3,2590.9,1295.9
,,,,,,,,2623,2090.2,2606.0,8624.8,3099.6,4234.5,4182.2,2608.9,1839.0,2592.7,9228.6,2932.0,1467.6
,,,,,,,,2624,2232.5,2742.4,9580.8,3374.1,4498.0,4571.0,2756.7,1998.0,2764.0,10030.3,3174.1,1582.6
,,,,,,,,2625,2299.1,2873.8,9711.1,3408.3,4663.4,4746.0,2836.1,2045.8,2881.5,10545.5,3284.5,1621.8
,,,,,,,,2626,2248.8,2869.7,9764.4,3450.3,4633.8,4659.3,2847.1,2020.1,2800.3,10253.4,3226.5,1595.7
,,,,,,,,2627,2181.6,2750.1,9254.6,3306.6,4516.4,4436.8,2682.1,1971.6,2736.0,9791.0,3083.8,1547.2
,,,,,,,,2628,2056.7,2614.2,8720.0,3096.8,4265.8,4198.1,2607.2,1867.5,2610.3,9546.9,2976.8,1475.4
,,,,,,,,2629,2005.1,2553.7,8669.0,3027.9,4127.5,4179.0,2488.1,1814.0,2544.0,9278.7,2871.5,1438.5
,,,,,,,,2630,1983.1,2523.2,8473.2,3042.4,4143.6,4121.9,2502.5,1812.3,2541.6,9140.9,2860.3,1402.1
,,,,,,,,2631,2049.3,2591.8,8667.5,3100.4,4185.3,4179.8,2567.2,1834.9,2548.0,9325.6,2869.7,1456.5
,,,,,,,,2632,2157.7,2667.8,9149.0,3200.8,4396.5,4326.6,2633.7,1895.7,2652.3,9682.9,2980.9,1529.4
,,,,,,,,2633,2234.6,2808.7,9436.9,3401.7,4646.3,4578.7,2834.5,2051.1,2825.5,10290.0,3137.4,1585.7
,,,,,,,,2634,2373.0,2960.4,9931.4,3538.3,4813.3,4818.2,2898.9,2107.2,2892.6,10587.4,3351.3,1660.0
,,,,,,,,2635,2358.8,3028.1,10253.8,3628.1,4924.3,4967.5,2978.2,2158.1,2947.5,10715.1,3375.4,1672.9
,,,,,,,,2636,2339.6,2909.2,9929.5,3493.7,4747.5,4807.8,2911.7,2115.3,2913.9,10564.4,3339.9,1650.1
,,,,,,,,2637,2253.2,2793.6,9636.0,3404.9,4609.6,4626.5,2793.5,2009.3,2794.5,10158.0,3178.2,1600.8
,,,,,,,,2638,2156.5,2639.9,9108.7,3234.3,4383.1,4410.6,2639.3,1890.5,2697.6,9704.1,3038.5,1512.2
,,,,,,,,2639,2034.0,2540.5,8708.8,3071.1,4245.7,4160.9,2556.2,1819.5,2575.3,9252.9,2847.9,1440.2
,,,,,,,,2640,1969.2,2474.0,8359.5,2990.0,4072.6,4095.3,2496.1,1809.2,2482.8,9136.9,2824.1,1421.4
,,,,,,,,2641,1703.8,2153.4,7247.4,2611.7,3527.0,3564.6,2151.7,1550.3,2126.3,7780.7,2464.0,1224.8
,,,,,,,,2642,1652.1,2064.5,6945.2,2434.6,3380.4,3289.1,2027.0,1455.8,2023.3,7318.0,2328.5,1146.9
,,,,,,,,2643,1550.5,1931.9,6506.3,2335.4,3124.1,3156.8,1906.0,1393.2,1943.2,6978.2,2196.7,1103.5
,,,,,,,,2644,1510.8,1872.8,6431.1,2240.9,3096.3,3109.1,1908.5,1354.4,1884.5,6833.3,2168.8,1065.3
,,,,,,,,2645,1594.1,1990.5,6732.7,2383.8,3284.1,3258.5,1986.4,1441.9,1977.7,7204.4,2218.7,1132.2
,,,,,,,,2646,1742.1,2172.0,7306.5,2577.3,3557.3,3521.8,2183.3,1539.4,2169.7,7819.0,2462.8,1215.7
,,,,,,,,2647,1905.8,2436.0,8211.4,2881.4,3922.7,3911.9,2413.0,1708.8,2389.1,8606.7,2729.4,1379.6
,,,,,,,,2648,2079.6,2592.2,8814.1,3079.1,4221.3,4256.1,2596.2,1853.2,2610.4,9502.8,2978.9,1457.0
,,,,,,,,2649,2132.4,2645.2,8985.4,3218.1,4381.5,4394.6,2706.6,1901.7,2656.7,9665.4,2996.1,1539.0
,,,,,,,,2650,2092.2,2628.6,8934.3,3154.6,4389.0,4336.4,2617.7,1897.3,2652.1,9709.1,3021.4,1497.7
,,,,,,,,2651,2005.6,2541.4,8526.3,3085.7,4144.0,4195.5,2513.3,1811.2,2527.0,9105.2,2844.0,1433.1
,,,,,,,,2652,1939.2,2454.3,8128.8,2878.6,3931.2,3920.5,2430.6,1746.7,2420.9,8725.5,2771.4,1354.8
,,,,,,,,2653,1860.1,2328.0,7943.9,2853.4,3823.2,3801.8,2333.3,1690.5,2359.4,8511.7,2636.9,1346.6
,,,,,,,,2654,1857.3,2359.6,7931.5,2846.1,3827.7,3812.1,2326.1,1706.3,2324.5,8624.2,2619.4,1314.6
,,,,,,,,2655,1912.6,2417.3,8071.6,2895.2,3926.2,3892.0,2385.8,1693.8,2376.3,8714.4,2704.5,1345.4
,,,,,,,,2656,2021.0,2480.0,8378.3,2974.2,4033.9,4136.3,2466.7,1764.9,2471.4,9136.0,2851.5,1396.8
,,,,,,,,2657,2125.1,2620.1,8969.3,3189.3,4292.9,4285.7,2628.5,1894.4,2649.7,9491.3,2974.5,1470.8
,,,,,,,,2658,2182.9,2727.0,9263.2,3311.0,4504.5,4486.3,2752.4,1978.1,2745.0,9931.9,3102.5,1566.5
,,,,,,,,2659,2241.2,2807.3,9362.6,3351.0,4563.6,4503.1,2752.4,2002.6,2802.9,10196.9,3143.0,1564.8
,,,,,,,,2660,2184.2,2736.2,9427.8,3287.5,4515.0,4474.0,2776.7,1959.9,2747.4,10106.1,3107.9,1554.9
,,,,,,,,2661,2121.9,2618.1,9023.1,3130.6,4336.9,4347.7,2632.1,1888.7,2585.2,9390.3,3012.5,1487.4
,,,,,,,,2662,1987.8,2516.5,8508.0,2979.6,4030.3,4087.3,2509.7,1785.2,2510.9,8983.0,2827.6,1408.8
,,,,,,,,2663,1917.0,2405.4,8040.0,2887.7,3899.4,3877.8,2406.2,1714.5,2388.3,8707.4,2693.0,1352.8
,,,,,,,,2664,1848.5,2331.8,7950.9,2785.8,3846.2,3825.9,2321.2,1679.8,2338.7,8339.6,2616.8,1320.2
,,,,,,,,2665,1699.3,2119.6,7215.9,2526.5,3497.2,3509.7,2138.2,1534.9,2152.0,7784.6,2454.0,1204.4
,,,,,,,,2666,1603.7,2005.0,6831.0,2405.9,3320.1,3348.2,2026.6,1459.2,2036.8,7425.1,2284.1,1161.0
,,,,,,,,2667,1544.3,1932.8,6508.1,2284.4,3133.7,3132.7,1918.2,1367.3,1895.0,6890.8,2152.6,1090.2
,,,,,,,,2668,1520.5,1866.2,6315.9,2282.3,3028.7,3084.3,1888.9,1365.1,1857.0,6754.6,2148.2,1065.1
,,,,,,,,2669,1555.9,1990.2,6760.4,2344.1,3176.6,3239.5,1943.7,1405.1,1957.6,7212.9,2260.9,1110.8
,,,,,,,,2670,1713.2,2137.1,7399.4,2593.0,3530.8,3566.4,2146.2,1558.3,2139.6,7741.7,2466.2,1218.3
,,,,,,,,2671,1899.4,2405.3,8167.4,2879.2,3858.2,3876.1,2399.4,1703.6,2382.1,8575.6,2690.2,1338.3
,,,,,,,,2672,2035.0,2557.6,8829.5,3070.2,4198.0,4152.9,2557.1,1870.4,2562.2,9335.4,2954.3,1473.7
,,,,,,,,2673,2114.3,2666.3,9015.1,3209.7,4411.9,4390.0,2682.5,1912.2,2649.4,9729.7,2990.4,1503.2
,,,,,,,,2674,2102.0,2660.9,9001.0,3181.4,4245.2,4347.5,2644.3,1898.9,2631.8,9403.3,2974.3,1474.1
,,,,,,,,2675,2040.0,2529.9,8612.5,2989.7,4067.7,4080.4,2475.0,1815.1,2533.1,9082.4,2822.8,1429.8
,,,,,,,,2676,1922.5,2422.2,8061.6,2846.1,3911.0,3888.2,2392.1,1734.3,2414.3,8627.5,2767.1,1371.8
,,,,,,,,2677,1847.2,2312.5,7913.8,2844.3,3793.1,3771.3,2355.8,1676.4,2362.8,8586.7,2627.7,1328.4
,,,,,,,,2678,1840.7,2325.5,7836.9,2822.7,3833.6,3863.0,2356.7,1655.1,2306.2,8383.4,2628.8,1313.9
,,,,,,,,2679,1893.5,2406.2,8010.1,2868.9,3927.2,3869.3,2398.7,1685.4,2362.7,8657.2,2666.1,1358.7
,,,,,,,,2680,2005.5,2465.8,8471.3,2985.8,4026.7,4048.4,2431.6,1760.2,2495.2,9063.6,2828.0,1417.6
,,,,,,,,2681,2057.6,2605.6,8985.3,3138.1,4290.8,4230.3,2561.0,1859.7,2612.0,9538.0,2967.6,1489.9
,,,,,,,,2682,2176.6,2754.7,9308.5,3300.3,4425.1,4385.5,2721.6,1975.5,2729.6,9813.1,3090.0,1560.3
,,,,,,,,2683,2242.1,2785.5,9519.5,3354.8,4504.4,4568.8,2779.4,1961.0,2734.1,9978.9,3183.6,1584.4
,,,,,,,,2684,2198.5,2703.1,9294.8,3245.4,4459.4,4414.9,2721.1,1970.6,2736.2,9869.7,3079.8,1563.6
,,,,,,,,2685,2064.6,2631.9,8794.0,3167.3,4254.3,4217.0,2566.8,1895.0,2572.6,9358.4,2944.3,1479.6
,,,,,,,,2686,1949.8,2438.9,8526.7,2943.7,4011.3,4093.7,2438.7,1767.4,2480.8,9084.5,2833.5,1404.2
,,,,,,,,2687,1895.4,2371.6,8133.8,2872.9,3859.7,3846.0,2335.2,1713.9,2343.8,8487.5,2690.6,1331.0
,,,,,,,,2688,1829.9,2277.7,7814.6,2796.9,3822.8,3797.0,2334.3,1663.6,2307.4,8339.2,2632.1,1300.2
,,,,,,,,2689,1786.4,2245.5,7615.4,2741.7,3715.2,3731.0,2222.6,1629.8,2246.1,8220.9,2535.1,1291.6
,,,,,,,,2690,1732.6,2134.9,7203.1,2554.8,3504.0,3470.3,2144.9,1523.4,2103.9,7699.2,2443.9,1214.0
,,,,,,,,2691,1604.6,2005.9,6970.6,2418.7,3309.3,3326.8,2044.0,1440.5,1999.5,7424.5,2308.8,1152.4
,,,,,,,,2692,1595.4,1998.6,6653.8,2382.0,3265.6,3271.3,1950.3,1439.1,1984.8,7266.7,2275.4,1123.3
,,,,,,,,2693,1641.5,2064.8,7007.7,2519.0,3359.2,3429.3,2048.5,1482.2,2062.2,7624.9,2397.9,1175.2
,,,,,,,,2694,1825.7,2290.3,7712.2,2700.8,3757.6,3689.2,2238.2,1611.9,2281.0,8231.6,2569.1,1305.8
,,,,,,,,2695,2038.6,2535.8,8600.3,3056.8,4065.4,4091.8,2475.3,1832.2,2473.3,9270.5,2850.3,1455.8
,,,,,,,,2696,2152.4,2729.6,9219.5,3252.7,4385.4,4460.4,2709.7,1962.7,2708.0,9954.7,3085.4,1531.9
,,,,,,,,2697,2243.8,2792.3,9632.0,3370.2,4653.6,4556.1,2764.5,2026.7,2790.8,10222.5,3197.2,1590.0
,,,,,,,,2698,2201.0,2807.6,9431.1,3312.1,4475.8,4488.3,2732.6,2016.8,2731.5,10142.8,3157.7,1601.9
,,,,,,,,2699,2106.8,2665.9,9141.9,3154.2,4346.9,4327.7,2620.5,1897.2,2645.6,9613.8,3003.2,1530.0
,,,,,,,,2700,2028.9,2521.6,8570.0,3042.8,4124.7,4204.5,2526.9,1834.7,2528.5,9204.0,2909.7,1456.1
,,,,,,,,2701,1964.3,2492.5,8516.2,2945.3,3989.4,4086.1,2480.1,1751.5,2433.1,8843.2,2796.8,1389.6
,,,,,,,,2702,1981.2,2435.9,8438.6,2965.6,4047.8,4027.5,2431.6,1781.1,2442.8,8887.2,2782.0,1392.5
,,,,,,,,2703,2021.1,2480.6,8633.4,3022.3,4079.9,4107.1,2513.9,1784.5,2484.8,9116.8,2846.0,1450.2
,,,,,,,,2704,2119.2,2634.2,8981.0,3179.0,4228.4,4275.6,2632.2,1900.7,2565.3,9357.0,2987.5,1497.6
,,,,,,,,2705,2223.9,2746.7,9271.4,3309.9,4445.0,4521.1,2706.8,1994.2,2748.6,9875.3,3096.8,1562.7
,,,,,,,,2706,2308.5,2861.6,9898.2,3447.4,4654.0,4631.3,2879.8,2046.7,2896.8,10523.1,3270.2,1627.6
,,,,,,,,2707,2362.6,2959.2,9944.2,3502.8,4805.7,4769.3,2894.3,2104.3,2928.9,10637.5,3347.2,1684.3
,,,,,,,,2708,2279.7,2881.2,9730.2,3427.9,4750.6,4642.8,2900.3,2046.6,2864.7,10488.6,3312.5,1628.1
,,,,,,,,2709,2179.5,2719.1,9458.2,3286.3,4431.9,4448.2,2747.1,1956.2,2712.3,9944.0,3096.0,1562.8
,,,,,,,,2710,2057.9,2575.0,8744.0,3110.6,4289.3,4231.3,2627.6,1880.6,2605.4,9488.0,2993.4,1475.0
,,,,,,,,2711,2000.4,2476.5,8409.0,2966.7,4086.4,4126.0,2460.9,1778.1,2525.1,9157.6,2813.9,1433.0
,,,,,,,,2712,1933.6,2444.4,8209.4,2889.2,3976.2,4047.6,2418.7,1767.2,2460.8,8780.3,2820.5,1387.1
,,,,,,,,2713,1801.6,2211.5,7720.1,2711.6,3608.4,3680.4,2200.8,1600.8,2212.6,8155.7,2587.0,1271.4
,,,,,,,,2714,1713.4,2100.6,7180.4,2572.7,3413.1,3477.3,2080.8,1521.4,2120.7,7799.5,2445.1,1224.1
,,,,,,,,2715,1592.2,1997.8,6812.1,2395.3,3287.5,3320.5,1977.2,1441.3,1992.0,7357.8,2278.2,1153.8
,,,,,,,,2716,1587.4,1961.8,6607.7,2327.5,3226.3,3183.1,1988.9,1427.8,1955.9,7115.9,2264.5,1109.2
,,,,,,,,2717,1663.2,2033.4,7044.6,2485.5,3324.2,3319.3,2058.8,1471.9,2068.2,7381.3,2340.7,1183.8
,,,,,,,,2718,1788.2,2234.4,7624.1,2732.4,3734.4,3706.2,2282.8,1620.4,2228.5,8254.1,2610.2,1283.7
,,,,,,,,2719,1985.8,2522.2,8603.1,2987.9,4090.8,4032.8,2518.3,1770.3,2517.7,9016.5,2876.6,1419.5
,,,,,,,,2720,2133.2,2669.7,9268.0,3248.9,4360.5,4370.9,2684.2,1930.1,2690.2,9881.0,3102.5,1538.0
,,,,,,,,2721,2250.9,2757.4,9476.2,3385.6,4528.5,4603.1,2808.3,1977.1,2817.8,10100.9,3162.2,1592.8
,,,,,,,,2722,2205.1,2790.3,9237.8,3277.5,4555.6,4497.9,2734.2,1992.1,2709.1,9879.0,3158.2,1558.8
,,,,,,,,2723,2110.1,2639.9,9000.0,3189.0,4263.1,4347.6,2620.1,1911.4,2628.5,9609.2,3036.7,1520.8
,,,,,,,,2724,2010.6,2509.8,8447.3,2988.3,4082.9,4125.8,2543.1,1799.9,2540.3,9052.5,2856.1,1430.7
,,,,,,,,2725,1931.3,2453.3,8424.9,2975.4,3987.4,3955.1,2447.5,1734.4,2447.9,8825.9,2809.2,1415.3
,,,,,,,,2726,1968.4,2406.3,8243.3,2910.7,4007.4,3967.7,2413.0,1737.7,2422.5,8817.5,2773.4,1390.0
,,,,,,,,2727,1972.0,2519.6,8350.5,3023.1,4062.2,4010.5,2485.2,1784.0,2454.2,9083.2,2884.5,1442.3
,,,,,,,,2728,2075.4,2616.1,8719.4,3142.3,4240.0,4282.4,2620.1,1860.2,2555.4,9519.1,2944.9,1461.4
,,,,,,,,2729,2208.0,2720.7,9345.9,3253.6,4437.7,4410.8,2734.9,1958.1,2684.8,9990.2,3152.1,1550.9
,,,,,,,,2730,2267.0,2817.2,9683.1,3413.5,4611.1,4631.6,2824.0,2051.9,2862.8,10268.6,3257.7,1651.3
,,,,,,,,2731,2334.6,2924.2,9760.9,3488.5,4717.5,4721.1,2855.0,2080.2,2892.7,10543.0,3327.2,1668.1
,,,,,,,,2732,2248.5,2837.1,9575.1,3439.7,4710.4,4627.9,2861.5,2015.1,2833.6,10266.8,3263.1,1636.5
,,,,,,,,2733,2157.0,2737.5,9265.4,3298.9,4525.7,4503.0,2711.2,1970.0,2748.0,9954.6,3101.7,1550.2
,,,,,,,,2734,2083.8,2594.7,8843.7,3137.9,4222.2,4211.2,2616.4,1836.8,2584.1,9389.5,2943.7,1473.5
,,,,,,,,2735,1975.4,2485.0,8466.6,2974.4,4025.9,4059.1,2450.8,1778.2,2501.9,9033.2,2830.7,1425.7
,,,,,,,,2736,1920.6,2387.9,8208.5,2869.6,3954.3,3915.3,2416.8,1750.2,2424.7,8847.7,2742.2,1382.1
,,,,,,,,2737,1787.9,2221.6,7547.1,2643.9,3582.7,3596.9,2234.1,1600.7,2193.8,8165.0,2560.6,1286.0
,,,,,,,,2738,1691.1,2120.5,7232.8,2518.3,3404.0,3413.7,2086.6,1523.5,2100.4,7538.6,2400.6,1209.8
,,,,,,,,2739,1583.1,2012.1,6766.4,2390.5,3261.1,3244.0,1996.9,1425.5,1979.5,7160.7,2265.7,1156.8
,,,,,,,,2740,1566.7,1979.9,6569.7,2354.9,3230.8,3152.3,1947.0,1419.3,1955.0,7069.4,2219.5,1126.9
,,,,,,,,2741,1614.1,2027.5,6855.3,2468.8,3327.4,3382.8,2040.1,1461.0,2021.5,7331.5,2358.4,1188.4
,,,,,,,,2742,1816.6,2230.4,7583.9,2694.5,3626.6,3681.8,2235.0,1598.4,2200.8,8230.8,2585.5,1288.3
,,,,,,,,2743,2004.7,2507.6,8362.4,2997.4,4035.8,4045.2,2468.0,1768.1,2451.9,8984.1,2834.1,1431.4
,,,,,,,,2744,2120.9,2678.0,9062.2,3190.1,4401.4,4373.4,2672.9,1897.9,2638.8,9667.7,3116.0,1519.5
,,,,,,,,2745,2241.8,2732.7,9395.7,3329.4,4474.7,4509.0,2741.9,1957.7,2728.9,9910.6,3149.0,1590.1
,,,,,,,,2746,2170.7,2762.9,9413.9,3278.2,4480.8,4462.0,2685.2,1933.3,2749.3,9857.7,3087.2,1575.5
,,,,,,,,2747,2119.4,2583.3,8915.0,3138.6,4279.3,4283.0,2628.6,1851.1,2594.4,9440.1,3007.2,1503.1
,,,,,,,,2748,2006.8,2511.9,8556.7,2976.4,4135.9,4031.0,2460.2,1771.6,2483.7,8961.0,2838.0,1419.1
,,,,,,,,2749,1960.3,2409.1,8377.6,2901.8,3913.7,3997.7,2386.5,1732.5,2392.1,8804.9,2785.7,1379.9
,,,,,,,,2750,1944.0,2437.6,8274.6,2930.5,3925.7,3911.1,2428.1,1742.2,2393.3,8807.2,2749.9,1408.4
,,,,,,,,2751,1953.4,2471.3,8367.7,2963.7,3976.1,4048.8,2444.5,1785.2,2455.8,8873.2,2866.6,1409.9
,,,,,,,,2752,2071.6,2609.9,8733.0,3055.9,4234.6,4238.3,2541.6,1868.2,2561.1,9411.3,2924.4,1483.8
,,,,,,,,2753,2136.4,2734.7,9261.3,3251.4,4403.8,4384.7,2693.6,1918.7,2694.5,9778.6,3115.2,1545.6
,,,,,,,,2754,2263.8,2811.0,9568.5,3409.1,4585.3,4689.3,2841.7,2046.3,2813.3,10270.4,3282.5,1631.9
,,,,,,,,2755,2269.5,2895.3,9778.9,3438.0,4747.7,4689.0,2863.6,2061.5,2834.8,10374.3,3267.9,1665.1
,,,,,,,,2756,2257.3,2824.6,9599.9,3379.6,4667.5,4597.5,2806.4,2009.8,2846.7,10357.8,3274.0,1600.8
,,,,,,,,2757,2194.4,2702.4,9218.3,3276.7,4463.0,4432.7,2697.5,1965.4,2663.6,9693.3,3107.8,1551.2
,,,,,,,,2758,2076.0,2547.2,8650.4,3049.0,4192.2,4183.8,2563.4,1870.0,2547.9,9218.2,2981.3,1478.8
,,,,,,,,2759,1970.4,2434.6,8436.6,2924.8,4001.8,4009.4,2489.9,1742.9,2430.9,9037.5,2832.9,1415.8
,,,,,,,,2760,1893.8,2391.4,8246.8,2893.5,3889.6,3938.2,2410.5,1714.1,2426.2,8650.1,2772.1,1394.0
,,,,,,,,2761,1743.6,2226.0,7417.1,2645.4,3599.5,3646.2,2198.2,1578.1,2211.5,7889.0,2553.9,1269.7
,,,,,,,,2762,1671.7,2104.0,7122.7,2478.9,3438.0,3436.2,2082.1,1508.2,2094.3,7671.6,2419.7,1197.6
,,,,,,,,2763,1568.9,1995.0,6810.1,2366.7,3217.8,3188.5,1973.6,1412.4,1988.0,7098.5,2278.8,1147.0
,,,,,,,,2764,1567.1,1951.3,6610.1,2353.0,3134.3,3195.1,1923.6,1369.2,1915.4,6923.4,2241.3,1104.2
,,,,,,,,2765,1639.7,2036.0,6875.5,2456.3,3350.5,3323.5,2001.6,1466.0,2017.3,7345.4,2331.8,1177.1
,,,,,,,,2766,1797.5,2201.5,7468.4,2672.4,3610.1,3669.4,2244.9,1597.5,2234.7,8174.7,2586.8,1278.0
,,,,,,,,2767,1958.6,2472.1,8269.6,2948.6,4046.9,4035.4,2442.1,1760.1,2476.7,8816.1,2844.8,1410.2
,,,,,,,,2768,2141.6,2654.2,9037.8,3229.8,4346.1,4337.4,2647.3,1878.4,2635.9,9692.9,3087.0,1546.0
,,,,,,,,2769,2170.1,2757.6,9291.3,3329.6,4415.3,4465.2,2700.8,1994.3,2737.5,9895.1,3193.0,1596.7
,,,,,,,,2770,2142.7,2685.5,9285.0,3244.1,4360.6,4362.9,2722.8,1950.4,2731.0,9838.3,3120.8,1545.2
,,,,,,,,2771,2063.1,2626.3,8826.5,3150.6,4257.2,4271.3,2559.8,1869.9,2617.3,9538.8,3008.2,1492.2
,,,,,,,,2772,2001.7,2504.5,8567.1,2947.8,4036.4,4110.8,2506.9,1802.6,2493.7,8914.0,2850.0,1447.2
,,,,,,,,2773,1947.3,2398.4,8092.4,2859.1,3948.3,3940.1,2368.9,1723.0,2390.3,8647.2,2755.0,1378.6
,,,,,,,,2774,1902.3,2373.0,8194.2,2898.1,3864.1,3974.3,2425.7,1731.7,2420.0,8578.9,2798.6,1386.9
,,,,,,,,2775,1940.0,2482.1,8272.8,2907.1,3944.4,3957.2,2450.9,1746.3,2449.1,8750.8,2839.3,1412.9
,,,,,,,,2776,2057.9,2537.3,8682.5,3077.9,4140.4,4214.5,2513.5,1813.7,2519.9,9256.3,2918.0,1481.1
,,,,,,,,2777,2170.9,2726.5,9262.5,3198.6,4447.3,4337.9,2650.6,1901.2,2688.2,9782.7,3084.2,1561.2
,,,,,,,,2778,2225.5,2775.9,9419.0,3358.5,4547.5,4536.4,2776.9,1991.7,2834.8,10273.4,3186.7,1592.1
,,,,,,,,2779,2254.2,2865.9,9657.1,3402.4,4648.5,4685.4,2871.6,2070.1,2867.7,10472.0,3278.2,1635.6
,,,,,,,,2780,2219.7,2841.3,9521.0,3412.0,4601.1,4591.2,2761.0,1985.6,2756.5,10296.9,3216.1,1601.4
,,,,,,,,2781,2166.3,2681.8,9137.4,3268.8,4327.3,4402.4,2707.6,1913.0,2638.9,9669.0,3112.6,1531.7
,,,,,,,,2782,2022.7,2517.1,8784.7,3053.1,4176.4,4176.7,2519.0,1835.7,2523.7,9150.2,2911.7,1484.3
,,,,,,,,2783,1985.6,2481.1,8297.0,2892.2,4023.8,4021.9,2470.0,1750.7,2404.7,8978.0,2809.1,1411.1
,,,,,,,,2784,1927.2,2375.5,8141.8,2902.9,3844.1,3918.5,2342.9,1723.1,2403.5,8537.1,2702.7,1379.3
,,,,,,,,2785,1762.1,2169.8,7466.5,2649.3,3600.6,3620.8,2193.6,1590.9,2185.0,7966.1,2500.5,1252.2
,,,,,,,,2786,1639.3,2055.9,6971.4,2513.0,3402.2,3369.0,2075.0,1499.1,2036.2,7510.7,2411.5,1182.4
,,,,,,,,2787,1578.5,1946.8,6614.3,2383.5,3156.9,3176.3,1969.2,1397.4,1921.9,7063.4,2270.2,1146.0
,,,,,,,,2788,1562.3,1947.0,6514.6,2342.0,3171.3,3126.1,1912.5,1386.7,1919.6,7031.1,2224.2,1107.3
,,,,,,,,2789,1589.1,1985.8,6814.1,2421.3,3271.0,3323.9,1981.2,1458.8,1981.4,7214.7,2301.8,1148.1
,,,,,,,,2790,1752.7,2209.6,7589.1,2678.6,3554.3,3562.2,2172.9,1567.9,2202.6,7911.1,2530.5,1285.1
,,,,,,,,2791,1980.2,2444.4,8280.7,2909.6,3977.6,3977.9,2446.4,1723.9,2408.2,8718.7,2849.0,1412.8
,,,,,,,,2792,2128.3,2614.8,8841.8,3130.1,4340.6,4313.2,2630.4,1912.2,2613.4,9613.1,3026.5,1539.1
,,,,,,,,2793,2211.1,2733.5,9276.9,3260.1,4479.5,4388.5,2739.7,1937.5,2744.1,9796.2,3188.0,1558.0
,,,,,,,,2794,2153.3,2656.9,9179.7,3252.6,4378.0,4371.7,2675.0,1928.5,2638.2,9748.2,3096.2,1572.0
,,,,,,,,2795,2057.2,2571.9,8864.9,3138.1,4190.0,4222.8,2534.9,1842.0,2552.0,9340.8,2944.6,1468.3
,,,,,,,,2796,1962.8,2445.5,8427.5,2915.7,3994.2,3997.3,2430.8,1783.5,2452.5,8885.8,2820.9,1409.5
,,,,,,,,2797,1905.3,2422.2,8094.7,2848.0,3904.1,3916.3,2396.3,1702.1,2392.4,8609.3,2784.1,1376.7
,,,,,,,,2798,1904.3,2399.6,8046.7,2899.2,3899.9,3855.1,2359.6,1691.6,2357.1,8674.1,2717.9,1359.9
,,,,,,,,2799,1955.9,2413.3,8288.6,2950.0,3945.9,3977.1,2440.0,1762.1,2442.5,8903.9,2798.3,1413.3
,,,,,,,,2800,2025.8,2543.6,8564.6,3040.7,4122.9,4097.5,2554.2,1834.1,2510.8,9057.6,2951.6,1451.4
,,,,,,,,2801,2149.5,2692.3,9196.7,3175.9,4378.6,4380.9,2645.1,1935.5,2656.4,9570.6,3094.1,1555.9
,,,,,,,,2802,2228.4,2788.7,9427.6,3297.8,4610.3,4537.5,2797.6,1976.1,2733.4,10169.9,3205.4,1593.1
,,,,,,,,2803,2298.8,2875.4,9657.5,3377.0,4688.2,4640.5,2856.2,2043.7,2841.1,10285.2,3298.4,1659.5
,,,,,,,,2804,2257.5,2798.1,9523.5,3388.3,4502.9,4552.2,2739.1,1994.6,2745.3,10051.4,3185.9,1586.4
,,,,,,,,2805,2139.6,2628.6,9151.5,3158.3,4320.9,4326.2,2671.8,1935.0,2690.4,9623.2,3045.0,1553.0
,,,,,,,,2806,2010.6,2568.3,8504.4,3039.6,4108.9,4116.7,2548.2,1803.4,2532.8,9053.3,2928.5,1474.4
,,,,,,,,2807,1937.5,2450.6,8197.5,2939.5,3966.8,3988.6,2433.7,1727.5,2413.9,8740.2,2767.1,1414.9
,,,,,,,,2808,1899.5,2387.7,8000.9,2880.9,3905.8,3802.7,2360.7,1703.9,2365.1,8491.5,2731.7,1358.0
,,,,,,,,2809,1645.9,2036.1,6862.8,2481.6,3335.8,3333.8,2022.4,1441.2,2018.2,7460.9,2353.8,1164.9
,,,,,,,,2810,1548.7,1935.7,6520.3,2307.6,3116.2,3109.6,1931.6,1388.6,1943.8,7022.3,2222.4,1110.2
,,,,,,,,2811,1475.1,1829.2,6279.7,2221.6,3018.7,3002.6,1835.6,1294.7,1841.1,6517.8,2129.6,1053.4
,,,,,,,,2812,1439.5,1804.7,6170.5,2148.1,2897.2,2885.5,1792.5,1287.3,1792.7,6524.2,2103.0,1046.0
,,,,,,,,2813,1482.5,1880.2,6448.1,2267.4,3068.8,3044.7,1849.0,1354.4,1851.7,6694.1,2150.0,1087.0
,,,,,,,,2814,1622.4,2034.8,7102.4,2492.2,3306.4,3367.7,2048.6,1479.5,2058.1,7356.9,2359.2,1174.3
,,,,,,,,2815,1834.3,2258.2,7798.2,2774.8,3696.6,3758.7,2252.7,1607.2,2242.5,8169.5,2661.4,1304.3
,,,,,,,,2816,1948.4,2480.2,8385.5,2917.7,4045.8,3999.4,2434.6,1740.9,2471.8,8916.0,2862.1,1418.8
,,,,,,,,2817,2039.3,2557.7,8574.0,3069.6,4160.1,4138.4,2535.7,1833.3,2534.5,9085.3,2936.8,1478.2
,,,,,,,,2818,1988.6,2500.5,8445.9,3028.2,4029.9,4095.1,2518.9,1769.4,2500.9,9037.1,2932.8,1432.9
,,,,,,,,2819,1903.4,2375.1,8139.9,2872.3,3978.6,3883.4,2416.0,1733.3,2378.4,8690.8,2781.6,1386.7
,,,,,,,,2820,1851.1,2314.1,7738.3,2792.3,3761.7,3799.7,2278.5,1633.6,2283.9,8352.7,2686.3,1322.0
,,,,,,,,2821,1799.0,2265.0,7527.3,2699.2,3687.9,3618.6,2203.2,1607.0,2219.9,8167.6,2553.4,1303.0
,,,,,,,,2822,1783.8,2221.3,7589.8,2688.2,3632.9,3680.4,2210.7,1613.5,2232.5,8153.2,2538.1,1273.7
,,,,,,,,2823,1810.0,2269.1,7685.6,2693.7,3721.6,3720.6,2240.8,1621.5,2264.7,8198.5,2592.3,1303.0
,,,,,,,,2824,1890.8,2377.8,8090.2,2816.2,3859.5,3875.2,2331.1,1668.0,2344.6,8577.3,2718.0,1372.1
,,,,,,,,2825,1988.3,2485.2,8519.1,3004.4,4096.0,4052.6,2501.3,1769.8,2482.9,9088.2,2906.8,1459.1
,,,,,,,,2826,2096.9,2614.7,8783.6,3112.1,4300.9,4274.9,2577.4,1871.2,2587.8,9468.4,2980.5,1518.7
,,,,,,,,2827,2096.8,2645.4,8978.2,3136.4,4348.0,4350.7,2663.5,1896.9,2652.5,9595.1,3083.3,1521.8
,,,,,,,,2828,2067.8,2561.4,8895.0,3119.0,4253.0,4286.4,2566.4,1869.0,2584.6,9355.8,2990.5,1505.3
,,,,,,,,2829,2017.7,2451.4,8517.6,3023.0,4003.8,3995.9,2504.9,1779.5,2482.6,8869.5,2875.7,1460.0
,,,,,,,,2830,1864.9,2359.2,7945.3,2857.1,3902.3,3835.1,2328.7,1678.1,2313.4,8515.5,2696.6,1356.0
,,,,,,,,2831,1821.2,2235.2,7762.1,2736.3,3700.0,3670.0,2274.5,1627.4,2228.5,8108.3,2635.2,1302.2
,,,,,,,,2832,1755.7,2224.2,7556.5,2663.8,3650.3,3629.3,2165.0,1569.4,2161.5,8063.7,2592.5,1271.9
,,,,,,,,2833,1619.4,2053.5,6789.5,2428.7,3263.4,3295.6,2035.7,1441.1,2042.5,7401.5,2360.3,1191.9
,,,,,,,,2834,1526.8,1946.4,6591.6,2310.4,3137.2,3128.3,1919.2,1378.8,1888.7,7035.9,2242.7,1104.8
,,,,,,,,2835,1464.8,1797.2,6162.9,2176.2,2963.5,2946.1,1828.1,1290.4,1786.1,6597.5,2112.2,1044.3
,,,,,,,,2836,1423.5,1779.9,6058.5,2142.1,2910.2,2869.3,1794.8,1289.1,1778.2,6371.7,2041.5,1040.6
,,,,,,,,2837,1480.9,1889.5,6247.3,2268.1,3036.0,3019.1,1823.1,1323.1,1839.8,6795.3,2141.8,1069.0
,,,,,,,,2838,1656.9,2069.2,6875.2,2469.0,3339.4,3337.9,2010.4,1478.8,2057.6,7463.6,2355.2,1184.8
,,,,,,,,2839,1787.0,2255.0,7572.9,2706.6,3696.6,3640.1,2247.3,1594.1,2222.5,8080.3,2591.6,1324.0
,,,,,,,,2840,1960.6,2446.8,8332.0,2934.6,3983.3,4018.4,2430.1,1760.7,2443.0,8730.6,2852.5,1418.7
,,,,,,,,2841,1996.7,2500.2,8639.0,3053.6,4076.2,4125.7,2484.3,1801.4,2495.8,8992.4,2892.2,1444.6
,,,,,,,,2842,1978.7,2489.3,8562.3,3019.0,4097.5,4112.6,2452.9,1779.0,2464.9,9134.0,2906.0,1461.1
,,,,,,,,2843,1933.4,2413.8,8102.6,2828.7,3890.1,3899.4,2403.0,1689.0,2356.3,8643.8,2731.4,1398.4
,,,,,,,,2844,1799.7,2267.0,7645.5,2723.5,3712.5,3673.5,2235.5,1648.9,2273.0,8188.7,2649.6,1313.1
,,,,,,,,2845,1790.0,2200.4,7631.5,2698.5,3658.6,3636.6,2171.0,1607.8,2174.9,8007.3,2582.1,1295.1
,,,,,,,,2846,1789.8,2215.2,7468.2,2634.5,3621.6,3587.4,2211.3,1592.4,2207.1,7898.4,2570.9,1294.5
,,,,,,,,2847,1795.2,2245.3,7722.2,2697.1,3705.6,3709.4,2260.0,1605.1,2222.8,8117.5,2606.6,1294.6
,,,,,,,,2848,1887.2,2334.5,7959.9,2777.3,3858.9,3802.9,2347.8,1695.8,2302.6,8359.8,2743.0,1352.3
,,,,,,,,2849,1947.1,2437.8,8299.4,2962.1,4011.6,3971.7,2462.0,1769.8,2466.0,8962.9,2892.4,1436.3
,,,,,,,,2850,2045.1,2550.5,8755.8,3129.9,4150.7,4174.4,2556.3,1847.4,2585.0,9385.6,3012.6,1499.9
,,,,,,,,2851,2082.1,2602.5,8987.8,3141.9,4225.8,4290.4,2615.7,1883.5,2646.2,9495.2,3094.9,1546.8
,,,,,,,,2852,2086.4,2593.8,8773.7,3110.9,4162.7,4224.6,2578.9,1819.9,2563.2,9295.4,3028.2,1521.0
,,,,,,,,2853,1979.9,2432.4,8520.0,2947.7,3991.9,4023.6,2432.3,1776.4,2449.2,8972.3,2841.8,1416.3
,,,,,,,,2854,1867.4,2330.9,7866.4,2854.4,3873.4,3774.9,2300.7,1688.9,2333.3,8349.5,2696.0,1368.0
,,,,,,,,2855,1774.9,2255.5,7544.4,2727.1,3636.8,3672.6,2260.1,1628.0,2232.7,8240.6,2600.2,1303.7
,,,,,,,,2856,1769.3,2177.8,7511.4,2632.8,3617.6,3548.7,2176.4,1577.1,2191.4,7997.0,2574.6,1266.1
,,,,,,,,2857,1690.5,2139.2,7341.4,2597.5,3438.9,3532.2,2115.5,1531.2,2111.5,7799.1,2496.0,1251.7
,,,,,,,,2858,1608.2,2030.7,6888.8,2446.7,3331.5,3324.6,2036.0,1445.5,2027.6,7351.8,2344.9,1162.7
,,,,,,,,2859,1533.6,1936.4,6580.3,2303.0,3120.5,3108.9,1918.5,1365.7,1901.3,6865.8,2199.9,1110.7
,,,,,,,,2860,1524.9,1894.9,6363.9,2286.6,3067.8,3047.7,1871.8,1330.2,1852.5,6839.0,2189.8,1098.9
,,,,,,,,2861,1578.0,1940.6,6722.3,2356.7,3210.1,3209.8,1937.9,1392.1,1939.9,7042.5,2303.1,1129.5
,,,,,,,,2862,1702.8,2184.5,7267.4,2564.7,3507.4,3492.6,2112.2,1552.8,2140.6,7721.0,2509.7,1239.9
,,,,,,,,2863,1911.7,2371.5,8016.3,2838.3,3835.0,3858.7,2338.3,1695.1,2400.8,8568.3,2769.3,1391.4
,,,,,,,,2864,2062.3,2555.3,8849.1,3130.8,4173.6,4239.1,2565.0,1822.8,2554.1,9417.4,3019.5,1515.4
,,,,,,,,2865,2137.7,2655.2,9034.5,3219.4,4326.0,4326.2,2624.6,1897.5,2663.4,9679.7,3057.8,1567.6
,,,,,,,,2866,2073.3,2664.4,8913.9,3121.9,4243.6,4331.4,2600.2,1869.3,2615.0,9374.4,3040.6,1514.3
,,,,,,,,2867,2010.1,2520.4,8535.6,3020.2,4047.7,4084.6,2504.5,1814.8,2514.9,9044.4,2909.3,1464.8
,,,,,,,,2868,1928.6,2432.8,8146.2,2852.5,3930.6,3906.7,2383.2,1724.6,2397.6,8590.6,2835.5,1411.2
,,,,,,,,2869,1881.4,2316.8,7866.3,2774.4,3832.9,3761.4,2327.8,1685.3,2302.5,8429.0,2751.2,1349.6
,,,,,,,,2870,1861.2,2298.9,7910.9,2781.2,3829.0,3843.6,2298.5,1646.8,2344.0,8384.2,2735.0,1354.3
,,,,,,,,2871,1911.3,2341.6,8095.5,2825.7,3911.7,3879.0,2341.9,1676.2,2373.4,8561.8,2762.5,1370.1
,,,,,,,,2872,1984.8,2458.3,8351.5,3006.0,4083.7,4067.2,2458.5,1795.0,2478.7,9079.8,2928.6,1428.0
,,,,,,,,2873,2059.2,2618.9,8866.4,3159.4,4214.8,4290.5,2565.0,1856.3,2612.9,9537.7,3031.3,1502.0
,,,,,,,,2874,2208.5,2713.1,9135.8,3276.8,4493.2,4474.8,2708.3,1933.7,2674.8,9722.0,3159.2,1571.3
,,,,,,,,2875,2220.4,2731.1,9424.3,3287.8,4503.0,4471.5,2755.4,1993.8,2723.6,10072.2,3229.6,1635.7
,,,,,,,,2876,2203.7,2751.1,9228.0,3288.0,4383.4,4426.2,2724.5,1951.6,2667.0,9814.5,3164.9,1602.9
,,,,,,,,2877,2060.3,2622.0,8744.2,3127.9,4307.1,4219.9,2563.5,1846.9,2586.1,9350.6,2995.9,1507.5
,,,,,,,,2878,1975.8,2480.0,8297.3,2954.4,4078.6,4074.0,2488.9,1765.1,2473.1,8836.6,2870.4,1442.7
,,,,,,,,2879,1915.2,2362.3,8166.0,2828.9,3840.4,3886.3,2382.5,1702.3,2350.4,8681.4,2783.7,1398.2
,,,,,,,,2880,1827.6,2314.7,7764.3,2785.5,3800.2,3745.5,2327.3,1642.0,2309.1,8302.6,2695.8,1347.1
,,,,,,,,2881,1712.1,2094.1,7283.2,2545.8,3485.9,3402.9,2132.8,1538.2,2116.0,7551.8,2519.0,1230.5
,,,,,,,,2882,1588.2,1983.8,6864.0,2423.0,3250.1,3296.9,1976.6,1428.1,2013.8,7350.4,2384.3,1175.0
,,,,,,,,2883,1515.9,1873.5,6466.3,2281.5,3053.3,3072.0,1868.8,1344.9,1885.2,6878.6,2201.0,1122.2
,,,,,,,,2884,1514.5,1858.8,6387.1,2230.0,3042.6,3037.3,1870.8,1314.8,1845.2,6711.9,2190.7,1104.2
,,,,,,,,2885,1582.8,1955.7,6707.5,2312.7,3205.9,3155.4,1924.6,1406.2,1920.1,6990.7,2298.1,1124.3
,,,,,,,,2886,1703.4,2109.8,7357.6,2530.9,3444.8,3447.7,2095.7,1519.0,2146.5,7704.0,2465.1,1266.4
,,,,,,,,2887,1903.6,2393.7,8097.4,2824.4,3896.3,3819.3,2356.0,1714.1,2331.3,8519.8,2750.2,1374.4
,,,,,,,,2888,2017.0,2588.6,8773.8,3027.1,4203.8,4186.4,2573.8,1808.5,2536.1,9289.7,2996.3,1494.6
,,,,,,,,2889,2110.8,2618.8,8951.4,3186.3,4275.8,4362.7,2611.2,1880.3,2630.4,9566.2,3101.1,1556.6
,,,,,,,,2890,2086.0,2606.8,8971.0,3170.5,4197.5,4260.2,2594.2,1870.0,2557.6,9416.9,3045.9,1547.0
,,,,,,,,2891,1995.5,2508.7,8613.5,3024.2,4107.9,4007.2,2515.8,1779.1,2492.6,9024.5,2936.5,1469.4
,,,,,,,,2892,1930.3,2357.9,8188.7,2831.0,3876.9,3848.5,2380.2,1688.8,2405.1,8731.7,2769.1,1386.9
,,,,,,,,2893,1877.9,2325.2,7796.4,2745.2,3746.5,3740.5,2325.8,1647.6,2329.8,8341.2,2703.5,1374.5
,,,,,,,,2894,1863.2,2292.7,7876.1,2749.6,3707.4,3800.3,2276.7,1630.1,2314.4,8235.7,2718.7,1343.0
,,,,,,,,2895,1901.3,2355.5,7976.1,2801.7,3867.0,3867.9,2343.6,1708.9,2317.0,8594.1,2781.0,1379.1
,,,,,,,,2896,1967.9,2480.3,8352.3,2910.2,3975.2,4034.6,2434.3,1774.1,2403.5,8838.7,2840.3,1443.9
,,,,,,,,2897,2060.3,2588.5,8805.3,3102.4,4246.9,4238.4,2541.9,1843.6,2556.4,9266.6,3025.9,1492.5
,,,,,,,,2898,2169.7,2692.7,9264.4,3199.4,4362.1,4363.2,2641.8,1943.9,2701.2,9819.7,3189.2,1570.2
,,,,,,,,2899,2183.6,2775.6,9487.4,3330.0,4510.3,4426.0,2741.1,1961.7,2720.3,9919.2,3222.2,1612.5
,,,,,,,,2900,2158.5,2673.7,9183.9,3198.4,4437.0,4343.2,2713.1,1950.1,2661.2,9642.5,3138.9,1582.6
,,,,,,,,2901,2099.4,2576.9,8760.7,3102.5,4159.8,4196.8,2583.1,1822.1,2583.7,9247.7,3069.8,1493.6
,,,,,,,,2902,1983.4,2439.7,8233.7,2963.0,3940.1,3983.3,2439.2,1752.3,2438.5,8744.2,2900.5,1429.2
,,,,,,,,2903,1868.5,2376.0,8098.8,2830.0,3839.3,3837.8,2334.7,1696.3,2310.1,8559.7,2748.3,1389.6
,,,,,,,,2904,1852.3,2284.5,7861.0,2763.3,3678.8,3756.9,2247.1,1617.5,2258.4,8367.8,2670.1,1323.4
,,,,,,,,2905,1684.0,2091.8,7152.7,2538.8,3469.9,3395.7,2102.5,1492.5,2060.5,7679.0,2476.1,1225.4
,,,,,,,,2906,1572.5,1963.5,6743.4,2411.8,3227.4,3214.6,1959.1,1419.2,1994.6,7300.4,2307.2,1164.0
,,,,,,,,2907,1530.8,1881.3,6365.7,2262.5,3073.6,3051.5,1860.5,1356.6,1871.7,6817.4,2198.2,1093.7
,,,,,,,,2908,1490.8,1867.9,6322.0,2235.1,2976.3,3009.1,1855.9,1338.3,1843.1,6707.2,2198.8,1070.1
,,,,,,,,2909,1554.1,1925.7,6561.0,2310.9,3113.7,3127.3,1947.0,1371.8,1938.2,6979.1,2270.7,1148.0
,,,,,,,,2910,1709.3,2123.2,7264.8,2567.1,3420.9,3438.6,2113.4,1509.7,2127.8,7591.0,2472.4,1261.6
,,,,,,,,2911,1890.5,2382.6,7954.6,2861.8,3833.8,3817.2,2357.6,1701.4,2358.2,8501.1,2766.9,1383.5
,,,,,,,,2912,2038.2,2505.3,8729.3,3065.6,4093.8,4082.0,2516.2,1795.8,2511.1,9122.1,2943.0,1478.6
,,,,,,,,2913,2076.9,2652.1,8925.9,3185.4,4216.4,4310.3,2603.0,1862.8,2588.7,9594.9,3032.0,1516.9
,,,,,,,,2914,2059.0,2567.2,8887.0,3097.3,4162.6,4226.8,2533.6,1841.1,2564.5,9277.1,3041.9,1523.5
,,,,,,,,2915,1973.5,2490.2,8446.8,2954.6,4053.1,4035.6,2438.4,1775.1,2494.3,8840.6,2908.4,1455.7
,,,,,,,,2916,1880.1,2387.7,8097.4,2845.6,3822.4,3879.7,2365.5,1697.9,2363.9,8667.4,2807.6,1381.6
,,,,,,,,2917,1844.8,2283.0,7719.4,2772.2,3802.0,3789.7,2312.7,1644.7,2316.9,8291.4,2700.1,1339.5
,,,,,,,,2918,1840.9,2309.0,7864.2,2745.9,3712.1,3773.6,2241.3,1647.4,2242.6,8281.4,2705.8,1347.2
,,,,,,,,2919,1862.0,2342.5,7992.2,2840.0,3804.4,3751.7,2339.8,1656.3,2316.1,8344.1,2751.3,1377.4
,,,,,,,,2920,1968.2,2427.8,8164.0,2938.9,3974.5,3966.4,2444.9,1733.2,2419.6,8723.5,2866.7,1435.4
,,,,,,,,2921,2046.8,2602.9,8738.5,3050.3,4197.3,4125.2,2520.6,1858.4,2559.9,9280.8,3038.9,1492.6
,,,,,,,,2922,2168.8,2701.1,8998.5,3226.5,4384.5,4295.9,2685.6,1917.0,2639.5,9638.5,3184.6,1580.5
,,,,,,,,2923,2152.2,2729.2,9324.8,3308.9,4469.7,4438.8,2745.1,1937.0,2728.8,9874.9,3223.0,1605.3
,,,,,,,,2924,2123.9,2642.1,9077.4,3170.4,4322.6,4330.1,2619.8,1929.2,2682.8,9538.8,3175.7,1571.9
,,,,,,,,2925,2067.5,2546.0,8639.4,3060.0,4216.5,4132.9,2554.4,1836.6,2518.3,9392.3,2973.4,1516.3
,,,,,,,,2926,1966.4,2459.3,8167.0,2946.6,3924.7,3952.7,2403.5,1748.8,2435.9,8771.1,2844.8,1432.6
,,,,,,,,2927,1885.5,2355.7,8032.8,2816.5,3794.7,3748.0,2299.4,1675.5,2346.9,8359.6,2716.3,1350.1
,,,,,,,,2928,1838.5,2278.2,7630.7,2722.2,3734.1,3735.3,2260.8,1605.0,2273.2,8330.1,2675.3,1341.9
,,,,,,,,2929,1680.0,2066.8,7053.6,2490.8,3375.7,3442.2,2053.8,1482.6,2056.2,7493.6,2484.8,1215.9
,,,,,,,,2930,1572.5,1983.6,6632.8,2359.4,3213.2,3208.5,1932.5,1407.9,1961.6,7069.5,2319.3,1176.4
,,,,,,,,2931,1492.3,1855.1,6437.5,2256.2,3047.0,3016.7,1843.8,1322.8,1853.4,6822.6,2223.9,1100.5
,,,,,,,,2932,1459.3,1815.2,6317.8,2173.7,2944.6,2942.7,1841.4,1300.3,1841.0,6670.7,2148.5,1069.1
,,,,,,,,2933,1514.2,1940.0,6561.6,2303.1,3121.5,3144.3,1925.6,1384.6,1897.2,6994.2,2254.8,1135.8
,,,,,,,,2934,1661.1,2075.3,7104.2,2549.3,3469.7,3435.0,2060.1,1494.9,2095.7,7534.1,2466.0,1232.8
,,,,,,,,2935,1891.2,2312.7,8016.2,2764.1,3825.8,3777.2,2275.9,1669.8,2313.5,8459.1,2778.1,1379.6
,,,,,,,,2936,2024.4,2522.6,8543.3,3033.5,4142.9,4049.2,2495.2,1807.3,2513.5,9060.7,2946.4,1477.4
,,,,,,,,2937,2097.8,2588.0,8786.9,3153.8,4259.1,4168.3,2565.1,1871.0,2614.7,9424.2,3071.5,1547.8
,,,,,,,,2938,2027.7,2545.1,8782.5,3097.9,4119.2,4182.3,2552.4,1815.9,2522.1,9264.8,3019.6,1522.8
,,,,,,,,2939,1986.1,2436.8,8449.0,2942.9,4008.2,4006.4,2428.4,1749.6,2408.1,8847.2,2912.3,1450.0
,,,,,,,,2940,1879.9,2336.6,7993.1,2802.2,3826.3,3786.5,2362.9,1659.4,2358.9,8382.0,2796.0,1381.3
,,,,,,,,2941,1841.7,2288.2,7820.6,2726.9,3710.1,3711.9,2237.3,1611.0,2236.2,8165.0,2701.8,1330.9
,,,,,,,,2942,1846.8,2278.0,7634.5,2725.2,3681.8,3743.9,2235.4,1623.8,2236.2,8122.0,2717.6,1327.6
,,,,,,,,2943,1879.3,2319.0,8011.2,2781.4,3780.0,3799.1,2323.5,1635.7,2311.8,8481.3,2744.1,1363.2
,,,,,,,,2944,1956.1,2391.7,8226.4,2886.8,3924.2,3957.6,2414.2,1701.5,2388.0,8847.7,2812.9,1407.1
,,,,,,,,2945,2030.4,2567.3,8613.1,3074.4,4092.0,4180.4,2523.0,1806.6,2535.8,9114.8,2994.5,1521.4
,,,,,,,,2946,2144.6,2641.6,9064.5,3233.8,4280.7,4273.0,2598.4,1917.9,2610.9,9736.6,3157.0,1553.1
,,,,,,,,2947,2186.3,2673.5,9302.2,3206.7,4369.1,4377.0,2649.5,1945.3,2659.8,9629.8,3211.3,1578.8
,,,,,,,,2948,2142.8,2642.6,9150.1,3229.5,4334.2,4361.4,2616.1,1881.6,2650.1,9711.8,3121.3,1555.9
,,,,,,,,2949,2057.4,2516.1,8659.9,3095.7,4094.1,4106.7,2534.0,1792.8,2541.2,9156.8,2966.2,1478.5
,,,,,,,,2950,1912.6,2448.3,8336.6,2867.0,3905.8,3924.4,2399.3,1735.2,2424.3,8710.3,2813.7,1421.4
,,,,,,,,2951,1834.2,2332.3,7931.5,2814.6,3754.4,3817.4,2283.2,1677.1,2294.3,8303.6,2737.6,1345.5
,,,,,,,,2952,1801.4,2258.2,7715.8,2705.3,3648.8,3665.5,2225.3,1603.0,2263.9,8253.1,2650.4,1316.9
,,,,,,,,2953,1652.1,2058.1,7004.0,2456.4,3344.1,3357.6,2052.8,1466.4,2067.6,7501.5,2438.1,1237.0
,,,,,,,,2954,1593.0,1970.8,6656.4,2332.3,3144.2,3229.9,1931.7,1399.6,1958.1,6973.2,2322.8,1175.8
,,,,,,,,2955,1485.0,1840.0,6219.9,2253.7,3003.9,3015.9,1826.9,1318.2,1841.5,6708.3,2199.6,1094.4
,,,,,,,,2956,1458.3,1802.3,6265.0,2180.5,2979.1,2976.4,1823.0,1285.4,1799.6,6546.9,2137.7,1084.7
,,,,,,,,2957,1514.5,1880.9,6509.0,2284.9,3105.1,3134.3,1864.0,1372.7,1884.6,6891.2,2253.6,1132.4
,,,,,,,,2958,1674.0,2083.8,7189.9,2501.0,3375.7,3410.1,2082.9,1508.7,2041.6,7576.7,2498.0,1237.9
,,,,,,,,2959,1874.7,2309.4,7801.8,2788.9,3763.3,3810.4,2272.4,1632.5,2273.9,8411.4,2769.3,1349.2
,,,,,,,,2960,2000.4,2492.0,8368.6,2959.2,4000.2,4014.4,2492.8,1761.1,2505.0,9123.1,2976.6,1492.8
,,,,,,,,2961,2052.5,2606.8,8715.2,3100.2,4199.0,4174.4,2564.6,1812.3,2589.2,9284.3,3009.1,1522.9
,,,,,,,,2962,2030.2,2551.9,8668.3,3033.9,4169.4,4196.9,2520.4,1830.5,2524.8,9173.8,3021.8,1525.5
,,,,,,,,2963,1971.1,2464.8,8339.1,2921.6,3929.3,3930.9,2420.9,1740.2,2394.6,8811.0,2902.5,1423.1
,,,,,,,,2964,1873.8,2309.2,8046.6,2818.6,3839.6,3770.9,2278.8,1671.5,2323.0,8328.1,2790.2,1391.1
,,,,,,,,2965,1814.8,2280.8,7797.6,2690.5,3639.0,3698.9,2239.7,1606.5,2238.2,8197.6,2680.7,1320.9
,,,,,,,,2966,1805.0,2244.9,7647.4,2729.0,3708.9,3633.0,2231.8,1633.4,2238.5,8081.5,2635.3,1334.8
,,,,,,,,2967,1841.5,2320.4,7875.0,2723.9,3775.0,3690.6,2285.9,1632.2,2264.7,8292.4,2729.0,1375.0
,,,,,,,,2968,1943.8,2367.2,8167.0,2890.2,3931.2,3873.4,2367.4,1697.4,2340.9,8737.6,2856.5,1430.1
,,,,,,,,2969,2041.3,2509.7,8685.3,3050.9,4119.0,4065.0,2466.2,1786.0,2530.6,9204.0,3021.4,1475.9
,,,,,,,,2970,2142.5,2623.8,8997.0,3178.2,4241.4,4255.7,2597.0,1872.8,2638.6,9602.4,3108.0,1558.7
,,,,,,,,2971,2145.2,2672.9,9148.6,3230.9,4386.3,4312.3,2689.7,1917.7,2653.3,9551.2,3190.7,1579.5
,,,,,,,,2972,2126.1,2601.3,8954.5,3192.7,4233.4,4272.5,2648.8,1897.4,2625.9,9656.5,3143.2,1563.6
,,,,,,,,2973,2026.8,2504.1,8690.8,2990.5,4068.1,4053.9,2537.5,1790.2,2500.7,8985.5,2969.2,1477.7
,,,,,,,,2974,1919.3,2371.1,8133.3,2899.3,3862.5,3863.0,2392.2,1719.5,2395.1,8579.2,2828.2,1418.2
,,,,,,,,2975,1842.6,2319.7,7817.6,2751.7,3732.2,3708.5,2310.1,1634.9,2292.6,8356.8,2751.7,1375.7
,,,,,,,,2976,1790.2,2226.6,7717.8,2727.6,3693.4,3624.4,2213.7,1583.1,2206.0,8099.6,2619.9,1325.1
,,,,,,,,2977,1548.7,1924.1,6519.7,2297.7,3161.7,3146.6,1897.5,1362.1,1901.8,7013.0,2288.9,1146.5
,,,,,,,,2978,1460.3,1826.8,6203.8,2163.4,2991.0,2988.9,1796.3,1291.0,1811.5,6509.0,2142.0,1084.3
,,,,,,,,2979,1392.7,1729.4,5839.5,2054.6,2786.7,2836.5,1695.2,1228.5,1725.5,6286.7,2065.1,1024.3
,,,,,,,,2980,1370.9,1704.4,5817.5,2043.6,2757.8,2746.1,1657.6,1199.6,1675.2,6209.8,2010.4,1000.5
,,,,,,,,2981,1442.0,1799.4,6130.1,2151.8,2900.3,2901.2,1734.5,1258.9,1772.2,6472.3,2134.8,1047.3
,,,,,,,,2982,1559.8,1936.1,6606.1,2309.9,3179.1,3189.9,1940.8,1372.8,1944.1,6924.8,2288.6,1147.0
,,,,,,,,2983,1737.9,2148.8,7421.8,2553.5,3468.0,3534.8,2107.5,1525.9,2124.4,7684.7,2577.7,1297.2
,,,,,,,,2984,1840.4,2331.7,7988.1,2756.5,3797.7,3814.7,2273.4,1635.5,2323.8,8431.6,2736.3,1388.3
,,,,,,,,2985,1896.7,2422.1,8292.0,2880.9,3927.4,3887.0,2372.0,1713.6,2414.9,8567.0,2895.6,1431.9
,,,,,,,,2986,1909.6,2377.7,8015.8,2827.0,3907.4,3890.2,2385.1,1706.2,2315.6,8505.7,2805.9,1390.6
,,,,,,,,2987,1830.8,2281.7,7654.7,2693.0,3680.2,3688.9,2248.0,1639.6,2270.4,8257.4,2710.0,1334.1
,,,,,,,,2988,1734.2,2151.2,7505.2,2606.6,3543.6,3498.1,2184.6,1536.8,2177.2,7782.7,2559.0,1306.9
,,,,,,,,2989,1678.3,2090.8,7120.0,2519.0,3395.0,3414.6,2111.6,1521.2,2073.4,7545.4,2475.7,1238.7
,,,,,,,,2990,1687.0,2088.3,7075.5,2493.9,3467.9,3385.7,2085.7,1499.8,2055.4,7694.6,2520.8,1262.3
,,,,,,,,2991,1700.7,2158.4,7385.3,2580.5,3449.3,3487.2,2126.7,1522.3,2124.7,7650.4,2561.9,1266.0
,,,,,,,,2992,1769.5,2234.5,7611.9,2695.8,3654.7,3633.7,2243.4,1579.6,2195.7,8037.0,2689.0,1318.4
,,,,,,,,2993,1912.5,2325.7,8084.7,2835.8,3827.8,3877.2,2331.5,1668.0,2366.4,8433.5,2751.6,1388.5
,,,,,,,,2994,1981.5,2431.2,8355.9,2991.9,3983.3,3999.5,2440.7,1745.7,2461.8,8885.3,2901.8,1447.4
,,,,,,,,2995,2006.9,2505.6,8434.3,2988.6,4042.9,4075.9,2501.1,1762.3,2461.2,8942.6,2994.9,1502.3
,,,,,,,,2996,1990.4,2490.2,8284.5,2955.5,4013.2,3944.4,2419.0,1745.3,2469.8,8865.4,2936.7,1437.7
,,,,,,,,2997,1890.6,2375.5,7917.2,2845.5,3853.1,3785.9,2361.0,1703.0,2337.2,8474.7,2810.9,1400.5
,,,,,,,,2998,1772.1,2260.3,7560.3,2670.7,3605.8,3585.1,2234.1,1588.8,2232.3,8035.3,2669.5,1324.0
,,,,,,,,2999,1692.3,2150.1,7210.7,2537.2,3455.5,3513.2,2148.7,1509.9,2099.4,7749.2,2567.0,1280.1
,,,,,,,,3000,1681.0,2089.8,7175.8,2539.0,3431.9,3419.1,2048.7,1478.7,2065.0,7518.0,2467.6,1230.9
,,,,,,,,3001,1532.7,1912.9,6618.1,2300.9,3120.4,3068.1,1908.6,1378.1,1920.1,6977.0,2271.4,1158.0
,,,,,,,,3002,1457.0,1798.1,6109.0,2149.5,2981.8,2979.4,1808.2,1292.4,1779.1,6497.6,2187.6,1091.6
,,,,,,,,3003,1358.4,1704.8,5918.2,2071.8,2762.2,2748.7,1717.2,1219.9,1722.1,6123.7,2027.4,1035.6
,,,,,,,,3004,1365.8,1686.4,5651.5,2044.6,2725.8,2774.8,1643.8,1198.3,1684.9,6047.7,2011.7,1004.1
,,,,,,,,3005,1401.6,1759.4,5997.3,2130.9,2824.8,2846.2,1759.7,1254.4,1725.1,6389.8,2078.1,1058.6
,,,,,,,,3006,1566.0,1918.2,6528.9,2308.0,3110.7,3129.0,1902.8,1363.6,1904.8,7050.3,2312.1,1142.7
,,,,,,,,3007,1731.8,2160.9,7343.5,2542.2,3519.0,3512.5,2122.3,1516.0,2146.5,7594.1,2515.8,1286.9
,,,,,,,,3008,1846.5,2340.1,7830.7,2760.3,3700.7,3695.5,2286.2,1657.4,2262.3,8286.4,2729.3,1368.2
,,,,,,,,3009,1911.8,2353.3,8023.6,2832.3,3927.0,3869.9,2348.5,1696.0,2361.0,8628.6,2801.6,1412.9
,,,,,,,,3010,1892.2,2379.9,8086.3,2832.9,3870.1,3766.7,2330.8,1655.5,2336.6,8395.4,2805.4,1409.5
,,,,,,,,3011,1833.8,2258.6,7663.9,2707.2,3709.4,3692.9,2220.7,1597.8,2263.2,8233.7,2716.4,1342.4
,,,,,,,,3012,1714.1,2159.6,7335.0,2600.2,3460.4,3470.7,2132.5,1528.3,2117.9,7704.4,2535.0,1294.3
,,,,,,,,3013,1679.0,2072.8,7230.7,2534.7,3396.7,3430.2,2056.2,1504.3,2045.3,7651.6,2470.1,1259.6
,,,,,,,,3014,1688.2,2115.7,7062.6,2501.6,3389.4,3360.1,2059.9,1503.2,2053.1,7490.7,2505.5,1247.9
,,,,,,,,3015,1686.4,2143.2,7325.4,2526.8,3492.2,3433.7,2139.4,1515.0,2100.0,7605.8,2540.4,1250.8
,,,,,,,,3016,1770.5,2221.3,7544.1,2693.4,3556.2,3593.6,2215.3,1561.8,2216.0,8096.5,2602.3,1305.0
,,,,,,,,3017,1876.7,2322.7,7866.1,2790.8,3807.6,3758.4,2321.5,1682.0,2333.8,8511.7,2739.9,1382.4
,,,,,,,,3018,1927.3,2411.1,8219.7,2974.0,4014.9,3972.2,2392.4,1747.2,2387.3,8882.6,2943.5,1454.6
,,,,,,,,3019,1963.6,2513.8,8568.4,2968.7,4066.2,4047.4,2467.2,1761.4,2451.6,8837.7,2998.3,1492.3
,,,,,,,,3020,1929.5,2446.2,8187.9,2953.3,3915.0,3916.2,2390.4,1723.0,2423.9,8831.3,2937.8,1471.6
,,,,,,,,3021,1880.5,2311.0,7854.4,2763.2,3789.2,3782.1,2303.4,1659.6,2283.3,8522.2,2754.2,1396.4
,,,,,,,,3022,1751.5,2239.6,7584.6,2625.7,3604.3,3563.7,2181.6,1594.5,2204.6,8072.1,2604.9,1323.9
,,,,,,,,3023,1721.9,2097.2,7330.8,2553.6,3501.0,3409.7,2122.6,1492.8,2132.2,7657.5,2516.6,1278.1
,,,,,,,,3024,1644.3,2085.8,7091.5,2518.3,3328.8,3401.8,2076.0,1456.7,2053.9,7551.3,2434.0,1241.9
,,,,,,,,3025,1607.6,2032.5,6915.5,2418.5,3280.5,3273.2,2030.3,1447.8,1977.6,7230.1,2381.4,1216.5
,,,,,,,,3026,1536.8,1943.6,6504.2,2296.6,3085.4,3067.4,1904.3,1380.3,1880.9,6812.3,2282.9,1154.5
,,,,,,,,3027,1430.7,1804.7,6250.9,2204.5,2927.0,2894.8,1783.6,1276.9,1813.2,6510.7,2141.8,1091.6
,,,,,,,,3028,1409.9,1757.2,5968.1,2121.4,2858.2,2855.8,1777.3,1274.1,1769.9,6449.3,2151.8,1049.7
,,,,,,,,3029,1494.2,1846.8,6312.8,2249.3,3016.8,3018.0,1849.2,1331.4,1839.5,6697.3,2221.8,1096.5
,,,,,,,,3030,1636.6,2061.3,6903.9,2469.3,3278.4,3351.9,2029.4,1466.3,2045.3,7411.1,2436.1,1209.8
,,,,,,,,3031,1832.5,2228.9,7678.7,2685.2,3627.0,3688.1,2254.8,1585.4,2250.7,8154.6,2656.6,1366.1
,,,,,,,,3032,1944.9,2449.6,8406.1,2951.4,3977.9,3933.0,2410.4,1731.2,2391.7,8858.3,2918.5,1446.1
,,,,,,,,3033,2020.1,2484.6,8475.8,3002.1,4106.0,4024.1,2499.1,1785.6,2519.9,9083.5,2978.3,1502.7
,,,,,,,,3034,2012.1,2511.5,8403.1,3018.3,3979.3,3993.3,2434.8,1779.0,2482.2,8846.3,2964.1,1478.1
,,,,,,,,3035,1921.5,2417.2,8084.2,2866.6,3882.0,3885.2,2347.1,1716.3,2373.7,8626.9,2872.2,1441.2
,,,,,,,,3036,1802.3,2251.8,7755.8,2718.8,3730.7,3740.6,2259.1,1601.7,2229.7,8177.7,2697.1,1359.8
,,,,,,,,3037,1777.6,2214.4,7627.7,2673.3,3539.7,3598.5,2218.1,1587.7,2215.6,7994.0,2616.1,1322.2
,,,,,,,,3038,1764.1,2229.3,7554.3,2645.7,3568.0,3617.1,2177.0,1549.1,2172.1,7936.5,2667.8,1318.2
,,,,,,,,3039,1821.7,2221.2,7754.9,2680.7,3675.7,3617.3,2231.9,1618.9,2235.9,8063.7,2704.2,1344.0
,,,,,,,,3040,1878.0,2367.8,8034.5,2817.0,3788.8,3822.6,2298.9,1673.1,2317.8,8482.8,2777.1,1401.2
,,,,,,,,3041,1996.2,2437.5,8343.5,2965.2,3985.8,3945.4,2411.4,1758.6,2431.4,8851.0,2956.0,1493.8
,,,,,,,,3042,2056.4,2539.8,8714.9,3063.7,4125.9,4228.7,2511.9,1815.2,2565.7,9138.7,3082.6,1557.7
,,,,,,,,3043,2081.7,2628.6,8954.6,3108.8,4228.0,4194.8,2601.2,1856.7,2561.3,9329.7,3103.4,1546.2
,,,,,,,,3044,2040.0,2602.5,8836.6,3101.6,4175.9,4196.4,2556.2,1812.9,2552.4,9281.8,3102.2,1547.6
,,,,,,,,3045,1960.5,2498.5,8447.8,2927.2,4056.3,3996.4,2474.7,1757.2,2427.9,8792.3,2939.5,1482.6
,,,,,,,,3046,1866.4,2360.1,7870.5,2820.5,3779.5,3777.4,2295.3,1677.2,2339.9,8338.3,2810.9,1417.8
,,,,,,,,3047,1793.4,2215.2,7734.5,2717.4,3674.7,3671.4,2223.5,1605.9,2217.7,8175.8,2674.4,1332.9
,,,,,,,,3048,1733.2,2205.4,7499.0,2635.7,3521.8,3531.7,2160.4,1550.0,2173.5,7767.1,2621.5,1314.6
,,,,,,,,3049,1602.5,2032.4,6751.2,2384.8,3258.7,3281.1,1968.4,1408.4,1984.5,7137.8,2385.4,1194.2
,,,,,,,,3050,1516.2,1894.2,6460.1,2302.6,3081.5,3119.9,1903.9,1354.6,1878.7,6922.2,2265.7,1124.9
,,,,,,,,3051,1429.3,1800.0,6044.9,2162.2,2887.5,2948.6,1765.9,1264.5,1766.1,6558.0,2135.1,1088.3
,,,,,,,,3052,1394.7,1758.8,5974.3,2138.4,2867.9,2883.7,1751.8,1254.0,1724.7,6342.7,2092.7,1066.7
,,,,,,,,3053,1465.2,1861.4,6296.4,2247.7,2969.6,2976.1,1836.1,1310.8,1807.0,6565.8,2196.5,1121.1
,,,,,,,,3054,1641.1,2001.3,6879.1,2440.5,3299.4,3260.5,2027.4,1433.5,2022.4,7219.3,2399.8,1216.8
,,,,,,,,3055,1814.6,2267.9,7554.4,2727.4,3680.6,3593.2,2242.4,1574.5,2238.2,8089.8,2711.1,1334.8
,,,,,,,,3056,1964.4,2432.2,8218.9,2930.6,3974.4,3942.2,2357.7,1724.4,2370.1,8712.2,2862.1,1466.9
,,,,,,,,3057,2013.1,2466.3,8471.8,3032.2,4014.7,4052.5,2487.7,1775.9,2472.3,9014.8,2959.7,1505.3
,,,,,,,,3058,1967.8,2465.8,8402.8,2934.2,4052.4,3977.0,2455.9,1764.3,2443.3,8771.3,2938.6,1456.6
,,,,,,,,3059,1902.5,2375.5,8067.3,2828.2,3823.0,3793.1,2322.7,1685.5,2353.5,8576.2,2797.2,1423.2
,,,,,,,,3060,1811.4,2228.0,7799.2,2706.1,3639.2,3656.5,2244.1,1621.4,2236.6,8115.6,2743.1,1336.5
,,,,,,,,3061,1777.3,2228.9,7438.9,2615.3,3539.5,3533.7,2194.9,1553.4,2189.2,7891.8,2611.6,1318.3
,,,,,,,,3062,1738.4,2185.3,7502.7,2663.3,3538.4,3541.4,2186.1,1536.9,2146.6,7912.4,2606.8,1302.6
,,,,,,,,3063,1761.6,2230.1,7581.0,2703.9,3617.6,3575.8,2218.5,1568.2,2235.0,7952.8,2649.5,1350.0
,,,,,,,,3064,1873.2,2294.3,7902.8,2780.8,3724.5,3779.3,2266.7,1661.2,2263.5,8435.7,2800.3,1400.2
,,,,,,,,3065,1973.4,2420.2,8383.0,2947.5,3980.2,4021.9,2429.7,1736.4,2419.5,8829.3,2929.4,1460.5
,,,,,,,,3066,2035.1,2561.5,8666.4,3096.8,4116.8,4098.1,2522.5,1832.3,2530.1,9163.3,3070.7,1520.8
,,,,,,,,3067,2100.6,2608.3,8777.2,3114.3,4180.2,4235.1,2583.1,1849.6,2569.9,9265.7,3158.8,1553.1
,,,,,,,,3068,2071.5,2590.5,8594.8,3028.5,4101.5,4112.4,2511.9,1836.8,2526.8,9240.1,3056.5,1513.2
,,,,,,,,3069,1931.1,2422.1,8342.3,2962.9,4021.8,3908.6,2446.5,1716.9,2444.9,8801.4,2958.8,1458.3
,,,,,,,,3070,1846.7,2291.7,7801.9,2783.0,3720.8,3732.8,2291.0,1672.2,2318.4,8379.5,2763.1,1400.3
,,,,,,,,3071,1798.2,2225.9,7491.5,2680.7,3561.3,3569.5,2203.5,1582.4,2180.1,8094.3,2651.4,1320.5
,,,,,,,,3072,1743.6,2200.1,7447.7,2624.4,3528.6,3483.7,2126.7,1550.2,2131.1,7712.6,2577.2,1293.1
,,,,,,,,3073,1579.7,1997.9,6796.0,2409.1,3211.5,3190.0,1937.2,1417.8,1963.9,7062.2,2383.7,1205.9
,,,,,,,,3074,1517.7,1876.0,6412.2,2296.7,3010.8,3022.5,1865.6,1328.8,1859.8,6809.4,2276.7,1149.6
,,,,,,,,3075,1431.4,1766.3,6036.6,2135.1,2928.9,2910.1,1768.1,1273.0,1776.4,6387.0,2125.8,1070.4
,,,,,,,,3076,1417.9,1776.0,5898.6,2116.6,2841.4,2860.6,1745.7,1259.8,1747.4,6371.3,2135.6,1043.5
,,,,,,,,3077,1447.1,1851.9,6225.5,2190.5,2934.8,2961.9,1830.4,1318.4,1791.1,6573.9,2179.6,1086.5
,,,,,,,,3078,1623.6,1998.8,6848.3,2412.4,3262.1,3274.6,1989.6,1429.9,1962.9,7286.8,2418.1,1193.6
,,,,,,,,3079,1752.3,2205.1,7540.9,2630.2,3628.0,3642.6,2168.8,1576.6,2196.6,7990.0,2634.7,1350.2
,,,,,,,,3080,1936.2,2398.0,8096.3,2906.2,3862.8,3890.9,2402.8,1694.6,2337.7,8642.4,2903.0,1442.1
,,,,,,,,3081,1968.9,2443.3,8552.4,3014.1,4038.5,4039.4,2436.9,1771.5,2417.8,8978.8,3021.2,1484.8
,,,,,,,,3082,1966.9,2440.7,8394.3,2981.1,3999.0,3966.7,2418.3,1723.0,2413.9,8836.2,2932.6,1483.6
,,,,,,,,3083,1893.9,2337.6,8053.7,2819.5,3843.5,3793.0,2331.9,1686.5,2319.4,8482.4,2812.2,1412.2
,,,,,,,,3084,1800.9,2246.1,7578.9,2660.9,3682.2,3630.8,2207.4,1589.3,2217.9,7953.4,2718.7,1356.5
,,,,,,,,3085,1724.9,2210.6,7368.7,2597.0,3557.6,3486.8,2150.6,1559.8,2154.7,7785.0,2645.0,1314.6
,,,,,,,,3086,1734.3,2174.2,7294.2,2569.7,3546.0,3494.7,2161.9,1557.8,2156.9,7837.2,2586.8,1315.3
,,,,,,,,3087,1788.2,2209.3,7566.7,2683.7,3552.8,3532.7,2155.8,1560.9,2187.4,8025.1,2669.6,1321.4
,,,,,,,,3088,1827.6,2296.4,7906.5,2808.6,3771.2,3788.7,2285.9,1633.9,2303.6,8162.5,2790.4,1382.8
,,,,,,,,3089,1947.9,2402.4,8180.8,2942.1,3931.5,3927.2,2419.3,1736.8,2411.2,8764.6,2944.6,1479.6
,,,,,,,,3090,2001.8,2533.1,8536.0,3008.5,4094.0,4106.7,2523.6,1777.3,2473.6,9201.8,3082.8,1536.2
,,,,,,,,3091,2045.2,2603.8,8704.3,3117.3,4232.5,4205.4,2540.1,1843.1,2540.5,9410.9,3059.5,1574.1
,,,,,,,,3092,2028.0,2557.4,8552.7,3039.1,4058.8,4129.1,2467.1,1830.1,2483.8,9138.4,3092.1,1515.0
,,,,,,,,3093,1943.2,2400.9,8195.4,2882.4,3982.5,3965.4,2368.7,1729.3,2365.5,8690.0,2917.8,1453.6
,,,,,,,,3094,1817.0,2304.4,7726.5,2766.9,3751.7,3753.9,2263.5,1626.7,2262.2,8208.0,2753.1,1397.0
,,,,,,,,3095,1757.3,2186.0,7485.8,2639.8,3526.3,3546.0,2154.1,1549.3,2200.3,7958.5,2683.9,1337.0
,,,,,,,,3096,1705.7,2140.9,7388.4,2561.7,3513.3,3441.5,2141.7,1533.8,2140.7,7830.2,2621.4,1281.6
,,,,,,,,3097,1558.0,1967.2,6718.6,2356.7,3161.5,3176.0,1971.2,1422.4,1977.2,7033.9,2409.7,1199.1
,,,,,,,,3098,1507.2,1881.0,6282.2,2227.9,3068.8,3050.8,1838.1,1325.6,1840.2,6809.3,2263.1,1129.4
,,,,,,,,3099,1410.9,1753.1,6027.2,2131.3,2874.6,2845.4,1749.5,1239.3,1724.9,6388.8,2154.8,1060.9
,,,,,,,,3100,1403.3,1722.7,5980.7,2070.6,2825.5,2835.7,1700.1,1249.7,1729.3,6257.0,2126.6,1045.0
,,,,,,,,3101,1460.9,1812.2,6141.8,2166.3,2950.5,2946.8,1768.9,1304.8,1810.8,6454.2,2208.3,1109.8
,,,,,,,,3102,1583.5,1985.0,6789.5,2384.0,3215.3,3217.3,1960.4,1421.9,1970.5,7232.1,2378.2,1184.8
,,,,,,,,3103,1758.3,2179.7,7412.2,2609.6,3519.2,3539.0,2204.8,1581.8,2147.7,7971.3,2676.9,1334.3
,,,,,,,,3104,1886.3,2389.4,8068.4,2868.6,3902.8,3901.3,2339.4,1694.1,2366.7,8569.6,2850.2,1437.1
,,,,,,,,3105,1996.6,2442.9,8323.4,2968.2,3991.8,4012.2,2395.0,1751.2,2450.8,8882.0,2961.2,1473.5
,,,,,,,,3106,1935.9,2399.2,8142.6,2896.6,3969.2,3926.2,2380.9,1717.7,2378.7,8662.2,2900.2,1448.5
,,,,,,,,3107,1862.7,2316.9,7938.6,2774.1,3747.6,3753.7,2268.0,1656.2,2322.0,8243.0,2798.4,1406.4
,,,,,,,,3108,1805.3,2223.3,7482.8,2684.8,3621.4,3590.5,2193.8,1567.8,2171.0,8082.1,2663.3,1357.9
,,,,,,,,3109,1752.4,2163.0,7320.7,2578.8,3464.5,3501.7,2145.0,1551.2,2133.2,7672.0,2616.1,1300.2
,,,,,,,,3110,1745.6,2175.3,7413.9,2591.1,3463.6,3516.0,2148.5,1526.7,2151.4,7739.3,2611.5,1304.6
,,,,,,,,3111,1771.4,2174.8,7512.9,2622.2,3586.7,3530.7,2174.4,1557.2,2158.5,7947.1,2659.5,1315.2
,,,,,,,,3112,1824.8,2260.8,7742.6,2766.6,3679.9,3718.5,2260.6,1622.1,2226.8,8169.9,2768.1,1368.3
,,,,,,,,3113,1946.2,2389.9,8191.2,2914.4,3948.0,3930.0,2406.8,1717.3,2355.5,8568.1,2865.6,1468.8
,,,,,,,,3114,2013.8,2544.7,8553.5,2987.5,4094.2,4114.5,2502.7,1766.7,2503.4,9014.5,3069.8,1538.0
,,,,,,,,3115,2035.2,2596.3,8824.7,3036.4,4100.1,4154.9,2531.3,1800.9,2543.7,9136.8,3047.4,1559.8
,,,,,,,,3116,2033.4,2547.5,8546.2,3014.5,4092.0,4123.0,2483.9,1786.2,2516.5,8990.5,3054.4,1517.5
,,,,,,,,3117,1946.1,2414.3,8231.3,2856.4,3908.3,3843.9,2344.0,1715.7,2388.6,8616.6,2875.0,1469.8
,,,,,,,,3118,1840.6,2260.6,7837.4,2784.0,3751.6,3692.3,2228.0,1630.9,2245.8,8234.2,2772.2,1397.2
,,,,,,,,3119,1732.2,2198.4,7394.1,2660.1,3517.6,3566.7,2182.0,1535.1,2168.0,7878.0,2640.8,1303.5
,,,,,,,,3120,1728.2,2143.5,7209.3,2565.4,3433.8,3418.9,2110.1,1501.5,2136.2,7776.3,2539.9,1307.6
,,,,,,,,3121,1569.4,1942.0,6688.9,2378.2,3137.5,3157.2,1919.4,1373.1,1922.5,7095.2,2408.5,1195.1
,,,,,,,,3122,1471.4,1830.1,6334.1,2243.3,3023.8,2962.3,1817.8,1304.1,1836.9,6751.0,2277.3,1133.4
,,,,,,,,3123,1419.5,1730.4,6048.8,2108.0,2855.9,2816.7,1750.8,1241.7,1732.1,6340.8,2125.2,1058.9
,,,,,,,,3124,1381.2,1723.0,5882.4,2078.6,2797.6,2769.2,1678.0,1221.6,1693.6,6252.7,2070.7,1045.2
,,,,,,,,3125,1421.2,1807.5,6219.3,2157.5,2877.1,2929.7,1792.3,1272.9,1771.4,6434.8,2207.7,1092.1
,,,,,,,,3126,1558.5,1957.8,6638.6,2396.8,3179.9,3223.6,1926.5,1384.2,1919.8,7050.9,2374.4,1211.9
,,,,,,,,3127,1749.3,2192.6,7396.8,2637.8,3513.6,3557.0,2150.6,1543.7,2183.3,7799.4,2623.0,1318.0
,,,,,,,,3128,1890.4,2354.0,8148.4,2807.2,3824.2,3777.5,2339.4,1669.9,2295.5,8501.3,2836.1,1422.0
,,,,,,,,3129,1967.1,2437.3,8185.2,2958.1,3963.3,3969.3,2409.2,1740.7,2415.2,8803.1,2957.1,1484.1
,,,,,,,,3130,1912.7,2442.8,8155.3,2900.1,3848.7,3930.7,2378.8,1711.0,2343.1,8688.8,2930.8,1479.6
,,,,,,,,3131,1849.7,2329.8,7773.7,2813.1,3717.0,3754.4,2277.1,1636.0,2296.3,8323.8,2784.6,1401.8
,,,,,,,,3132,1790.9,2217.0,7423.9,2615.1,3609.0,3540.4,2198.0,1575.7,2177.5,7999.4,2686.0,1355.5
,,,,,,,,3133,1710.9,2137.5,7283.7,2542.4,3500.3,3468.7,2103.9,1526.7,2093.9,7625.6,2584.6,1298.1
,,,,,,,,3134,1693.6,2163.9,7230.0,2580.6,3480.8,3502.2,2133.3,1514.2,2094.6,7604.6,2616.2,1291.2
,,,,,,,,3135,1764.7,2181.5,7420.7,2585.6,3512.6,3470.0,2159.0,1562.9,2137.4,7917.7,2650.7,1307.1
,,,,,,,,3136,1805.1,2248.5,7788.9,2717.4,3713.6,3681.4,2217.9,1588.1,2238.4,8166.6,2737.6,1373.2
,,,,,,,,3137,1887.4,2357.4,8010.6,2833.3,3806.7,3887.0,2381.3,1702.0,2368.4,8589.4,2888.3,1462.1
,,,,,,,,3138,2012.5,2481.9,8615.1,3013.6,4002.8,4040.9,2487.5,1779.1,2488.7,9071.1,3003.4,1498.5
,,,,,,,,3139,2026.5,2550.4,8612.5,3011.8,4059.6,4083.4,2484.0,1807.2,2528.7,9043.7,3047.9,1543.4
,,,,,,,,3140,1990.4,2515.4,8385.0,2988.4,3990.3,4079.3,2451.3,1780.7,2435.1,8950.8,3026.3,1490.8
,,,,,,,,3141,1919.7,2389.1,8078.9,2901.1,3905.0,3859.9,2328.4,1684.3,2366.1,8476.0,2864.1,1453.5
,,,,,,,,3142,1834.2,2258.7,7749.7,2689.5,3647.3,3626.7,2205.9,1608.7,2239.4,8020.7,2728.7,1359.6
,,,,,,,,3143,1759.3,2192.4,7284.6,2600.0,3542.3,3467.0,2165.7,1521.6,2148.5,7842.2,2666.0,1323.6
,,,,,,,,3144,1679.7,2137.4,7246.0,2541.0,3394.8,3432.7,2115.1,1510.4,2084.0,7715.8,2596.0,1274.3
,,,,,,,,3145,1483.3,1840.1,6279.2,2185.5,2968.8,2979.8,1823.4,1293.8,1812.6,6614.2,2211.9,1116.1
,,,,,,,,3146,1369.0,1755.2,5826.9,2101.4,2798.1,2761.8,1714.2,1229.9,1715.5,6132.9,2127.1,1055.8
,,,,,,,,3147,1295.2,1654.5,5537.2,1981.8,2674.0,2621.4,1606.4,1175.0,1589.4,5953.1,1991.8,997.0
,,,,,,,,3148,1290.2,1611.0,5421.2,1948.4,2568.2,2622.4,1581.1,1140.1,1604.4,5742.6,1929.6,979.2
,,,,,,,,3149,1354.3,1671.5,5760.1,2022.3,2697.1,2753.4,1633.0,1187.5,1631.6,6024.7,2066.9,1035.9
,,,,,,,,3150,1488.4,1847.7,6271.0,2213.9,3014.2,2943.7,1824.4,1298.9,1814.2,6604.1,2266.9,1136.5
,,,,,,,,3151,1621.0,2010.9,7000.6,2463.4,3334.5,3336.1,2017.8,1434.3,2039.9,7336.5,2449.4,1246.0
,,,,,,,,3152,1743.5,2173.2,7441.5,2681.5,3590.8,3572.3,2166.7,1564.0,2186.9,7968.8,2680.5,1331.6
,,,,,,,,3153,1823.0,2261.9,7738.2,2758.9,3626.5,3691.7,2270.0,1633.7,2252.9,8058.2,2768.2,1385.9
,,,,,,,,3154,1812.7,2238.0,7658.9,2675.8,3599.1,3662.5,2203.0,1587.8,2205.1,8086.1,2734.6,1352.2
,,,,,,,,3155,1707.8,2155.4,7333.7,2564.2,3427.7,3468.8,2091.4,1518.8,2118.3,7710.0,2641.4,1289.7
,,,,,,,,3156,1666.5,2057.0,6943.5,2459.2,3279.6,3332.8,2029.5,1469.8,2050.5,7417.7,2478.2,1252.9
,,,,,,,,3157,1604.9,1996.0,6742.8,2403.8,3238.7,3187.9,1979.3,1425.9,1942.9,7208.4,2446.6,1200.0
,,,,,,,,3158,1603.1,1967.3,6824.2,2364.1,3212.9,3186.2,1955.7,1403.9,1987.1,7129.4,2424.3,1196.0
,,,,,,,,3159,1646.3,2030.1,7006.1,2471.4,3331.3,3236.8,2019.9,1462.9,2000.8,7220.5,2475.4,1241.7
,,,,,,,,3160,1700.5,2109.9,7185.2,2529.2,3468.5,3370.1,2070.7,1482.5,2098.4,7638.5,2576.2,1279.0
,,,,,,,,3161,1767.5,2250.5,7488.2,2689.6,3600.0,3571.3,2220.4,1590.2,2176.5,8084.4,2716.9,1338.8
,,,,,,,,3162,1877.5,2294.9,7977.7,2773.0,3735.9,3777.6,2265.3,1665.9,2267.3,8449.5,2858.5,1424.2
,,,,,,,,3163,1922.7,2396.7,8139.5,2853.5,3861.0,3853.1,2340.1,1661.8,2318.8,8551.2,2885.6,1458.0
,,,,,,,,3164,1872.2,2353.2,7984.0,2761.9,3733.3,3816.4,2286.5,1657.1,2295.6,8410.4,2849.5,1424.0
,,,,,,,,3165,1803.2,2250.1,7473.7,2684.7,3580.3,3589.4,2203.3,1583.0,2169.1,7988.1,2724.4,1366.6
,,,,,,,,3166,1713.2,2091.1,7137.7,2511.0,3406.4,3438.3,2076.1,1510.7,2105.9,7517.9,2534.1,1275.6
,,,,,,,,3167,1625.0,2011.3,6884.9,2427.3,3314.2,3290.1,2016.9,1426.4,2008.5,7377.3,2474.0,1216.2
,,,,,,,,3168,1559.2,1961.5,6821.4,2405.1,3211.8,3201.5,1952.2,1385.9,1929.3,7046.8,2437.3,1215.9
,,,,,,,,3169,1437.9,1813.5,6200.0,2200.7,2908.2,2947.7,1796.5,1293.7,1809.3,6531.1,2212.1,1119.5
,,,,,,,,3170,1384.7,1706.2,5838.9,2086.9,2791.1,2751.2,1712.8,1205.6,1715.4,6157.8,2063.0,1041.1
,,,,,,,,3171,1301.4,1615.9,5508.0,1933.1,2625.7,2652.4,1606.9,1159.5,1606.1,5753.6,1960.9,1004.0
,,,,,,,,3172,1276.9,1591.0,5351.1,1892.9,2593.6,2538.8,1548.9,1138.7,1590.7,5715.6,1942.3,966.9
,,,,,,,,3173,1321.8,1678.0,5620.1,2022.1,2729.2,2678.3,1619.1,1174.6,1642.7,6012.6,2028.9,1024.6
,,,,,,,,3174,1446.1,1832.3,6155.5,2207.9,2955.8,2954.5,1795.2,1292.4,1783.6,6574.8,2244.1,1098.6
,,,,,,,,3175,1623.6,2016.8,6894.1,2425.4,3272.7,3276.7,2006.4,1434.9,1970.3,7261.5,2462.9,1224.0
,,,,,,,,3176,1750.3,2199.2,7526.0,2630.0,3522.0,3512.7,2163.1,1535.5,2175.1,7808.3,2649.8,1347.1
,,,,,,,,3177,1808.3,2274.7,7787.8,2683.3,3602.3,3620.9,2204.8,1597.4,2250.2,8163.9,2746.4,1365.6
,,,,,,,,3178,1792.2,2207.2,7473.8,2678.3,3563.8,3595.6,2197.1,1560.4,2216.1,8055.0,2726.7,1349.2
,,,,,,,,3179,1723.4,2143.1,7163.2,2538.1,3482.4,3457.7,2078.1,1524.3,2098.9,7700.0,2567.8,1303.2
,,,,,,,,3180,1616.6,2013.1,6842.6,2463.0,3273.8,3343.6,2029.1,1458.7,1997.9,7319.6,2472.8,1253.7
,,,,,,,,3181,1597.7,1968.7,6742.4,2361.7,3169.3,3219.0,1927.4,1414.7,1949.7,7043.9,2452.7,1211.6
,,,,,,,,3182,1566.9,1989.9,6697.5,2399.2,3167.9,3174.9,1967.4,1386.5,1919.7,7174.3,2379.1,1222.1
,,,,,,,,3183,1593.9,2011.2,6781.0,2410.8,3216.1,3259.4,1955.0,1417.8,1956.2,7221.7,2457.4,1212.8
,,,,,,,,3184,1668.5,2118.5,7136.4,2532.4,3366.6,3430.8,2072.8,1487.8,2038.6,7518.8,2568.9,1293.1
,,,,,,,,3185,1751.4,2181.0,7559.5,2644.1,3558.3,3602.2,2191.5,1552.9,2149.1,7873.2,2696.2,1356.0
,,,,,,,,3186,1867.7,2282.5,7794.8,2771.9,3763.0,3759.0,2272.6,1655.2,2277.5,8382.9,2777.8,1403.0
,,,,,,,,3187,1872.9,2331.4,8055.5,2819.1,3767.4,3801.3,2318.8,1687.0,2288.5,8301.9,2859.5,1416.4
,,,,,,,,3188,1866.7,2300.2,7929.6,2764.4,3695.2,3751.8,2307.3,1622.4,2293.9,8333.7,2823.4,1427.0
,,,,,,,,3189,1754.5,2208.6,7568.7,2677.9,3575.8,3564.5,2157.4,1555.1,2182.2,7917.1,2688.1,1359.9
,,,,,,,,3190,1662.7,2109.3,7040.9,2523.7,3359.4,3394.9,2090.1,1477.2,2079.0,7454.0,2532.5,1290.9
,,,,,,,,3191,1619.2,2030.9,6939.7,2444.1,3257.4,3256.4,2007.6,1432.2,1965.1,7158.5,2458.8,1232.0
,,,,,,,,3192,1576.7,1989.7,6629.0,2333.5,3199.0,3177.2,1926.5,1379.0,1904.3,7038.6,2364.3,1199.3
,,,,,,,,3193,1520.6,1935.2,6499.1,2279.4,3116.9,3050.3,1896.4,1368.3,1899.9,6789.4,2361.0,1166.2
,,,,,,,,3194,1454.7,1834.0,6228.7,2174.1,2921.7,2959.2,1795.2,1279.2,1799.6,6569.6,2238.3,1105.4
,,,,,,,,3195,1386.5,1716.0,5800.1,2086.0,2734.8,2768.2,1708.4,1208.6,1701.3,6089.9,2082.4,1056.8
,,,,,,,,3196,1328.1,1661.6,5785.6,2018.5,2754.9,2680.9,1642.5,1209.4,1634.9,6031.3,2081.1,1041.3
,,,,,,,,3197,1426.0,1762.4,6056.3,2131.6,2846.5,2809.3,1757.0,1245.2,1732.6,6320.5,2169.0,1071.1
,,,,,,,,3198,1552.6,1926.6,6651.2,2325.3,3124.3,3132.9,1903.0,1376.8,1876.6,6960.1,2397.9,1164.3
,,,,,,,,3199,1706.7,2109.1,7211.3,2560.9,3418.8,3481.0,2121.0,1532.9,2115.0,7541.4,2609.6,1315.3
,,,,,,,,3200,1845.9,2291.6,7935.9,2772.1,3776.1,3726.3,2270.3,1636.4,2296.5,8217.6,2838.4,1400.1
,,,,,,,,3201,1879.1,2348.6,8137.5,2902.9,3809.4,3815.5,2340.5,1687.9,2360.3,8606.3,2934.1,1441.8
,,,,,,,,3202,1889.0,2386.3,8013.2,2846.8,3758.4,3756.9,2331.7,1641.4,2346.7,8470.5,2878.5,1422.4
,,,,,,,,3203,1816.2,2247.2,7608.2,2706.2,3679.8,3648.8,2226.4,1574.6,2205.3,8047.0,2789.5,1398.4
,,,,,,,,3204,1739.9,2178.8,7297.6,2557.6,3443.3,3469.3,2128.6,1508.5,2136.4,7691.1,2661.1,1303.2
,,,,,,,,3205,1673.2,2072.9,7160.6,2477.4,3335.4,3388.7,2043.9,1487.1,2046.2,7411.3,2562.6,1285.3
,,,,,,,,3206,1677.3,2077.2,7092.8,2506.5,3391.3,3349.0,2064.8,1486.8,2052.5,7460.0,2574.5,1285.4
,,,,,,,,3207,1695.7,2157.4,7226.6,2560.9,3446.0,3388.1,2068.8,1511.3,2096.2,7728.2,2572.5,1303.9
,,,,,,,,3208,1757.2,2235.7,7640.4,2695.4,3552.4,3569.9,2175.2,1556.0,2163.6,7871.4,2732.6,1337.0
,,,,,,,,3209,1862.6,2353.9,7891.7,2809.4,3804.0,3767.0,2296.1,1631.8,2297.2,8415.2,2881.2,1414.5
,,,,,,,,3210,1970.3,2465.2,8230.5,2888.3,3907.7,3930.2,2414.2,1748.6,2397.6,8616.4,2993.0,1483.4
,,,,,,,,3211,2000.3,2497.0,8540.0,2944.9,4046.1,3961.9,2406.2,1744.4,2428.9,8774.7,3018.1,1510.3
,,,,,,,,3212,1951.1,2420.6,8287.4,2919.1,3883.0,3982.7,2413.2,1731.1,2412.8,8684.4,3009.5,1502.6
,,,,,,,,3213,1844.4,2353.9,8037.6,2763.3,3775.3,3796.6,2278.7,1657.2,2318.0,8394.3,2854.3,1426.0
,,,,,,,,3214,1795.5,2188.5,7593.6,2690.9,3602.1,3520.1,2161.0,1551.0,2179.7,7942.2,2674.7,1347.3
,,,,,,,,3215,1713.9,2117.3,7305.4,2536.3,3412.7,3448.3,2065.3,1488.5,2095.1,7524.1,2561.6,1316.8
,,,,,,,,3216,1657.2,2092.0,7014.8,2491.6,3315.9,3384.7,2058.4,1476.2,2048.8,7446.7,2527.7,1250.8
,,,,,,,,3217,1501.4,1911.5,6441.2,2281.6,3039.8,3052.5,1867.2,1332.0,1844.7,6714.1,2322.7,1164.3
,,,,,,,,3218,1445.5,1774.6,6028.0,2156.8,2909.1,2938.1,1761.7,1276.6,1786.8,6432.2,2213.2,1110.4
,,,,,,,,3219,1357.5,1706.5,5737.9,2014.9,2714.7,2763.7,1658.2,1194.2,1661.1,6028.8,2059.2,1030.9
,,,,,,,,3220,1355.1,1690.3,5632.3,2000.2,2687.8,2715.8,1666.1,1170.0,1657.1,5887.8,2050.0,1034.4
,,,,,,,,3221,1382.1,1763.8,5986.9,2072.3,2816.9,2782.1,1716.6,1233.4,1703.0,6325.2,2135.4,1077.6
,,,,,,,,3222,1517.9,1894.4,6532.7,2293.3,3126.4,3046.1,1874.5,1373.1,1863.2,6927.2,2384.1,1188.9
,,,,,,,,3223,1713.2,2093.9,7170.4,2507.9,3373.3,3447.4,2078.2,1495.8,2099.4,7600.8,2618.7,1297.2
,,,,,,,,3224,1817.2,2261.8,7856.4,2732.3,3726.4,3729.0,2236.3,1613.5,2216.2,8142.0,2839.5,1419.4
,,,,,,,,3225,1893.7,2362.1,8133.9,2877.5,3863.8,3773.6,2338.0,1670.5,2321.4,8386.9,2918.9,1440.3
,,,,,,,,3226,1881.8,2317.5,8051.6,2784.5,3793.0,3742.5,2306.6,1629.6,2279.6,8271.6,2905.3,1431.9
,,,,,,,,3227,1799.2,2208.0,7690.9,2709.5,3577.9,3568.4,2225.8,1585.4,2222.6,8026.4,2763.8,1382.8
,,,,,,,,3228,1726.0,2157.3,7278.2,2602.8,3464.5,3472.4,2118.9,1527.5,2119.1,7753.3,2608.3,1314.7
,,,,,,,,3229,1651.1,2094.8,6997.9,2464.5,3312.3,3374.9,2019.6,1485.6,2029.7,7493.2,2533.7,1259.1
,,,,,,,,3230,1642.8,2079.1,7059.9,2519.4,3365.8,3318.0,2059.7,1448.1,2023.6,7357.5,2508.8,1283.2
,,,,,,,,3231,1683.2,2130.9,7178.4,2545.0,3439.2,3415.3,2087.2,1507.4,2065.8,7618.2,2554.9,1294.8
,,,,,,,,3232,1752.5,2231.4,7478.8,2617.0,3553.1,3596.9,2157.5,1532.7,2165.8,7893.2,2670.1,1332.8
,,,,,,,,3233,1827.8,2336.0,7883.4,2783.7,3708.3,3716.3,2290.3,1661.1,2263.2,8287.6,2860.6,1438.4
,,,,,,,,3234,1921.4,2409.5,8159.1,2938.2,3920.1,3953.0,2346.3,1730.7,2397.9,8677.1,2982.5,1466.9
,,,,,,,,3235,1963.1,2477.8,8312.0,2930.7,3939.4,3929.8,2413.7,1759.3,2390.6,8924.3,3019.3,1520.5
,,,,,,,,3236,1948.6,2407.1,8321.3,2870.6,3893.3,3871.0,2404.6,1700.4,2395.9,8696.9,3004.1,1499.3
,,,,,,,,3237,1834.2,2302.2,7798.6,2811.1,3689.3,3675.6,2263.7,1632.4,2307.3,8184.4,2876.3,1410.3
,,,,,,,,3238,1744.0,2201.9,7377.5,2622.1,3504.5,3543.1,2145.9,1538.9,2183.2,7820.0,2708.9,1337.9
,,,,,,,,3239,1675.1,2136.4,7190.1,2521.9,3368.8,3345.6,2090.4,1504.5,2073.4,7436.6,2564.8,1292.9
,,,,,,,,3240,1657.0,2076.9,6949.8,2430.6,3308.0,3278.4,1992.7,1447.3,2039.2,7326.7,2543.3,1260.8
,,,,,,,,3241,1512.6,1897.4,6325.8,2240.5,3074.6,3062.9,1866.5,1341.9,1866.5,6648.8,2303.3,1155.4
,,,,,,,,3242,1406.2,1803.5,6066.7,2139.5,2849.5,2831.0,1728.0,1279.2,1738.7,6350.2,2214.1,1099.3
,,,,,,,,3243,1353.4,1701.1,5741.0,2043.0,2748.2,2692.9,1645.3,1178.9,1667.7,6038.9,2103.0,1040.0
,,,,,,,,3244,1331.0,1669.6,5618.1,1965.9,2679.4,2648.5,1646.9,1171.7,1633.0,5935.8,2073.4,1013.3
,,,,,,,,3245,1387.4,1722.7,5867.2,2073.7,2828.6,2829.3,1715.1,1233.2,1719.4,6111.8,2138.7,1076.1
,,,,,,,,3246,1537.7,1912.7,6460.8,2305.4,3051.0,3014.9,1851.1,1337.4,1852.3,6816.6,2371.0,1179.6
,,,,,,,,3247,1674.3,2130.4,7248.0,2521.6,3368.2,3348.8,2046.7,1506.4,2058.5,7526.8,2566.7,1309.2
,,,,,,,,3248,1827.6,2256.6,7683.7,2749.7,3659.2,3633.6,2223.3,1613.6,2262.4,8181.3,2771.3,1401.3
,,,,,,,,3249,1878.3,2311.6,8086.4,2852.3,3736.4,3755.2,2324.0,1655.3,2327.4,8382.4,2917.0,1449.8
,,,,,,,,3250,1863.5,2318.8,7922.1,2819.5,3784.9,3695.4,2276.3,1652.0,2241.7,8378.4,2869.5,1428.2
,,,,,,,,3251,1764.1,2189.9,7525.3,2671.6,3548.2,3570.2,2191.4,1564.3,2161.3,8046.9,2749.2,1380.3
,,,,,,,,3252,1687.7,2131.5,7229.2,2534.9,3458.2,3430.0,2107.5,1514.8,2103.3,7489.8,2634.9,1304.6
,,,,,,,,3253,1658.5,2088.8,6916.9,2491.5,3279.6,3322.8,2041.3,1477.1,2051.0,7369.0,2511.5,1267.7
,,,,,,,,3254,1626.7,2073.0,6930.1,2434.0,3264.9,3341.5,2025.3,1443.7,2021.5,7311.4,2532.3,1268.3
,,,,,,,,3255,1661.2,2080.6,7075.3,2485.1,3371.5,3352.1,2064.6,1490.1,2067.3,7461.5,2572.6,1290.5
,,,,,,,,3256,1727.3,2202.8,7305.8,2627.2,3531.3,3497.8,2160.4,1527.7,2138.9,7802.3,2692.1,1334.8
,,,,,,,,3257,1846.9,2302.8,7778.3,2760.4,3644.0,3693.6,2235.3,1646.9,2262.4,8169.8,2825.1,1396.3
,,,,,,,,3258,1895.1,2434.0,8174.3,2854.8,3881.1,3875.1,2335.7,1700.3,2361.1,8515.1,2960.4,1459.0
,,,,,,,,3259,1978.7,2450.7,8361.4,2954.5,3894.6,3950.4,2386.9,1702.4,2396.4,8768.0,2966.0,1487.1
,,,,,,,,3260,1922.6,2417.6,8141.3,2884.3,3819.5,3879.9,2371.0,1696.5,2381.2,8483.9,3003.0,1487.2
,,,,,,,,3261,1813.3,2265.5,7809.5,2786.6,3730.2,3689.7,2252.4,1603.5,2230.1,8228.8,2797.4,1415.7
,,,,,,,,3262,1752.3,2203.0,7492.0,2616.0,3464.6,3563.3,2153.6,1533.6,2150.0,7813.2,2707.7,1332.4
,,,,,,,,3263,1672.4,2116.5,7178.4,2513.9,3331.0,3342.9,2071.7,1464.6,2037.6,7539.1,2548.1,1280.3
,,,,,,,,3264,1646.2,2050.2,6941.9,2432.0,3320.4,3320.6,2017.2,1445.2,2024.1,7254.9,2520.4,1250.9
,,,,,,,,3265,1510.8,1883.6,6291.5,2272.3,3033.0,3002.1,1837.4,1336.9,1807.9,6652.0,2326.6,1152.4
,,,,,,,,3266,1420.2,1791.8,5935.5,2100.5,2881.5,2852.7,1731.8,1268.7,1747.3,6288.4,2160.3,1091.2
,,,,,,,,3267,1349.0,1658.3,5643.1,1982.4,2709.8,2729.6,1626.9,1178.2,1644.5,5901.8,2066.3,1021.9
,,,,,,,,3268,1297.3,1658.7,5593.2,1959.4,2623.7,2609.3,1628.4,1171.1,1595.6,5784.8,2022.7,1024.2
,,,,,,,,3269,1364.6,1709.7,5800.1,2051.4,2752.7,2749.2,1675.5,1209.2,1696.0,6093.1,2143.1,1075.5
,,,,,,,,3270,1499.0,1880.8,6457.2,2283.9,2998.4,3065.8,1848.7,1314.8,1875.6,6820.6,2325.3,1158.1
,,,,,,,,3271,1671.3,2075.2,7019.2,2486.2,3378.1,3320.4,2017.1,1466.1,2031.6,7534.5,2601.3,1280.6
,,,,,,,,3272,1780.8,2266.5,7563.7,2727.3,3633.8,3581.3,2212.5,1575.6,2214.7,8099.4,2820.6,1386.5
,,,,,,,,3273,1860.5,2333.2,7953.0,2831.5,3765.1,3728.4,2316.0,1630.9,2308.6,8436.2,2915.1,1422.5
,,,,,,,,3274,1849.1,2312.8,7744.5,2785.5,3714.4,3721.9,2247.0,1641.9,2276.4,8188.1,2880.2,1438.8
,,,,,,,,3275,1777.8,2208.6,7594.0,2653.6,3529.0,3529.6,2155.4,1536.8,2157.8,7898.1,2754.5,1345.2
,,,,,,,,3276,1701.7,2077.1,7167.1,2500.9,3417.6,3394.9,2036.7,1485.6,2057.2,7614.1,2566.4,1315.8
,,,,,,,,3277,1655.5,2029.9,7031.0,2458.3,3320.5,3247.8,2001.0,1442.0,2003.9,7234.8,2539.1,1252.7
,,,,,,,,3278,1646.8,2030.9,6869.7,2462.4,3306.5,3306.8,1970.8,1447.2,2003.6,7302.1,2551.8,1254.6
,,,,,,,,3279,1653.0,2069.2,7024.9,2482.7,3317.4,3368.7,2028.0,1467.6,2067.3,7356.4,2550.1,1289.2
,,,,,,,,3280,1737.6,2132.6,7435.5,2564.9,3435.3,3497.8,2103.4,1535.7,2142.1,7826.6,2677.2,1324.6
,,,,,,,,3281,1818.7,2258.1,7844.5,2716.2,3657.3,3633.7,2233.7,1614.5,2246.5,8154.7,2830.2,1408.7
,,,,,,,,3282,1897.1,2347.1,7990.3,2833.0,3810.7,3848.0,2357.1,1692.9,2350.1,8470.5,2963.8,1486.0
,,,,,,,,3283,1952.9,2425.5,8306.5,2909.9,3948.2,3843.0,2393.8,1718.5,2410.4,8602.5,2960.7,1494.2
,,,,,,,,3284,1880.2,2390.0,8198.7,2874.6,3883.3,3810.5,2310.8,1680.0,2366.4,8483.8,2967.8,1475.3
,,,,,,,,3285,1833.0,2289.9,7855.7,2774.0,3711.3,3642.8,2228.9,1628.2,2266.5,8129.0,2851.9,1420.3
,,,,,,,,3286,1747.9,2165.0,7411.7,2574.7,3432.1,3447.1,2145.9,1530.9,2113.8,7808.1,2636.9,1341.6
,,,,,,,,3287,1635.9,2059.4,7120.9,2504.0,3303.4,3296.5,2053.1,1464.0,2009.0,7495.5,2604.2,1273.2
,,,,,,,,3288,1640.1,2044.0,6779.8,2410.0,3290.2,3234.4,1999.7,1430.2,1966.8,7175.9,2516.1,1263.1
,,,,,,,,3289,1461.6,1848.0,6351.1,2248.1,2972.6,2945.0,1792.1,1308.1,1842.4,6524.9,2273.8,1135.2
,,,,,,,,3290,1397.2,1747.0,5952.9,2082.5,2848.0,2824.0,1718.3,1240.4,1696.0,6291.0,2152.2,1087.4
,,,,,,,,3291,1336.6,1677.2,5722.7,1977.1,2639.8,2684.7,1610.4,1189.1,1623.3,5927.2,2090.7,1016.3
,,,,,,,,3292,1314.5,1613.9,5532.5,1941.8,2608.7,2637.4,1610.6,1143.8,1592.1,5887.0,2010.8,1003.1
,,,,,,,,3293,1353.4,1730.3,5858.1,2070.3,2771.5,2772.3,1676.5,1206.8,1696.4,6039.8,2130.0,1071.9
,,,,,,,,3294,1481.3,1842.8,6330.5,2212.8,3031.1,2981.7,1847.8,1322.3,1807.3,6615.8,2351.1,1176.1
,,,,,,,,3295,1643.3,2084.1,7087.7,2504.0,3292.4,3351.6,2039.0,1446.7,2031.6,7345.6,2575.6,1283.9
,,,,,,,,3296,1761.8,2219.8,7596.6,2668.8,3623.2,3558.9,2179.9,1559.6,2209.4,8048.1,2771.4,1376.9
,,,,,,,,3297,1871.7,2287.4,7901.3,2758.2,3674.8,3730.8,2234.7,1625.9,2249.0,8249.2,2883.0,1422.0
,,,,,,,,3298,1845.5,2286.0,7830.3,2730.3,3626.5,3691.5,2224.8,1629.1,2245.2,8113.7,2850.1,1430.3
,,,,,,,,3299,1722.4,2198.7,7484.1,2634.9,3563.3,3482.9,2159.1,1551.7,2173.4,7714.9,2751.1,1355.7
,,,,,,,,3300,1669.0,2080.1,7055.5,2534.0,3373.9,3361.6,2027.9,1472.3,2026.6,7395.3,2622.9,1310.0
,,,,,,,,3301,1600.1,2041.4,6865.1,2424.9,3243.6,3245.0,1962.3,1449.8,2020.2,7276.0,2497.0,1277.6
,,,,,,,,3302,1625.6,2000.4,6925.0,2408.4,3268.3,3271.4,1964.1,1409.7,1988.3,7138.5,2525.5,1243.5
,,,,,,,,3303,1629.5,2042.1,7036.5,2477.8,3321.6,3298.8,2022.5,1475.5,1992.3,7427.8,2561.8,1287.7
,,,,,,,,3304,1726.0,2125.3,7299.5,2575.9,3414.0,3486.7,2132.8,1525.4,2081.5,7636.7,2646.6,1341.6
,,,,,,,,3305,1826.5,2261.1,7605.3,2718.6,3585.0,3628.8,2202.0,1577.6,2199.8,8073.5,2841.9,1386.8
,,,,,,,,3306,1883.3,2385.8,7983.2,2860.2,3793.8,3837.5,2333.7,1666.6,2314.5,8525.6,2927.2,1475.0
,,,,,,,,3307,1924.3,2427.8,8161.0,2923.7,3866.9,3834.5,2365.2,1696.4,2374.4,8513.4,3011.7,1511.0
,,,,,,,,3308,1892.9,2339.4,8074.9,2810.5,3813.6,3855.6,2318.2,1643.3,2325.5,8453.7,2923.2,1487.3
,,,,,,,,3309,1831.5,2231.8,7784.9,2682.3,3607.0,3629.3,2237.9,1606.1,2227.5,8124.0,2771.4,1403.9
,,,,,,,,3310,1715.0,2146.8,7322.9,2562.1,3402.3,3434.5,2084.0,1507.1,2120.5,7614.7,2638.5,1333.4
,,,,,,,,3311,1662.3,2034.6,7084.0,2469.4,3344.4,3329.4,2030.4,1445.4,2040.9,7257.2,2525.0,1286.1
,,,,,,,,3312,1623.9,1979.7,6846.7,2382.8,3182.8,3231.8,1974.3,1422.2,1981.3,7263.0,2511.7,1242.9
,,,,,,,,3313,1403.8,1738.5,5909.1,2045.3,2750.1,2747.2,1687.7,1231.5,1715.6,6088.3,2129.5,1080.3
,,,,,,,,3314,1291.2,1641.4,5558.1,1962.5,2594.0,2625.1,1595.9,1153.6,1581.8,5821.0,2036.2,1011.0
,,,,,,,,3315,1232.0,1566.7,5275.0,1843.1,2521.0,2502.4,1503.6,1100.1,1504.6,5485.8,1953.9,967.1
,,,,,,,,3316,1225.5,1502.5,5148.7,1846.8,2465.0,2422.9,1485.3,1083.8,1471.1,5367.9,1878.6,937.9
,,,,,,,,3317,1265.3,1573.3,5385.3,1914.6,2580.6,2582.5,1549.3,1123.6,1573.3,5591.1,1995.6,1004.0
,,,,,,,,3318,1398.9,1758.7,5983.2,2082.1,2790.2,2820.0,1704.6,1216.4,1712.0,6189.5,2173.3,1086.9
,,,,,,,,3319,1560.1,1939.3,6602.4,2290.7,3135.6,3086.5,1911.6,1382.0,1906.2,6981.4,2423.1,1199.3
,,,,,,,,3320,1654.2,2091.5,7094.1,2499.3,3354.5,3363.6,2035.5,1485.1,2040.6,7378.0,2589.0,1279.8
,,,,,,,,3321,1721.0,2151.9,7362.4,2582.6,3441.0,3463.9,2128.2,1515.0,2119.5,7582.6,2671.2,1342.3
,,,,,,,,3322,1717.1,2130.8,7319.9,2579.3,3373.3,3410.8,2093.5,1517.4,2075.8,7591.2,2651.9,1307.2
,,,,,,,,3323,1630.3,2052.7,7005.6,2426.1,3243.2,3319.8,2012.8,1435.5,1972.9,7361.0,2533.3,1277.9
,,,,,,,,3324,1576.2,1957.6,6569.8,2340.7,3096.6,3100.3,1906.9,1388.7,1897.5,6999.5,2420.6,1205.7
,,,,,,,,3325,1514.5,1883.8,6498.5,2271.5,3067.1,3031.7,1830.2,1336.7,1851.2,6767.7,2335.6,1181.4
,,,,,,,,3326,1502.9,1880.8,6342.3,2283.1,3051.3,3053.0,1844.6,1324.6,1845.0,6775.5,2364.8,1176.8
,,,,,,,,3327,1554.1,1914.9,6489.0,2304.4,3097.6,3069.7,1909.8,1343.6,1890.2,6927.7,2425.7,1180.6
,,,,,,,,3328,1606.6,2002.4,6821.7,2378.3,3231.2,3185.6,1952.3,1402.2,1972.8,7110.5,2496.1,1255.1
,,,,,,,,3329,1705.4,2115.5,7090.0,2492.6,3418.0,3429.0,2067.4,1502.1,2075.8,7609.9,2600.6,1329.0
,,,,,,,,3330,1760.8,2212.0,7539.9,2675.3,3584.3,3577.6,2131.3,1570.5,2164.3,7872.4,2780.3,1358.2
,,,,,,,,3331,1777.0,2274.4,7643.3,2687.4,3576.4,3640.7,2212.1,1570.3,2214.0,8101.5,2780.6,1403.3
,,,,,,,,3332,1782.4,2209.4,7430.3,2643.4,3518.1,3532.0,2178.9,1544.6,2185.2,7882.8,2740.7,1353.4
,,,,,,,,3333,1698.6,2100.1,7106.8,2515.3,3349.3,3347.9,2049.0,1487.0,2079.8,7452.9,2655.3,1311.3
,,,,,,,,3334,1619.8,1977.8,6754.1,2368.6,3198.3,3258.8,1959.6,1403.9,1945.5,7154.2,2480.7,1243.1
,,,,,,,,3335,1556.3,1895.3,6611.0,2323.1,3068.9,3090.6,1904.4,1366.7,1877.0,6898.7,2399.3,1194.3
,,,,,,,,3336,1488.6,1878.8,6344.0,2233.2,2977.1,3015.1,1821.7,1309.3,1843.4,6752.1,2329.2,1163.8
,,,,,,,,3337,1364.9,1722.9,5884.1,2075.5,2733.8,2740.3,1671.7,1219.7,1702.3,6141.2,2151.9,1071.2
,,,,,,,,3338,1309.1,1640.6,5527.1,1928.9,2636.0,2573.1,1597.1,1148.9,1569.9,5751.6,2027.4,1018.1
,,,,,,,,3339,1241.0,1554.3,5241.9,1821.5,2446.2,2468.8,1523.1,1067.5,1490.8,5448.7,1899.4,973.0
,,,,,,,,3340,1212.3,1489.0,5175.0,1815.7,2393.4,2430.7,1462.4,1064.6,1479.7,5330.1,1883.0,931.7
,,,,,,,,3341,1254.5,1589.1,5362.2,1872.9,2504.2,2539.1,1552.0,1095.9,1562.1,5697.2,1969.6,986.3
,,,,,,,,3342,1370.9,1715.5,5823.9,2058.1,2780.5,2809.1,1696.1,1237.0,1688.5,6085.4,2168.1,1080.8
,,,,,,,,3343,1549.5,1930.1,6582.4,2292.5,3062.9,3111.1,1871.7,1349.2,1880.5,6902.9,2397.0,1207.6
,,,,,,,,3344,1649.8,2069.5,7082.2,2513.4,3284.6,3278.7,2035.2,1461.2,2050.1,7261.2,2602.4,1279.2
,,,,,,,,3345,1730.3,2126.7,7291.2,2533.2,3382.8,3452.7,2098.2,1508.9,2061.1,7697.2,2639.7,1343.2
,,,,,,,,3346,1699.6,2107.0,7189.6,2539.0,3365.2,3425.1,2082.3,1494.3,2053.0,7619.0,2619.2,1311.9
,,,,,,,,3347,1603.9,2023.8,6881.8,2435.3,3203.5,3223.7,2000.1,1407.7,1967.6,7204.8,2502.3,1267.2
,,,,,,,,3348,1527.4,1957.7,6538.2,2349.4,3115.2,3121.1,1912.1,1365.3,1884.5,6982.1,2441.6,1221.6
,,,,,,,,3349,1506.6,1870.7,6369.9,2270.9,2972.7,3034.1,1849.0,1327.1,1848.0,6710.8,2350.0,1186.6
,,,,,,,,3350,1477.3,1860.5,6324.6,2224.5,3017.6,3045.3,1804.7,1301.1,1825.5,6753.4,2333.8,1172.1
,,,,,,,,3351,1543.3,1883.6,6490.9,2277.6,3031.5,3096.5,1882.2,1336.8,1894.3,6698.2,2373.2,1181.1
,,,,,,,,3352,1592.1,2002.4,6812.2,2349.2,3235.2,3191.9,1926.9,1400.4,1947.7,7168.8,2488.4,1224.6
,,,,,,,,3353,1653.4,2076.8,7179.8,2524.9,3362.5,3402.9,2027.7,1474.9,2051.3,7426.0,2604.2,1293.5
,,,,,,,,3354,1749.6,2173.5,7357.9,2603.0,3516.3,3530.3,2110.7,1529.2,2123.1,7760.8,2751.2,1361.6
,,,,,,,,3355,1771.4,2236.5,7642.2,2704.6,3607.5,3553.4,2152.6,1576.0,2193.7,7881.7,2818.8,1390.4
,,,,,,,,3356,1750.3,2202.5,7354.9,2620.3,3551.2,3507.4,2125.5,1555.6,2149.2,7718.5,2746.6,1352.2
,,,,,,,,3357,1665.5,2073.1,7021.8,2505.9,3326.3,3350.3,2069.8,1482.6,2063.0,7384.4,2605.4,1292.6
,,,,,,,,3358,1570.0,2013.6,6744.5,2359.6,3180.0,3217.4,1919.4,1412.7,1956.1,7002.8,2486.6,1237.4
,,,,,,,,3359,1510.7,1905.5,6503.2,2257.2,3033.2,3041.0,1858.3,1339.1,1861.1,6712.1,2391.5,1202.7
,,,,,,,,3360,1463.7,1863.7,6317.1,2255.2,2987.8,2938.2,1803.1,1327.6,1842.5,6586.3,2298.4,1173.4
,,,,,,,,3361,1459.1,1816.2,6184.4,2163.2,2934.2,2914.5,1755.2,1289.4,1791.4,6530.6,2299.5,1150.0
,,,,,,,,3362,1381.3,1737.6,5865.3,2027.1,2732.0,2777.7,1680.2,1199.9,1682.7,6051.3,2182.5,1074.4
,,,,,,,,3363,1316.0,1623.0,5544.1,1971.2,2639.1,2618.6,1574.5,1126.1,1576.8,5723.2,2019.0,1030.3
,,,,,,,,3364,1260.3,1609.9,5344.6,1920.8,2526.6,2588.1,1545.3,1132.8,1575.7,5591.9,2009.3,987.6
,,,,,,,,3365,1334.4,1653.0,5729.2,1969.3,2654.6,2683.8,1623.7,1157.1,1636.4,5866.9,2062.6,1038.8
,,,,,,,,3366,1466.5,1846.4,6198.4,2211.8,2932.8,2913.5,1763.8,1281.8,1787.9,6448.8,2267.1,1137.4
,,,,,,,,3367,1629.9,2025.6,6834.3,2459.5,3208.4,3290.0,1980.0,1430.5,1964.3,7179.1,2547.4,1283.0
,,,,,,,,3368,1765.5,2181.7,7320.5,2635.0,3512.5,3485.6,2110.8,1535.7,2166.0,7795.1,2772.9,1383.3
,,,,,,,,3369,1815.3,2248.8,7696.5,2667.0,3643.6,3648.0,2173.7,1593.0,2181.0,8122.8,2808.2,1399.9
,,,,,,,,3370,1788.4,2210.8,7623.9,2648.2,3552.5,3529.1,2179.5,1564.2,2176.2,7961.3,2806.9,1410.3
,,,,,,,,3371,1689.2,2120.5,7339.5,2571.1,3393.7,3428.9,2061.0,1482.6,2067.1,7538.2,2695.7,1358.9
,,,,,,,,3372,1636.9,2065.2,6969.1,2452.2,3257.2,3262.0,2001.1,1448.4,2001.9,7324.2,2599.2,1266.0
,,,,,,,,3373,1589.5,1971.4,6649.4,2361.1,3187.4,3208.7,1956.0,1405.6,1914.7,7154.0,2488.5,1239.7
,,,,,,,,3374,1601.9,1983.3,6803.9,2395.8,3132.3,3176.7,1929.7,1396.9,1958.6,6995.6,2510.3,1254.3
,,,,,,,,3375,1602.8,2006.6,6910.5,2416.4,3190.6,3271.1,1952.2,1418.4,1945.3,7244.4,2551.0,1281.9
,,,,,,,,3376,1667.7,2110.1,7226.5,2507.7,3370.8,3330.4,2066.6,1469.1,2023.3,7387.9,2601.2,1318.9
,,,,,,,,3377,1741.3,2182.0,7515.4,2656.2,3559.0,3582.4,2157.5,1575.8,2184.1,7906.8,2775.0,1399.4
,,,,,,,,3378,1866.2,2324.0,7861.9,2804.6,3689.8,3739.2,2239.4,1646.2,2269.3,8293.9,2920.8,1453.0
,,,,,,,,3379,1864.6,2366.9,8066.2,2852.5,3803.1,3733.8,2310.5,1660.9,2264.6,8362.3,2923.5,1461.7
,,,,,,,,3380,1844.7,2319.3,7845.0,2759.7,3755.2,3740.3,2229.3,1639.9,2278.6,8246.9,2931.5,1430.4
,,,,,,,,3381,1785.7,2216.5,7411.2,2637.5,3570.8,3591.3,2144.4,1552.2,2180.8,7971.0,2806.0,1392.3
,,,,,,,,3382,1658.0,2120.4,7037.7,2519.7,3324.2,3406.5,2038.2,1476.9,2071.2,7465.5,2664.3,1303.7
,,,,,,,,3383,1631.1,1998.8,6853.3,2439.8,3220.8,3206.5,1967.8,1402.5,1967.1,7129.3,2499.7,1248.2
,,,,,,,,3384,1579.3,1931.1,6677.6,2363.9,3142.9,3140.2,1926.6,1366.0,1942.1,6899.2,2483.9,1213.3
,,,,,,,,3385,1433.3,1800.3,6190.1,2147.4,2863.9,2914.9,1770.8,1275.2,1753.7,6339.1,2280.2,1131.7
,,,,,,,,3386,1353.1,1718.1,5865.2,2027.0,2729.1,2697.5,1653.9,1186.9,1670.0,6072.1,2132.8,1083.6
,,,,,,,,3387,1303.8,1612.3,5428.6,1950.3,2618.1,2588.8,1569.7,1136.7,1590.3,5688.4,2050.1,1004.8
,,,,,,,,3388,1261.0,1583.6,5402.8,1910.4,2527.3,2565.7,1558.2,1116.5,1524.8,5701.7,1987.9,993.3
,,,,,,,,3389,1337.4,1637.3,5553.1,1979.8,2687.1,2661.6,1609.6,1162.7,1614.4,5888.1,2095.4,1030.5
,,,,,,,,3390,1432.5,1791.2,6124.9,2158.0,2899.9,2865.0,1764.8,1260.0,1750.4,6397.6,2289.8,1152.5
,,,,,,,,3391,1620.3,2002.6,6821.2,2426.9,3209.5,3237.8,1980.5,1392.9,1947.0,7131.2,2503.8,1257.8
,,,,,,,,3392,1735.1,2144.2,7469.4,2596.1,3511.5,3489.9,2128.8,1527.8,2096.9,7749.2,2755.9,1346.6
,,,,,,,,3393,1775.2,2266.3,7602.6,2720.4,3580.5,3568.7,2217.4,1577.2,2168.1,7980.6,2809.4,1417.1
,,,,,,,,3394,1779.6,2196.8,7620.3,2636.9,3516.5,3560.1,2142.1,1534.9,2174.4,7919.7,2791.3,1381.5
,,,,,,,,3395,1713.5,2109.3,7096.3,2521.8,3369.3,3408.1,2080.9,1482.5,2046.9,7448.8,2678.1,1342.4
,,,,,,,,3396,1640.1,2021.9,6913.2,2444.2,3227.4,3215.4,1955.5,1424.3,1973.7,7094.1,2574.1,1263.4
,,,,,,,,3397,1561.1,1937.5,6747.2,2333.4,3155.3,3178.4,1922.6,1378.4,1902.4,6934.6,2453.3,1237.6
,,,,,,,,3398,1560.4,1938.3,6585.6,2362.9,3151.6,3141.6,1933.8,1371.4,1914.1,6897.7,2504.2,1227.1
,,,,,,,,3399,1619.1,2014.3,6694.7,2409.1,3191.8,3236.1,1934.7,1402.3,1967.3,7005.4,2516.2,1254.6
,,,,,,,,3400,1676.8,2081.4,7036.0,2532.7,3337.9,3329.5,2024.3,1452.8,2011.1,7299.3,2635.8,1330.0
,,,,,,,,3401,1738.4,2170.6,7486.3,2609.4,3505.7,3496.4,2127.4,1531.1,2165.6,7810.4,2737.8,1399.6
,,,,,,,,3402,1836.8,2298.7,7849.4,2757.1,3645.7,3648.1,2208.5,1608.8,2247.7,8147.8,2920.6,1448.2
,,,,,,,,3403,1852.6,2297.4,7944.1,2754.8,3708.6,3757.2,2279.1,1639.1,2257.4,8314.1,2969.1,1463.0
,,,,,,,,3404,1846.9,2289.0,7688.6,2762.8,3709.3,3720.2,2212.3,1597.4,2225.0,8168.8,2876.3,1429.3
,,,,,,,,3405,1764.2,2209.0,7482.2,2626.8,3544.6,3468.3,2160.0,1550.2,2162.0,7735.5,2742.5,1398.2
,,,,,,,,3406,1673.8,2048.9,7033.6,2489.9,3305.4,3369.0,2055.8,1453.4,2056.7,7447.1,2635.8,1306.3
,,,,,,,,3407,1596.9,2022.1,6689.3,2410.6,3199.6,3206.3,1921.6,1392.5,1946.0,7019.8,2491.6,1254.0
,,,,,,,,3408,1558.8,1964.1,6563.1,2348.8,3080.8,3102.8,1872.7,1362.5,1912.6,6935.0,2441.5,1228.6
,,,,,,,,3409,1428.5,1788.4,6052.0,2155.1,2832.8,2838.8,1729.5,1265.4,1743.2,6426.0,2268.2,1116.7
,,,,,,,,3410,1351.8,1685.3,5685.1,2039.9,2665.9,2669.2,1646.4,1197.5,1640.1,6007.0,2153.4,1052.9
,,,,,,,,3411,1296.0,1594.7,5440.1,1933.7,2569.7,2537.4,1570.1,1118.4,1582.5,5743.4,2014.0,997.9
,,,,,,,,3412,1269.7,1583.3,5281.8,1871.1,2531.9,2501.3,1514.4,1099.0,1520.5,5653.7,2003.7,985.6
,,,,,,,,3413,1298.7,1659.2,5518.4,1980.9,2593.7,2650.5,1612.3,1170.1,1581.9,5776.8,2071.9,1045.6
,,,,,,,,3414,1458.0,1780.8,6030.7,2140.6,2890.0,2866.8,1753.4,1249.0,1755.9,6316.2,2287.6,1149.7
,,,,,,,,3415,1578.3,1977.5,6785.2,2370.4,3206.6,3166.9,1940.4,1407.8,1919.6,7143.5,2484.1,1254.9
,,,,,,,,3416,1717.7,2138.7,7234.7,2584.8,3482.0,3477.4,2121.5,1493.4,2123.2,7580.0,2693.1,1347.3
,,,,,,,,3417,1802.2,2241.3,7622.1,2626.1,3529.4,3539.2,2145.4,1572.8,2172.8,7915.6,2807.7,1387.9
,,,,,,,,3418,1733.6,2182.2,7557.1,2597.3,3500.7,3459.9,2119.0,1544.3,2114.4,7857.7,2759.0,1386.3
,,,,,,,,3419,1686.5,2096.1,7127.3,2488.9,3355.5,3352.3,2076.5,1472.0,2079.0,7497.3,2666.3,1340.2
,,,,,,,,3420,1602.6,2026.7,6862.9,2384.0,3219.6,3188.3,1948.9,1392.0,1986.8,7071.2,2563.0,1260.4
,,,,,,,,3421,1539.4,1928.2,6567.9,2360.5,3150.8,3118.0,1888.7,1358.1,1886.9,7024.7,2456.2,1229.2
,,,,,,,,3422,1553.0,1946.3,6523.9,2305.7,3160.4,3109.5,1908.9,1370.7,1898.1,6883.4,2473.0,1223.5
,,,,,,,,3423,1572.3,1990.2,6667.0,2378.5,3161.6,3189.2,1950.5,1398.5,1956.6,6952.4,2495.2,1241.0
,,,,,,,,3424,1643.5,2052.2,7018.2,2445.5,3339.5,3270.9,2029.3,1437.0,2001.4,7410.6,2613.0,1293.8
,,,,,,,,3425,1759.5,2167.2,7421.9,2620.8,3527.9,3449.0,2125.3,1538.4,2123.8,7807.9,2717.7,1372.5
,,,,,,,,3426,1811.6,2297.7,7647.2,2712.9,3622.8,3648.6,2231.0,1593.8,2193.6,8164.0,2839.9,1447.2
,,,,,,,,3427,1824.3,2306.1,7789.7,2800.0,3670.8,3726.3,2289.7,1631.4,2231.4,8289.9,2933.6,1453.2
,,,,,,,,3428,1810.9,2280.5,7790.7,2738.7,3680.0,3603.6,2228.7,1607.0,2199.8,8025.8,2896.3,1455.9
,,,,,,,,3429,1759.7,2149.9,7337.8,2600.2,3462.7,3433.2,2098.7,1545.3,2152.9,7767.1,2767.4,1365.5
,,,,,,,,3430,1656.4,2089.4,6938.8,2472.4,3341.2,3312.4,2020.7,1472.2,2031.4,7234.0,2576.4,1317.3
,,,,,,,,3431,1589.4,2002.6,6819.0,2403.3,3216.4,3205.3,1907.5,1385.2,1925.7,7055.2,2496.2,1232.6
,,,,,,,,3432,1523.9,1903.6,6504.6,2339.2,3051.9,3130.0,1872.1,1361.6,1858.7,6769.1,2447.8,1226.5
,,,,,,,,3433,1417.9,1777.6,6035.8,2141.2,2847.6,2862.2,1731.0,1252.7,1732.2,6295.6,2233.2,1136.2
,,,,,,,,3434,1332.5,1670.4,5766.3,1983.6,2670.5,2696.3,1647.4,1162.1,1644.6,6003.5,2151.4,1062.7
,,,,,,,,3435,1282.9,1587.9,5396.2,1908.0,2569.4,2528.1,1549.8,1114.6,1548.4,5683.5,2011.8,993.6
,,,,,,,,3436,1253.5,1566.6,5249.9,1860.0,2456.8,2508.0,1537.1,1101.1,1530.9,5508.6,1995.3,983.2
,,,,,,,,3437,1302.2,1643.5,5515.4,1959.0,2641.7,2600.3,1591.5,1149.2,1604.7,5715.3,2088.2,1034.4
,,,,,,,,3438,1423.4,1790.8,6029.2,2124.8,2897.8,2871.8,1765.6,1240.6,1754.8,6321.5,2297.4,1134.5
,,,,,,,,3439,1570.2,1949.2,6671.2,2338.6,3129.1,3116.2,1934.7,1401.0,1940.8,7093.6,2488.1,1248.7
,,,,,,,,3440,1703.1,2120.8,7268.0,2574.4,3390.2,3453.1,2071.6,1509.4,2091.4,7610.4,2681.6,1341.3
,,,,,,,,3441,1783.1,2170.1,7495.2,2654.3,3527.6,3561.0,2129.8,1525.5,2133.9,7811.8,2767.6,1416.6
,,,,,,,,3442,1739.7,2146.2,7497.2,2584.9,3495.3,3498.1,2146.3,1525.4,2114.5,7815.5,2728.0,1375.2
,,,,,,,,3443,1646.2,2071.3,7093.4,2479.6,3324.8,3385.7,2049.4,1445.2,2024.2,7379.5,2682.5,1333.5
,,,,,,,,3444,1592.3,1991.3,6751.7,2373.6,3148.2,3194.6,1930.1,1380.2,1920.2,6974.1,2494.4,1248.8
,,,,,,,,3445,1543.9,1915.9,6609.4,2295.0,3087.1,3084.8,1909.1,1349.3,1908.1,6887.0,2477.9,1241.6
,,,,,,,,3446,1531.4,1913.5,6604.1,2286.5,3119.2,3084.6,1866.9,1367.2,1864.3,6924.9,2430.1,1230.2
,,,,,,,,3447,1590.9,1942.2,6772.9,2343.0,3125.2,3178.8,1891.2,1388.3,1914.3,7019.2,2515.8,1251.8
,,,,,,,,3448,1642.5,2017.5,7048.7,2467.6,3268.3,3320.5,2024.5,1437.2,1972.7,7299.8,2621.0,1302.0
,,,,,,,,3449,1709.9,2147.9,7228.9,2611.4,3409.1,3409.0,2085.9,1506.0,2107.8,7553.7,2758.2,1361.6
,,,,,,,,3450,1791.2,2223.5,7627.5,2739.4,3580.5,3647.7,2190.9,1576.7,2175.5,7935.1,2897.5,1447.4
,,,,,,,,3451,1851.1,2277.5,7842.6,2756.1,3694.2,3709.2,2213.3,1608.1,2211.3,8096.9,2924.6,1464.4
,,,,,,,,3452,1783.2,2248.4,7629.7,2707.0,3567.5,3584.5,2172.1,1564.6,2203.4,7968.2,2873.1,1427.3
,,,,,,,,3453,1748.4,2144.1,7399.2,2590.9,3408.5,3447.2,2085.5,1512.2,2087.1,7562.8,2708.4,1368.6
,,,,,,,,3454,1640.0,2076.5,6949.4,2446.6,3242.7,3276.1,1993.9,1436.7,1980.1,7253.1,2599.2,1287.4
,,,,,,,,3455,1593.3,1966.9,6698.9,2324.5,3133.8,3122.5,1942.0,1383.2,1889.5,7053.0,2483.5,1257.9
,,,,,,,,3456,1530.0,1884.8,6484.0,2321.2,3079.0,3086.9,1883.4,1336.0,1860.2,6761.5,2464.5,1198.6
,,,,,,,,3457,1408.2,1778.6,6055.2,2090.8,2827.0,2848.3,1707.5,1216.7,1734.0,6301.8,2238.1,1117.2
,,,,,,,,3458,1348.1,1684.7,5575.1,2023.6,2679.2,2645.1,1600.0,1155.9,1619.5,5983.1,2132.9,1062.9
,,,,,,,,3459,1251.4,1550.5,5271.5,1910.0,2488.5,2501.2,1551.3,1095.4,1527.8,5560.9,2001.1,1005.1
,,,,,,,,3460,1235.2,1559.6,5249.6,1832.3,2438.0,2496.6,1497.1,1085.0,1490.6,5527.4,1944.7,985.3
,,,,,,,,3461,1295.8,1637.1,5427.7,1933.6,2596.0,2580.0,1590.8,1145.4,1553.6,5694.1,2036.6,1043.5
,,,,,,,,3462,1426.5,1771.0,5938.4,2128.0,2844.2,2812.1,1707.6,1258.5,1713.9,6200.4,2225.1,1113.7
,,,,,,,,3463,1568.7,1954.7,6725.2,2367.3,3129.7,3142.6,1909.9,1386.8,1888.4,6936.6,2495.4,1258.4
,,,,,,,,3464,1703.7,2102.6,7268.8,2554.8,3384.5,3431.3,2078.9,1506.7,2067.3,7427.1,2712.6,1339.9
,,,,,,,,3465,1772.4,2197.1,7375.6,2622.6,3528.7,3527.5,2155.4,1523.6,2163.7,7829.5,2759.0,1376.4
,,,,,,,,3466,1745.2,2148.5,7409.8,2604.1,3427.8,3429.4,2080.8,1536.5,2106.1,7634.0,2731.1,1382.5
,,,,,,,,3467,1649.3,2055.8,6940.3,2454.0,3265.2,3282.6,2025.4,1471.1,2004.8,7327.5,2626.3,1298.5
,,,,,,,,3468,1601.9,1995.0,6723.7,2368.8,3128.4,3147.6,1955.7,1373.5,1937.6,7082.3,2506.2,1248.6
,,,,,,,,3469,1525.5,1895.0,6453.0,2327.7,3114.0,3079.8,1887.5,1330.1,1874.4,6828.9,2437.7,1210.3
,,,,,,,,3470,1536.4,1892.3,6594.7,2320.7,3024.6,3104.8,1857.5,1325.6,1845.6,6870.2,2474.2,1212.1
,,,,,,,,3471,1547.2,1934.4,6569.8,2356.0,3124.4,3167.7,1881.8,1355.7,1902.3,6946.4,2484.8,1254.1
,,,,,,,,3472,1618.4,2024.5,6892.6,2435.2,3267.5,3270.9,1962.0,1432.8,1987.9,7196.8,2570.1,1305.7
,,,,,,,,3473,1731.2,2158.6,7314.6,2556.7,3410.8,3441.3,2082.0,1524.8,2067.5,7613.8,2712.5,1355.0
,,,,,,,,3474,1777.4,2239.8,7648.3,2676.7,3625.5,3581.5,2156.3,1567.2,2190.2,8003.2,2874.3,1410.6
,,,,,,,,3475,1835.5,2300.4,7648.3,2719.4,3621.8,3617.9,2187.9,1612.6,2238.4,7973.5,2881.8,1435.0
,,,,,,,,3476,1808.0,2226.2,7655.2,2680.1,3607.5,3579.1,2194.2,1548.2,2156.0,7901.0,2826.7,1437.5
,,,,,,,,3477,1732.9,2117.6,7381.5,2597.8,3467.7,3402.3,2062.2,1516.5,2066.2,7660.2,2695.1,1373.9
,,,,,,,,3478,1624.6,2028.1,6923.4,2426.0,3259.5,3261.5,1954.8,1431.4,1968.8,7322.1,2550.9,1288.8
,,,,,,,,3479,1544.6,1973.5,6648.6,2357.1,3143.5,3077.0,1877.1,1388.2,1881.2,6858.3,2494.3,1240.0
,,,,,,,,3480,1521.2,1905.8,6433.5,2261.6,3015.7,3072.9,1830.5,1313.6,1852.8,6716.7,2413.7,1207.6
,,,,,,,,3481,1319.0,1632.6,5516.9,1947.0,2605.0,2622.3,1576.4,1162.2,1592.7,5879.6,2103.9,1058.3
,,,,,,,,3482,1233.2,1535.7,5202.2,1843.4,2479.3,2445.2,1499.3,1080.2,1494.3,5574.1,1955.6,987.3
,,,,,,,,3483,1168.8,1452.1,5024.7,1758.2,2353.0,2368.5,1447.8,1026.3,1448.2,5146.9,1895.7,941.2
,,,,,,,,3484,1151.2,1446.0,4861.1,1746.6,2317.0,2289.0,1394.5,1015.5,1421.8,5141.9,1818.0,933.5
,,,,,,,,3485,1192.8,1516.5,5151.0,1802.8,2390.4,2416.8,1453.8,1053.6,1471.3,5411.1,1908.9,961.2
,,,,,,,,3486,1338.2,1643.5,5614.5,1982.8,2653.8,2662.9,1609.3,1171.2,1631.6,5892.0,2143.6,1045.3
,,,,,,,,3487,1472.3,1836.3,6215.0,2203.9,2951.8,2950.6,1780.2,1284.7,1793.9,6509.0,2322.7,1176.5
,,,,,,,,3488,1590.7,1980.1,6752.9,2372.0,3174.6,3148.6,1904.3,1369.2,1944.0,7068.6,2536.0,1247.5
,,,,,,,,3489,1615.2,2027.5,6984.7,2450.7,3253.6,3245.0,2004.4,1416.3,1977.0,7341.5,2644.6,1307.4
,,,,,,,,3490,1631.4,2033.4,6915.2,2439.1,3254.8,3186.0,1958.1,1400.2,1956.1,7065.4,2570.9,1298.2
,,,,,,,,3491,1535.6,1930.5,6489.5,2309.8,3120.7,3100.3,1880.4,1349.0,1859.6,6801.1,2474.6,1226.4
,,,,,,,,3492,1493.2,1866.3,6256.0,2210.7,2934.5,2985.9,1787.1,1308.7,1808.8,6505.4,2390.6,1189.8
,,,,,,,,3493,1438.3,1816.4,6058.5,2118.8,2890.9,2853.4,1753.3,1273.1,1754.3,6298.1,2258.8,1152.0
,,,,,,,,3494,1435.9,1797.5,6085.2,2133.0,2891.1,2830.9,1758.0,1247.7,1742.4,6316.6,2271.7,1134.9
,,,,,,,,3495,1446.5,1811.6,6188.5,2210.6,2887.2,2922.1,1776.4,1275.8,1783.6,6513.9,2352.4,1151.2
,,,,,,,,3496,1534.6,1872.8,6486.7,2303.6,3051.7,3009.5,1834.6,1321.9,1862.3,6658.0,2391.6,1217.3
,,,,,,,,3497,1586.0,1992.7,6742.5,2404.0,3144.1,3206.6,1972.8,1420.6,1921.5,7054.0,2541.8,1287.6
,,,,,,,,3498,1661.4,2113.7,7153.5,2482.2,3312.5,3291.5,2004.7,1479.5,2048.4,7305.0,2671.5,1334.2
,,,,,,,,3499,1699.6,2146.9,7246.4,2562.7,3348.2,3429.4,2099.8,1474.6,2071.7,7566.3,2682.7,1343.6
,,,,,,,,3500,1662.4,2090.3,7064.4,2485.5,3316.7,3352.4,2057.9,1445.6,2023.8,7316.0,2671.7,1319.3
,,,,,,,,3501,1587.4,2023.5,6868.1,2427.4,3154.0,3200.3,1948.9,1421.7,1921.8,6985.2,2587.6,1293.7
,,,,,,,,3502,1494.2,1906.2,6380.8,2247.6,3057.2,3046.5,1842.4,1324.4,1874.1,6780.5,2439.1,1199.1
,,,,,,,,3503,1466.5,1803.6,6084.9,2198.7,2861.3,2921.6,1796.5,1286.2,1777.1,6393.6,2308.2,1153.1
,,,,,,,,3504,1433.6,1774.6,5989.3,2111.0,2834.2,2826.9,1704.4,1247.0,1750.7,6198.7,2258.0,1138.6
,,,,,,,,3505,1284.2,1612.7,5527.8,1931.8,2570.9,2602.8,1577.0,1133.5,1600.8,5810.4,2062.4,1031.0
,,,,,,,,3506,1218.0,1527.2,5179.5,1841.6,2452.8,2483.1,1480.4,1093.4,1503.3,5447.2,2004.2,981.4
,,,,,,,,3507,1151.8,1437.7,4917.3,1736.0,2290.5,2333.5,1419.3,1024.0,1438.7,5226.6,1895.3,946.6
,,,,,,,,3508,1135.9,1414.7,4840.9,1700.8,2249.9,2269.0,1383.2,988.7,1372.3,5059.9,1837.3,927.5
,,,,,,,,3509,1197.3,1488.9,5093.8,1799.7,2365.5,2381.9,1468.3,1033.4,1460.1,5248.7,1898.6,971.9
,,,,,,,,3510,1291.7,1642.5,5640.4,1968.3,2596.9,2641.9,1612.6,1147.1,1572.8,5806.3,2112.2,1053.6
,,,,,,,,3511,1470.1,1798.1,6120.5,2208.6,2871.7,2887.5,1741.6,1260.8,1743.5,6367.8,2299.6,1168.1
,,,,,,,,3512,1577.0,1953.1,6609.5,2335.8,3085.1,3152.6,1935.7,1353.3,1913.6,6924.7,2510.9,1243.1
,,,,,,,,3513,1642.4,1997.0,6970.0,2443.4,3260.8,3196.0,1986.3,1419.2,1963.4,7192.1,2630.5,1316.6
,,,,,,,,3514,1578.6,1989.6,6700.9,2416.4,3193.9,3167.4,1972.2,1412.1,1935.5,7058.5,2533.7,1287.6
,,,,,,,,3515,1527.0,1935.4,6498.8,2313.2,3087.1,3035.5,1872.7,1361.9,1884.5,6799.3,2460.8,1220.6
,,,,,,,,3516,1464.0,1807.6,6302.4,2185.2,2906.0,2892.0,1800.6,1267.4,1784.7,6543.3,2353.1,1181.1
,,,,,,,,3517,1402.4,1764.7,6067.2,2143.8,2871.1,2826.1,1717.1,1237.1,1737.2,6239.6,2266.1,1140.7
,,,,,,,,3518,1415.1,1751.5,6004.9,2138.1,2820.3,2865.1,1716.9,1223.9,1701.1,6251.9,2266.3,1128.9
,,,,,,,,3519,1454.1,1798.1,6152.8,2167.2,2852.9,2870.3,1733.9,1262.6,1782.7,6443.0,2309.6,1161.4
,,,,,,,,3520,1486.7,1855.7,6447.9,2252.2,2974.1,3024.1,1827.7,1318.1,1831.1,6629.8,2405.3,1218.6
,,,,,,,,3521,1560.9,1988.4,6789.5,2407.3,3151.9,3121.7,1950.1,1403.4,1927.0,7086.2,2524.4,1252.9
,,,,,,,,3522,1638.6,2056.5,7072.4,2480.0,3353.3,3311.5,1990.8,1469.1,2043.3,7256.4,2641.6,1315.1
,,,,,,,,3523,1671.3,2107.9,7124.0,2508.6,3317.1,3357.2,2073.1,1493.9,2077.7,7441.7,2736.2,1343.6
,,,,,,,,3524,1639.1,2042.9,7092.3,2466.2,3264.9,3335.3,2040.8,1446.3,2025.1,7380.8,2663.3,1338.5
,,,,,,,,3525,1602.4,1969.0,6654.7,2372.0,3203.0,3166.6,1938.3,1379.5,1917.9,7098.1,2512.2,1282.1
,,,,,,,,3526,1511.1,1908.7,6314.4,2275.5,2984.2,2962.5,1833.0,1326.4,1839.8,6694.3,2427.9,1205.1
,,,,,,,,3527,1421.5,1798.3,6080.2,2138.8,2858.5,2861.6,1770.2,1247.1,1756.8,6477.5,2284.1,1157.5
,,,,,,,,3528,1397.1,1743.9,5941.5,2130.1,2784.8,2821.9,1726.7,1236.5,1721.5,6235.1,2237.7,1141.3
,,,,,,,,3529,1375.8,1700.0,5817.2,2063.7,2706.5,2750.2,1674.0,1216.9,1669.0,6150.4,2217.6,1100.1
,,,,,,,,3530,1283.0,1646.3,5558.4,1960.8,2572.6,2614.5,1596.0,1125.5,1593.4,5789.9,2105.5,1030.9
,,,,,,,,3531,1242.6,1559.3,5298.9,1862.2,2417.7,2431.6,1504.0,1093.0,1493.7,5417.1,1951.9,999.1
,,,,,,,,3532,1224.1,1525.4,5090.4,1837.6,2373.2,2380.0,1458.8,1044.2,1454.0,5287.8,1947.6,980.7
,,,,,,,,3533,1264.1,1595.1,5418.2,1879.5,2493.0,2525.3,1532.4,1095.4,1515.0,5517.1,2049.0,1019.3
,,,,,,,,3534,1389.7,1742.2,5922.7,2060.9,2765.0,2753.4,1685.4,1228.0,1670.4,6101.9,2203.5,1122.6
,,,,,,,,3535,1532.9,1929.7,6437.4,2301.1,3053.7,3098.9,1836.8,1355.0,1840.5,6720.6,2464.0,1229.0
,,,,,,,,3536,1633.2,2086.0,6987.8,2503.9,3332.7,3282.7,2034.1,1441.0,2027.0,7257.3,2662.1,1316.9
,,,,,,,,3537,1711.4,2108.2,7193.4,2575.0,3364.6,3382.7,2060.1,1504.3,2061.5,7595.2,2734.9,1371.7
,,,,,,,,3538,1695.4,2100.5,7069.0,2525.1,3330.3,3342.2,2052.8,1483.5,2078.1,7495.2,2725.4,1373.7
,,,,,,,,3539,1627.5,1996.6,6901.3,2396.4,3184.7,3235.7,1969.2,1405.5,1956.1,7262.0,2577.0,1285.7
,,,,,,,,3540,1567.1,1918.4,6575.0,2293.2,3067.1,3121.3,1865.8,1350.8,1899.5,6759.0,2522.5,1239.4
,,,,,,,,3541,1510.7,1863.8,6408.0,2253.0,3004.3,2967.2,1852.8,1314.6,1843.7,6678.5,2430.9,1216.7
,,,,,,,,3542,1477.2,1856.6,6317.9,2245.4,2988.4,3002.4,1843.9,1319.5,1820.3,6551.8,2424.0,1193.4
,,,,,,,,3543,1526.8,1883.9,6447.4,2302.1,3019.6,3086.0,1871.2,1337.8,1840.7,6687.2,2484.6,1210.2
,,,,,,,,3544,1571.8,1974.3,6841.5,2359.6,3140.4,3142.1,1953.1,1396.8,1960.3,7089.3,2578.5,1264.9
,,,,,,,,3545,1689.9,2108.2,7041.3,2526.3,3327.8,3335.2,2027.9,1472.2,2027.9,7370.5,2734.6,1359.6
,,,,,,,,3546,1727.6,2175.6,7395.5,2655.6,3501.1,3452.8,2106.3,1550.8,2146.9,7849.8,2843.5,1407.5
,,,,,,,,3547,1753.5,2232.7,7636.5,2692.4,3562.3,3582.1,2175.2,1569.0,2152.0,7785.8,2899.1,1433.3
,,,,,,,,3548,1726.3,2158.7,7413.2,2646.5,3494.9,3439.7,2122.0,1530.3,2142.4,7709.5,2833.9,1409.9
,,,,,,,,3549,1693.6,2064.4,7205.0,2527.3,3290.3,3386.2,2046.1,1486.5,2032.9,7351.3,2729.6,1360.5
,,,,,,,,3550,1577.4,1988.8,6672.4,2351.7,3126.7,3130.5,1947.1,1406.7,1908.8,6951.7,2584.7,1265.8
,,,,,,,,3551,1514.9,1892.0,6515.9,2289.5,3001.5,3078.5,1830.0,1318.9,1847.2,6651.2,2436.8,1237.1
,,,,,,,,3552,1467.6,1882.7,6317.2,2247.8,2956.1,2920.3,1784.7,1315.3,1804.0,6623.5,2375.1,1190.8
,,,,,,,,3553,1363.2,1701.0,5861.7,2068.8,2730.1,2679.7,1632.6,1193.7,1666.4,6088.7,2178.9,1113.7
,,,,,,,,3554,1301.4,1615.6,5407.9,1925.1,2571.4,2542.0,1559.4,1135.8,1578.7,5786.6,2082.7,1057.5
,,,,,,,,3555,1236.5,1525.9,5201.9,1849.6,2449.7,2441.5,1465.0,1080.6,1491.4,5364.6,2001.3,987.3
,,,,,,,,3556,1215.9,1503.5,5098.3,1804.7,2386.0,2358.1,1461.1,1044.6,1447.1,5260.0,1916.1,959.5
,,,,,,,,3557,1245.9,1557.5,5250.5,1874.4,2515.7,2502.2,1517.4,1083.8,1532.5,5495.9,2005.8,1009.2
,,,,,,,,3558,1369.4,1725.8,5897.0,2070.1,2779.5,2720.2,1670.5,1209.2,1667.2,5994.1,2231.4,1114.9
,,,,,,,,3559,1497.8,1903.3,6409.0,2292.0,3020.4,3019.5,1860.5,1313.4,1821.3,6662.2,2436.8,1232.3
,,,,,,,,3560,1636.7,2053.1,7009.3,2474.2,3321.8,3243.0,2016.4,1453.7,2011.7,7307.5,2685.0,1326.7
,,,,,,,,3561,1694.0,2101.2,7113.4,2541.3,3354.0,3402.6,2071.1,1495.4,2066.5,7522.4,2736.7,1375.4
,,,,,,,,3562,1692.7,2122.3,7209.6,2519.2,3293.1,3315.7,2019.8,1448.5,2039.9,7517.8,2712.4,1342.2
,,,,,,,,3563,1600.5,1977.0,6740.3,2428.0,3201.5,3246.5,1973.1,1416.2,1962.1,7194.7,2619.1,1298.3
,,,,,,,,3564,1521.6,1929.7,6506.6,2297.5,3026.5,3029.4,1857.4,1331.5,1838.7,6707.5,2483.9,1234.6
,,,,,,,,3565,1497.6,1883.3,6252.8,2233.3,2954.4,2934.4,1832.7,1286.8,1788.0,6511.1,2428.1,1210.1
,,,,,,,,3566,1465.8,1850.2,6381.6,2198.0,2924.2,2975.9,1810.2,1298.7,1804.7,6581.5,2424.3,1192.6
,,,,,,,,3567,1525.2,1865.3,6412.4,2270.0,3032.4,3054.6,1866.7,1341.8,1851.2,6601.0,2430.7,1213.2
,,,,,,,,3568,1591.5,1995.3,6639.2,2387.6,3153.5,3149.2,1905.3,1377.1,1908.0,6935.2,2571.2,1257.0
,,,,,,,,3569,1661.9,2048.6,6979.6,2477.0,3268.4,3324.2,1999.9,1471.9,1999.9,7449.0,2651.5,1333.7
,,,,,,,,3570,1735.3,2145.3,7354.2,2572.4,3478.8,3451.3,2103.2,1520.6,2079.4,7711.3,2823.2,1397.9
,,,,,,,,3571,1750.2,2175.9,7402.8,2634.6,3482.9,3551.3,2174.7,1555.1,2158.9,7865.7,2850.4,1421.2
,,,,,,,,3572,1713.4,2144.1,7352.4,2578.2,3434.5,3465.6,2079.2,1532.4,2124.8,7708.8,2839.0,1407.8
,,,,,,,,3573,1676.4,2050.9,6976.8,2524.7,3274.2,3274.9,1991.1,1453.6,2014.6,7382.1,2673.6,1330.5
,,,,,,,,3574,1597.7,1951.8,6696.7,2336.6,3101.4,3159.4,1896.7,1371.9,1929.8,7005.0,2571.5,1273.6
,,,,,,,,3575,1523.1,1888.9,6358.6,2255.6,3029.6,3019.0,1833.3,1334.1,1851.9,6649.2,2415.7,1238.3
,,,,,,,,3576,1492.0,1859.6,6277.2,2200.5,2933.8,2911.2,1791.0,1296.3,1777.5,6442.0,2410.8,1177.6
,,,,,,,,3577,1372.3,1708.9,5683.9,2055.3,2675.4,2689.2,1633.5,1169.9,1629.4,6014.0,2183.6,1101.8
,,,,,,,,3578,1296.4,1576.3,5468.8,1938.9,2559.5,2582.4,1540.7,1107.3,1544.3,5694.7,2088.7,1031.2
,,,,,,,,3579,1214.7,1495.1,5165.4,1792.5,2407.6,2414.0,1481.2,1072.0,1473.3,5379.8,1974.1,994.5
,,,,,,,,3580,1201.1,1497.1,5018.4,1767.4,2337.5,2359.1,1461.9,1045.2,1426.7,5191.6,1908.2,969.0
,,,,,,,,3581,1234.4,1551.3,5289.4,1844.6,2497.0,2447.6,1503.0,1082.7,1514.4,5445.5,2032.4,993.5
,,,,,,,,3582,1358.7,1708.9,5754.2,2024.5,2746.6,2754.0,1678.0,1178.4,1666.8,5943.5,2191.9,1108.4
,,,,,,,,3583,1498.2,1864.0,6482.1,2290.5,2980.9,2979.5,1832.5,1306.4,1854.8,6600.0,2413.1,1212.4
,,,,,,,,3584,1618.9,2058.7,6906.1,2439.8,3245.0,3276.0,2001.1,1409.7,1962.8,7199.1,2644.6,1332.2
,,,,,,,,3585,1688.5,2109.3,7145.1,2490.3,3361.4,3368.1,2032.5,1487.1,2069.2,7405.4,2721.7,1361.6
,,,,,,,,3586,1653.0,2066.1,6959.9,2455.6,3336.2,3328.7,1990.4,1443.0,2025.0,7419.8,2700.2,1358.6
,,,,,,,,3587,1585.1,2014.6,6774.3,2361.4,3202.2,3147.0,1925.7,1394.9,1914.6,7133.7,2551.6,1300.3
,,,,,,,,3588,1530.9,1919.8,6531.6,2263.8,3012.7,3038.8,1854.4,1349.5,1839.0,6690.9,2443.3,1217.6
,,,,,,,,3589,1471.8,1842.0,6364.9,2187.6,2963.1,2907.7,1770.9,1295.3,1817.5,6480.4,2394.2,1211.2
,,,,,,,,3590,1455.1,1827.2,6242.1,2230.6,2971.9,2959.8,1795.0,1291.9,1793.4,6487.2,2426.3,1182.4
,,,,,,,,3591,1501.1,1865.7,6310.0,2251.6,2961.4,3038.0,1813.9,1298.3,1817.0,6597.0,2441.9,1223.7
,,,,,,,,3592,1585.8,1942.9,6656.0,2361.4,3163.4,3118.5,1927.1,1384.4,1900.5,6973.3,2577.1,1280.3
,,,,,,,,3593,1663.3,2089.8,6945.0,2493.9,3290.8,3305.5,1981.6,1443.1,1988.7,7386.0,2694.2,1323.7
,,,,,,,,3594,1699.1,2130.3,7267.9,2596.5,3385.8,3458.9,2112.0,1520.9,2065.5,7720.4,2768.9,1396.7
,,,,,,,,3595,1745.5,2218.1,7425.0,2634.5,3514.1,3455.7,2115.0,1516.5,2127.9,7694.4,2812.3,1425.3
,,,,,,,,3596,1743.3,2149.1,7395.0,2553.1,3465.7,3469.2,2113.9,1488.7,2081.3,7569.9,2827.4,1399.4
,,,,,,,,3597,1662.0,2087.1,6940.5,2490.8,3275.3,3249.7,2027.3,1452.1,1993.1,7295.0,2641.8,1323.8
,,,,,,,,3598,1587.5,1972.4,6683.0,2337.0,3156.3,3138.0,1883.2,1381.0,1920.2,6997.9,2512.4,1250.3
,,,,,,,,3599,1481.5,1896.6,6364.0,2259.1,3008.1,2964.6,1818.4,1296.1,1824.9,6682.3,2433.9,1208.9
,,,,,,,,3600,1450.9,1811.9,6252.3,2174.1,2895.6,2876.5,1765.3,1287.5,1751.8,6412.8,2382.8,1180.6
,,,,,,,,3601,1333.2,1695.3,5734.8,2019.1,2703.6,2650.1,1614.1,1180.3,1609.3,5869.1,2160.0,1099.0
,,,,,,,,3602,1284.6,1585.4,5441.6,1908.6,2516.4,2519.7,1520.0,1111.4,1543.1,5695.5,2064.4,1021.9
,,,,,,,,3603,1196.1,1480.8,5090.6,1825.6,2369.1,2422.0,1469.0,1056.6,1442.1,5296.4,1958.4,969.2
,,,,,,,,3604,1169.0,1465.8,5081.6,1760.8,2360.0,2374.8,1412.6,1032.0,1438.3,5245.0,1893.9,962.0
,,,,,,,,3605,1220.1,1526.7,5216.1,1875.0,2454.5,2425.5,1497.3,1080.4,1505.5,5418.7,2011.7,1006.7
,,,,,,,,3606,1370.5,1670.4,5835.3,2030.7,2705.4,2729.8,1630.7,1165.5,1651.7,6045.1,2216.8,1110.2
,,,,,,,,3607,1483.1,1887.1,6438.4,2258.3,2945.8,2961.0,1822.5,1301.3,1817.8,6710.5,2421.2,1226.3
,,,,,,,,3608,1639.2,2050.5,6885.0,2418.5,3173.6,3210.5,1942.0,1411.3,1957.8,7241.6,2607.7,1328.7
,,,,,,,,3609,1683.5,2118.0,7123.3,2525.7,3290.0,3305.7,2045.1,1447.0,2019.2,7365.1,2698.5,1358.2
,,,,,,,,3610,1624.8,2060.0,6938.5,2443.4,3330.4,3300.5,1983.0,1455.3,1978.4,7376.5,2659.4,1327.6
,,,,,,,,3611,1579.7,2005.8,6750.4,2402.1,3181.7,3189.2,1936.2,1399.3,1899.2,7037.1,2590.5,1296.5
,,,,,,,,3612,1521.3,1913.7,6359.1,2298.1,2995.2,2968.7,1849.6,1327.4,1834.6,6713.8,2487.8,1237.6
,,,,,,,,3613,1450.6,1827.6,6306.9,2225.5,2952.4,2959.7,1800.8,1273.8,1787.0,6519.9,2425.4,1208.2
,,,,,,,,3614,1444.8,1840.4,6228.0,2216.7,2948.7,2917.4,1795.7,1261.7,1791.2,6479.8,2383.9,1200.3
,,,,,,,,3615,1472.5,1846.1,6311.0,2263.8,2994.3,2954.9,1808.0,1288.8,1838.1,6629.2,2408.7,1207.5
,,,,,,,,3616,1562.8,1930.2,6642.1,2348.4,3066.1,3062.3,1912.0,1352.3,1869.1,6907.3,2546.6,1250.6
,,,,,,,,3617,1655.9,2040.6,6944.7,2443.7,3298.3,3228.1,1993.2,1443.4,1978.1,7127.1,2646.1,1321.6
,,,,,,,,3618,1710.3,2128.6,7169.9,2575.5,3446.9,3413.2,2070.6,1477.7,2062.0,7440.7,2778.5,1407.0
,,,,,,,,3619,1719.1,2203.7,7477.8,2571.4,3423.4,3476.5,2081.2,1523.3,2104.4,7655.0,2845.4,1423.7
,,,,,,,,3620,1699.6,2115.5,7245.7,2572.3,3423.9,3371.9,2078.2,1473.7,2065.7,7641.8,2750.0,1396.8
,,,,,,,,3621,1636.9,2065.1,6970.4,2436.6,3249.8,3243.3,1988.8,1420.9,2011.4,7220.8,2694.6,1320.8
,,,,,,,,3622,1550.8,1943.7,6631.6,2343.0,3052.6,3099.1,1911.9,1359.7,1881.0,6929.6,2542.0,1245.5
,,,,,,,,3623,1469.8,1834.7,6309.0,2222.3,2928.2,2923.9,1789.9,1298.0,1827.0,6630.2,2434.3,1227.1
,,,,,,,,3624,1466.9,1827.0,6110.9,2161.9,2931.2,2876.3,1785.2,1264.0,1736.5,6346.0,2373.3,1174.8
,,,,,,,,3625,1329.4,1667.1,5649.9,1999.9,2689.7,2622.8,1615.1,1147.0,1638.3,5910.0,2207.6,1074.3
,,,,,,,,3626,1258.8,1598.7,5359.1,1879.2,2517.4,2486.3,1526.3,1108.8,1537.6,5502.9,2047.4,1021.0
,,,,,,,,3627,1207.9,1506.2,5118.4,1770.4,2384.4,2401.9,1456.8,1043.9,1452.3,5327.2,1926.9,976.5
,,,,,,,,3628,1178.0,1472.8,5047.7,1739.4,2311.3,2345.5,1411.8,1009.1,1412.7,5166.7,1900.1,956.8
,,,,,,,,3629,1241.0,1517.0,5274.3,1821.8,2465.3,2452.1,1467.8,1054.0,1504.4,5473.9,1986.9,1002.2
,,,,,,,,3630,1336.2,1682.0,5745.0,2033.0,2633.5,2637.4,1607.8,1156.3,1628.1,5901.2,2227.0,1111.6
,,,,,,,,3631,1505.4,1884.4,6403.6,2249.9,2943.2,2954.3,1778.4,1306.3,1782.9,6616.7,2420.0,1205.7
,,,,,,,,3632,1585.7,1984.9,6766.6,2391.6,3180.8,3188.3,1956.5,1400.9,1952.4,7101.3,2625.4,1305.5
,,,,,,,,3633,1641.3,2103.5,7118.3,2517.3,3306.8,3307.1,2035.9,1428.9,2011.4,7339.6,2688.2,1365.5
,,,,,,,,3634,1635.4,2066.8,6995.1,2479.6,3249.2,3209.5,2010.5,1415.8,1985.1,7297.7,2660.1,1339.0
,,,,,,,,3635,1549.4,1980.7,6704.0,2377.3,3134.6,3108.7,1893.1,1388.5,1878.1,6964.6,2532.4,1274.8
,,,,,,,,3636,1494.1,1895.9,6280.2,2217.0,2943.8,2955.2,1800.1,1319.1,1799.8,6713.0,2468.3,1209.7
,,,,,,,,3637,1463.0,1810.6,6196.9,2206.7,2902.7,2861.4,1775.2,1257.8,1758.8,6377.4,2359.3,1194.0
,,,,,,,,3638,1456.3,1840.8,6188.8,2173.0,2866.3,2926.4,1783.8,1253.4,1746.8,6392.1,2357.9,1193.0
,,,,,,,,3639,1493.6,1865.1,6308.7,2193.3,2929.1,2912.6,1777.9,1292.5,1771.5,6580.3,2387.5,1217.8
,,,,,,,,3640,1540.4,1947.7,6535.3,2322.7,3080.3,3060.5,1872.1,1345.2,1860.4,6820.5,2557.7,1273.7
,,,,,,,,3641,1624.8,2036.1,6846.1,2456.3,3192.3,3240.9,1951.4,1405.3,1986.0,7068.6,2655.6,1343.8
,,,,,,,,3642,1671.7,2147.8,7136.7,2527.6,3390.7,3382.8,2087.7,1465.8,2049.1,7560.0,2758.3,1397.1
,,,,,,,,3643,1721.2,2162.6,7327.3,2608.8,3409.6,3450.0,2105.0,1503.8,2081.6,7550.0,2833.8,1418.2
,,,,,,,,3644,1709.8,2108.3,7247.4,2514.2,3396.7,3393.1,2034.7,1480.2,2079.4,7461.5,2766.6,1384.2
,,,,,,,,3645,1644.2,2040.0,6945.6,2403.1,3219.2,3228.9,1983.8,1431.4,1993.1,7197.0,2666.1,1340.2
,,,,,,,,3646,1550.9,1920.8,6465.9,2334.0,3029.2,3104.7,1868.1,1354.1,1871.8,6773.5,2489.5,1270.6
,,,,,,,,3647,1472.4,1824.9,6339.7,2245.1,2978.3,2975.3,1815.2,1283.5,1803.2,6613.3,2449.1,1198.8
,,,,,,,,3648,1431.2,1782.0,6209.3,2139.2,2837.8,2884.0,1771.4,1254.1,1737.2,6322.3,2384.0,1170.0
,,,,,,,,3649,1234.5,1555.1,5312.4,1891.9,2502.9,2491.6,1515.5,1092.7,1523.7,5502.9,2035.2,1014.6
,,,,,,,,3650,1191.5,1487.3,4929.4,1748.4,2337.8,2341.0,1415.7,1033.6,1443.1,5205.3,1934.1,960.8
,,,,,,,,3651,1105.9,1394.0,4752.1,1653.4,2198.1,2245.0,1355.5,969.5,1335.2,4939.0,1837.5,907.2
,,,,,,,,3652,1100.4,1385.4,4644.0,1637.4,2176.8,2188.6,1307.3,962.2,1322.7,4831.0,1806.3,890.3
,,,,,,,,3653,1143.8,1422.4,4802.7,1723.7,2286.0,2293.4,1371.7,986.1,1390.2,5071.0,1891.9,923.8
,,,,,,,,3654,1242.3,1550.6,5293.6,1879.6,2471.8,2476.7,1505.3,1106.6,1520.5,5549.9,2058.4,1019.6
,,,,,,,,3655,1393.4,1733.6,5926.8,2089.5,2788.4,2787.1,1671.3,1214.5,1696.0,6138.5,2300.9,1130.1
,,,,,,,,3656,1489.8,1867.6,6277.5,2265.2,2963.3,2993.3,1838.5,1323.9,1803.6,6593.0,2428.3,1237.8
,,,,,,,,3657,1557.3,1946.8,6486.1,2334.3,3045.2,3083.8,1886.2,1371.0,1900.6,6845.5,2565.0,1265.7
,,,,,,,,3658,1535.9,1885.4,6542.1,2297.9,3015.9,3005.8,1865.2,1321.4,1866.8,6792.3,2487.8,1258.8
,,,,,,,,3659,1453.3,1824.2,6289.2,2222.4,2946.8,2935.1,1784.5,1274.8,1779.2,6480.9,2402.0,1211.7
,,,,,,,,3660,1394.1,1728.5,5881.2,2083.5,2743.5,2769.5,1714.9,1225.8,1696.0,6183.8,2327.9,1160.3
,,,,,,,,3661,1344.5,1703.4,5799.5,2016.4,2712.1,2668.1,1649.8,1202.1,1638.1,5948.2,2222.5,1108.5
,,,,,,,,3662,1360.2,1669.9,5735.2,2003.3,2669.9,2714.2,1644.7,1187.2,1635.2,5913.4,2212.7,1110.8
,,,,,,,,3663,1379.4,1711.8,5908.6,2082.5,2749.1,2751.6,1684.6,1191.6,1675.7,6091.5,2256.1,1148.7
,,,,,,,,3664,1445.4,1824.1,6119.6,2133.4,2874.8,2880.4,1739.1,1269.2,1750.2,6274.7,2356.8,1175.7
,,,,,,,,3665,1536.1,1915.4,6524.8,2285.1,3003.4,2999.7,1822.4,1340.4,1812.6,6754.7,2457.1,1233.1
,,,,,,,,3666,1598.6,1992.9,6820.6,2402.5,3171.7,3112.3,1904.8,1372.8,1927.4,7069.6,2571.9,1287.8
,,,,,,,,3667,1599.3,2029.4,6857.1,2386.9,3212.2,3221.4,1928.9,1394.2,1980.4,7001.7,2661.2,1327.3
,,,,,,,,3668,1586.2,2008.6,6729.6,2382.0,3173.0,3153.6,1893.2,1390.8,1907.3,6889.5,2563.9,1293.6
,,,,,,,,3669,1506.4,1917.3,6401.1,2294.8,2985.3,3003.0,1822.2,1310.0,1826.3,6640.2,2448.0,1238.4
,,,,,,,,3670,1442.4,1799.6,6051.0,2189.4,2836.3,2899.8,1731.0,1261.0,1726.9,6436.6,2339.9,1169.6
,,,,,,,,3671,1383.8,1714.8,5774.8,2076.8,2777.7,2763.5,1680.5,1192.8,1660.7,6077.9,2279.4,1136.2
,,,,,,,,3672,1328.2,1670.8,5676.3,2021.9,2674.2,2680.5,1626.7,1182.1,1636.5,5972.7,2196.6,1092.6
,,,,,,,,3673,1228.0,1527.6,5219.8,1842.1,2475.8,2434.2,1475.0,1062.4,1489.5,5383.7,2028.0,1012.4
,,,,,,,,3674,1172.6,1453.6,4946.5,1763.8,2302.4,2299.3,1430.6,1033.8,1424.0,5195.8,1924.0,974.0
,,,,,,,,3675,1119.6,1391.7,4637.7,1651.4,2204.6,2212.5,1333.5,955.0,1331.9,4875.9,1833.5,905.8
,,,,,,,,3676,1074.4,1346.1,4640.6,1625.9,2169.3,2147.0,1319.6,944.3,1321.0,4810.3,1806.6,901.7
,,,,,,,,3677,1133.9,1402.6,4760.0,1696.2,2228.6,2287.4,1365.5,1004.2,1368.2,5025.5,1883.8,931.9
,,,,,,,,3678,1260.2,1565.1,5220.6,1861.5,2501.2,2485.4,1517.6,1100.8,1505.6,5537.3,2067.8,1030.8
,,,,,,,,3679,1367.5,1737.1,5922.5,2037.7,2702.2,2736.4,1645.0,1201.8,1690.1,6039.8,2276.5,1138.3
,,,,,,,,3680,1477.9,1876.0,6316.5,2227.6,2914.2,2912.2,1789.1,1282.0,1811.7,6523.5,2449.0,1212.4
,,,,,,,,3681,1527.0,1946.7,6576.9,2320.6,3041.9,3026.6,1879.0,1334.2,1857.4,6768.0,2555.4,1278.9
,,,,,,,,3682,1510.7,1891.5,6403.9,2286.4,3052.3,3026.3,1864.2,1330.3,1813.9,6778.7,2528.9,1257.0
,,,,,,,,3683,1444.2,1805.4,6207.6,2205.7,2871.0,2865.2,1747.6,1278.4,1756.1,6480.6,2370.4,1188.7
,,,,,,,,3684,1401.0,1740.0,5851.2,2094.5,2727.9,2719.7,1685.3,1200.0,1693.3,6074.1,2288.3,1152.6
,,,,,,,,3685,1368.7,1665.7,5817.4,2003.0,2701.4,2663.2,1615.3,1188.5,1654.7,6029.3,2230.4,1108.7
,,,,,,,,3686,1339.6,1682.6,5701.1,2029.9,2696.8,2695.0,1650.4,1162.9,1622.9,6012.1,2233.6,1103.7
,,,,,,,,3687,1377.5,1724.1,5873.5,2044.4,2738.3,2760.2,1670.1,1178.5,1670.0,5987.2,2256.1,1116.3
,,,,,,,,3688,1407.8,1794.7,5989.4,2134.8,2818.0,2799.5,1706.1,1228.5,1744.9,6255.0,2316.9,1179.1
,,,,,,,,3689,1503.3,1905.2,6298.3,2244.6,2955.6,2980.7,1808.4,1308.4,1849.3,6533.5,2473.0,1243.6
,,,,,,,,3690,1561.9,1951.0,6745.0,2363.3,3100.8,3118.0,1913.9,1354.7,1930.7,6856.4,2552.3,1295.7
,,,,,,,,3691,1599.4,2006.1,6886.4,2364.7,3184.1,3214.6,1928.2,1400.0,1924.1,6981.2,2631.3,1296.6
,,,,,,,,3692,1580.4,1986.9,6590.6,2372.5,3079.6,3132.8,1887.0,1387.5,1878.2,7004.3,2581.2,1306.5
,,,,,,,,3693,1496.9,1893.4,6481.3,2283.8,3023.6,2984.8,1811.5,1330.1,1845.7,6705.7,2445.0,1226.4
,,,,,,,,3694,1439.7,1784.8,6003.9,2122.3,2868.8,2831.5,1722.3,1262.6,1713.2,6369.3,2368.7,1182.4
,,,,,,,,3695,1350.3,1712.4,5841.9,2052.6,2682.9,2737.6,1656.6,1195.4,1647.7,6012.7,2243.5,1129.4
,,,,,,,,3696,1343.1,1643.9,5630.9,2024.2,2649.7,2660.8,1619.0,1160.9,1635.2,5911.4,2203.4,1090.1
,,,,,,,,3697,1288.1,1652.5,5464.9,1975.5,2606.2,2567.7,1570.9,1130.2,1561.2,5787.0,2155.9,1066.3
,,,,,,,,3698,1228.7,1542.4,5269.9,1850.9,2459.1,2414.8,1482.0,1081.1,1491.8,5411.8,2017.2,1009.8
,,,,,,,,3699,1166.3,1452.6,4891.1,1749.8,2342.6,2309.0,1420.1,1020.3,1412.0,5216.7,1910.8,964.7
,,,,,,,,3700,1147.8,1428.3,4886.0,1730.7,2293.2,2277.6,1372.8,990.2,1387.8,4988.5,1893.3,960.2
,,,,,,,,3701,1186.7,1479.7,5043.3,1806.4,2345.6,2361.9,1441.6,1053.7,1453.3,5302.3,1952.1,994.2
,,,,,,,,3702,1301.6,1664.8,5620.7,1960.4,2645.2,2648.1,1603.4,1141.0,1568.2,5823.0,2150.7,1083.1
,,,,,,,,3703,1466.0,1845.0,6165.7,2183.5,2883.5,2885.5,1760.2,1257.1,1745.6,6437.1,2414.7,1206.3
,,,,,,,,3704,1582.2,1990.1,6730.7,2336.3,3145.8,3133.2,1875.2,1370.9,1922.5,6944.9,2585.6,1308.7
,,,,,,,,3705,1642.9,2013.8,6972.5,2414.5,3194.7,3188.4,1961.4,1435.1,1981.0,7078.6,2705.9,1324.7
,,,,,,,,3706,1580.0,1986.4,6832.2,2432.6,3216.8,3188.0,1923.0,1396.1,1919.3,7125.1,2685.2,1332.2
,,,,,,,,3707,1522.0,1920.0,6569.4,2323.7,3010.8,3007.9,1848.2,1333.0,1852.9,6840.3,2508.4,1250.8
,,,,,,,,3708,1465.8,1828.2,6320.4,2217.6,2933.5,2891.9,1802.6,1261.5,1794.1,6400.5,2449.8,1199.7
,,,,,,,,3709,1435.9,1768.9,5982.5,2135.8,2836.4,2823.6,1710.7,1251.4,1737.8,6242.9,2323.2,1186.2
,,,,,,,,3710,1413.0,1772.8,5980.4,2152.4,2788.7,2833.5,1711.6,1238.2,1698.5,6330.3,2351.1,1179.5
,,,,,,,,3711,1435.7,1834.6,6215.4,2201.4,2868.7,2869.3,1767.6,1252.5,1761.5,6309.3,2363.2,1205.5
,,,,,,,,3712,1528.0,1867.5,6399.3,2279.5,2952.6,2951.2,1822.7,1314.0,1850.1,6655.6,2468.6,1235.4
,,,,,,,,3713,1575.2,1967.6,6777.3,2396.6,3182.5,3143.6,1918.1,1365.1,1937.9,6940.0,2660.6,1296.7
,,,,,,,,3714,1682.4,2055.3,6972.3,2478.0,3291.1,3261.7,1992.9,1434.0,1993.0,7341.6,2749.0,1368.2
,,,,,,,,3715,1713.8,2107.1,7162.4,2542.6,3401.2,3376.0,2020.4,1482.7,2047.7,7446.7,2791.6,1403.6
,,,,,,,,3716,1684.2,2053.6,6991.5,2464.0,3303.4,3323.8,2012.5,1460.3,1994.5,7258.6,2703.7,1366.6
,,,,,,,,3717,1579.5,1998.3,6790.1,2418.6,3115.5,3131.3,1903.5,1390.7,1905.7,7002.7,2655.2,1324.3
,,,,,,,,3718,1501.2,1862.5,6491.6,2265.7,2968.0,2964.7,1814.1,1298.4,1837.4,6640.0,2476.2,1236.8
,,,,,,,,3719,1459.5,1810.1,6095.3,2169.1,2847.2,2884.1,1767.4,1247.2,1737.3,6349.0,2388.1,1200.2
,,,,,,,,3720,1426.4,1769.0,5932.0,2090.6,2818.4,2775.4,1702.0,1240.5,1696.5,6166.2,2304.9,1173.6
,,,,,,,,3721,1298.8,1600.1,5422.5,1947.3,2579.7,2549.2,1580.2,1121.3,1579.5,5742.3,2156.7,1074.3
,,,,,,,,3722,1241.6,1516.7,5238.4,1857.6,2427.6,2443.4,1491.3,1063.6,1490.1,5382.5,2052.4,1018.7
,,,,,,,,3723,1146.5,1440.0,4874.0,1738.1,2285.0,2280.1,1398.2,1006.6,1419.2,5088.8,1912.7,958.2
,,,,,,,,3724,1131.0,1410.4,4910.5,1685.5,2252.4,2237.5,1363.6,993.8,1387.6,4962.9,1907.2,938.9
,,,,,,,,3725,1189.2,1502.8,5013.8,1805.4,2343.2,2342.3,1427.3,1022.5,1421.8,5256.6,1966.6,989.6
,,,,,,,,3726,1294.5,1617.6,5545.2,1929.4,2626.8,2576.0,1563.5,1150.8,1577.7,5668.5,2193.5,1078.2
,,,,,,,,3727,1430.5,1782.2,6220.7,2154.8,2826.5,2824.8,1767.1,1248.3,1732.0,6453.9,2379.9,1197.8
,,,,,,,,3728,1582.9,1967.1,6687.6,2318.8,3132.7,3103.5,1886.7,1362.1,1904.4,6839.1,2610.2,1277.2
,,,,,,,,3729,1600.0,2015.4,6925.9,2384.2,3230.6,3213.4,1962.2,1392.3,1925.3,7157.1,2631.7,1326.1
,,,,,,,,3730,1599.8,1967.6,6841.7,2381.1,3179.0,3190.9,1895.6,1395.6,1950.3,6982.2,2619.2,1308.0
,,,,,,,,3731,1528.1,1921.9,6387.5,2293.6,3059.3,3041.9,1869.0,1333.9,1834.5,6752.4,2500.2,1266.5
,,,,,,,,3732,1447.0,1825.7,6178.7,2189.2,2927.7,2879.9,1768.9,1284.5,1762.0,6509.9,2440.9,1218.9
,,,,,,,,3733,1417.2,1769.1,5966.8,2127.1,2849.4,2802.3,1725.5,1218.2,1692.9,6158.2,2331.3,1168.0
,,,,,,,,3734,1397.0,1759.6,5968.9,2086.3,2772.5,2805.0,1686.1,1217.2,1688.8,6135.9,2345.7,1186.3
,,,,,,,,3735,1451.8,1787.6,6121.3,2169.4,2865.2,2884.3,1731.3,1244.3,1716.7,6263.8,2414.9,1182.5
,,,,,,,,3736,1500.2,1894.2,6296.1,2254.6,3014.6,3012.5,1829.3,1306.9,1827.8,6642.1,2483.9,1239.2
,,,,,,,,3737,1567.4,1950.0,6699.6,2357.7,3131.4,3088.0,1910.9,1387.5,1916.4,7042.7,2651.3,1290.0
,,,,,,,,3738,1645.3,2075.2,7030.7,2509.2,3243.4,3270.9,2014.0,1435.1,2002.9,7166.6,2738.5,1359.6
,,,,,,,,3739,1692.0,2081.4,7106.7,2478.7,3311.6,3283.2,2002.9,1473.8,2030.5,7390.9,2820.9,1383.9
,,,,,,,,3740,1655.0,2052.6,6998.8,2475.3,3228.3,3289.4,2022.8,1453.2,1998.7,7275.5,2755.4,1378.0
,,,,,,,,3741,1595.0,1957.5,6737.7,2357.0,3101.5,3163.6,1880.0,1375.2,1891.9,6980.6,2604.9,1291.3
,,,,,,,,3742,1481.2,1877.3,6445.5,2251.4,2980.5,2943.9,1821.1,1307.5,1818.7,6681.8,2481.0,1258.4
,,,,,,,,3743,1427.9,1777.1,6078.1,2158.4,2834.9,2873.6,1739.8,1237.0,1720.7,6382.0,2362.1,1182.2
,,,,,,,,3744,1384.7,1736.9,6035.0,2124.5,2815.1,2816.5,1673.7,1233.8,1671.7,6226.4,2324.7,1149.8
,,,,,,,,3745,1292.9,1613.5,5479.1,1899.6,2511.0,2584.5,1552.8,1114.3,1536.0,5670.4,2110.6,1061.1
,,,,,,,,3746,1203.5,1535.8,5184.3,1834.7,2412.7,2394.0,1458.7,1066.9,1482.7,5319.6,2015.7,1003.4
,,,,,,,,3747,1140.0,1420.2,4855.9,1713.9,2270.7,2310.9,1383.4,1009.9,1411.1,5128.9,1940.4,944.9
,,,,,,,,3748,1145.3,1412.4,4841.5,1690.9,2250.2,2221.4,1346.3,995.9,1349.3,4976.3,1890.4,934.1
,,,,,,,,3749,1166.3,1483.3,5042.4,1749.8,2316.0,2355.2,1441.5,1038.1,1448.9,5140.0,1980.8,995.3
,,,,,,,,3750,1310.3,1598.7,5451.3,1962.2,2556.0,2594.3,1563.0,1115.9,1587.4,5770.6,2178.8,1093.0
,,,,,,,,3751,1449.9,1768.1,6069.4,2179.1,2818.4,2806.3,1748.6,1261.1,1708.6,6398.4,2394.9,1203.6
,,,,,,,,3752,1549.0,1962.5,6554.4,2295.7,3112.9,3087.1,1859.9,1366.1,1882.6,6791.4,2552.5,1277.7
,,,,,,,,3753,1595.3,1990.6,6713.8,2430.7,3218.9,3171.4,1951.3,1393.8,1961.9,6993.4,2630.8,1313.5
,,,,,,,,3754,1577.6,1987.9,6624.5,2337.0,3099.5,3106.7,1919.9,1367.2,1923.8,7036.9,2649.2,1328.9
,,,,,,,,3755,1534.0,1878.0,6413.8,2251.0,2961.8,3023.6,1853.1,1332.2,1805.7,6623.0,2517.7,1271.5
,,,,,,,,3756,1462.0,1815.9,6218.1,2160.2,2855.6,2873.8,1730.2,1273.1,1741.8,6396.9,2427.9,1208.2
,,,,,,,,3757,1395.6,1755.5,5899.2,2127.8,2803.3,2754.2,1724.3,1237.7,1700.8,6118.7,2316.1,1153.4
,,,,,,,,3758,1390.9,1756.3,5919.8,2092.1,2813.2,2773.7,1676.6,1220.4,1691.6,6234.5,2358.9,1174.5
,,,,,,,,3759,1443.0,1811.5,6131.6,2174.7,2863.2,2823.4,1728.3,1240.4,1748.9,6312.6,2366.9,1179.7
,,,,,,,,3760,1491.6,1881.8,6301.3,2235.5,2974.1,2943.9,1800.1,1307.4,1785.1,6498.8,2448.2,1234.6
,,,,,,,,3761,1554.3,1967.8,6726.0,2344.4,3090.1,3063.8,1894.2,1366.4,1910.3,6995.6,2594.2,1309.6
,,,,,,,,3762,1643.3,2062.7,6960.8,2470.0,3231.1,3289.1,1971.4,1421.6,1962.3,7136.4,2728.2,1367.5
,,,,,,,,3763,1643.6,2059.8,7080.9,2495.6,3279.5,3276.4,1997.1,1449.7,2036.0,7224.5,2795.6,1383.9
,,,,,,,,3764,1616.5,2031.5,6860.6,2460.8,3268.7,3277.7,2004.3,1435.5,1982.3,7268.5,2716.6,1348.1
,,,,,,,,3765,1564.1,1935.0,6719.3,2374.7,3091.7,3095.0,1921.4,1362.1,1868.3,6792.0,2596.3,1301.1
,,,,,,,,3766,1502.6,1846.8,6277.9,2229.0,2990.0,2969.9,1823.5,1311.9,1799.1,6571.4,2470.2,1254.1
,,,,,,,,3767,1433.3,1772.3,6008.2,2137.3,2863.7,2807.6,1708.0,1230.3,1713.5,6330.2,2360.2,1175.2
,,,,,,,,3768,1397.5,1752.9,5855.7,2072.7,2727.4,2759.1,1696.4,1195.1,1684.6,6082.3,2315.8,1157.8
,,,,,,,,3769,1262.1,1598.7,5502.0,1905.7,2500.7,2493.5,1563.0,1100.1,1562.5,5556.5,2115.6,1071.4
,,,,,,,,3770,1214.7,1495.4,5116.0,1812.1,2398.2,2361.0,1466.5,1053.4,1461.0,5350.6,1993.7,1020.8
,,,,,,,,3771,1144.8,1436.7,4908.7,1738.3,2274.2,2231.6,1370.3,998.6,1370.6,5078.6,1886.5,956.5
,,,,,,,,3772,1118.6,1393.2,4835.5,1661.8,2222.2,2226.8,1367.7,964.9,1351.8,4903.7,1884.2,927.7
,,,,,,,,3773,1161.9,1466.0,4952.4,1762.1,2343.6,2289.5,1413.1,1020.4,1423.0,5171.4,1944.5,970.4
,,,,,,,,3774,1274.4,1604.6,5482.6,1945.6,2573.4,2558.1,1570.4,1106.7,1545.3,5615.4,2160.1,1063.1
,,,,,,,,3775,1408.4,1788.4,6024.9,2167.8,2819.1,2788.9,1710.0,1236.3,1733.3,6266.5,2364.8,1203.7
,,,,,,,,3776,1547.7,1927.4,6563.7,2300.7,3045.5,3034.9,1861.9,1343.1,1866.1,6843.9,2560.0,1289.5
,,,,,,,,3777,1603.0,1959.7,6698.2,2401.7,3119.6,3102.6,1904.9,1384.3,1928.5,6908.1,2634.8,1342.7
,,,,,,,,3778,1574.4,1967.3,6742.9,2367.7,3136.6,3117.0,1912.5,1382.0,1907.9,6856.0,2616.5,1295.5
,,,,,,,,3779,1490.1,1880.3,6340.3,2274.7,2939.9,2943.2,1832.9,1313.0,1830.6,6708.1,2538.7,1244.1
,,,,,,,,3780,1451.5,1780.8,6188.7,2183.6,2870.2,2824.9,1720.6,1254.3,1752.3,6325.8,2422.6,1187.5
,,,,,,,,3781,1384.7,1741.2,5886.4,2106.2,2760.7,2732.8,1688.5,1196.9,1687.2,6166.1,2315.5,1152.7
,,,,,,,,3782,1374.2,1722.9,5849.1,2101.3,2793.6,2750.8,1682.1,1195.8,1676.5,6089.6,2354.7,1156.6
,,,,,,,,3783,1431.8,1780.3,5960.8,2120.1,2778.6,2798.6,1700.6,1246.7,1693.9,6203.9,2358.0,1170.0
,,,,,,,,3784,1498.4,1843.2,6312.3,2214.2,2959.5,2966.3,1804.3,1273.7,1796.1,6423.1,2477.4,1226.8
,,,,,,,,3785,1577.1,1916.1,6678.3,2323.1,3081.7,3109.2,1863.4,1345.3,1855.2,6878.0,2602.1,1292.7
,,,,,,,,3786,1618.1,2008.5,6877.3,2429.1,3210.0,3238.7,1970.8,1422.7,1981.9,7182.3,2730.0,1358.8
,,,,,,,,3787,1630.3,2052.7,6934.4,2471.6,3321.7,3228.7,1980.8,1443.9,1974.1,7238.0,2771.7,1369.0
,,,,,,,,3788,1630.4,2046.4,6985.0,2419.7,3215.4,3233.0,1981.2,1398.9,1979.6,7226.4,2695.7,1358.4
,,,,,,,,3789,1541.6,1965.4,6515.5,2355.4,3108.8,3060.9,1898.4,1343.8,1892.6,6801.8,2590.5,1311.8
,,,,,,,,3790,1490.2,1828.9,6228.8,2221.0,2909.3,2930.8,1763.9,1272.7,1768.0,6588.1,2436.4,1239.0
,,,,,,,,3791,1435.9,1784.4,5960.6,2115.6,2825.3,2843.4,1691.6,1245.7,1735.5,6227.4,2389.5,1184.7
,,,,,,,,3792,1361.3,1735.2,5796.0,2096.6,2730.9,2706.9,1680.7,1183.1,1668.2,6073.0,2321.6,1152.6
,,,,,,,,3793,1262.5,1561.7,5380.2,1898.0,2523.1,2544.8,1541.4,1111.0,1538.4,5523.9,2104.2,1061.8
,,,,,,,,3794,1192.1,1511.8,5072.7,1818.5,2382.9,2345.6,1454.7,1045.8,1456.4,5320.4,1988.9,1006.6
,,,,,,,,3795,1132.9,1410.7,4848.3,1696.2,2259.9,2248.0,1388.9,996.2,1376.8,5030.2,1895.5,959.0
,,,,,,,,3796,1109.1,1379.4,4699.8,1648.9,2215.8,2227.7,1333.2,975.7,1361.9,4895.4,1848.2,943.9
,,,,,,,,3797,1176.2,1449.6,5023.8,1727.3,2305.2,2292.2,1397.4,1023.4,1427.2,5051.6,1923.3,989.5
,,,,,,,,3798,1284.9,1594.6,5502.3,1889.1,2541.0,2551.9,1532.6,1114.0,1563.3,5690.8,2135.7,1072.4
,,,,,,,,3799,1427.2,1774.4,6089.2,2094.2,2794.9,2831.8,1730.4,1227.1,1728.9,6293.7,2349.8,1198.1
,,,,,,,,3800,1517.5,1893.7,6455.3,2326.1,3059.5,3034.9,1859.0,1315.2,1850.2,6771.3,2585.4,1284.3
,,,,,,,,3801,1573.3,1990.2,6635.2,2399.3,3123.0,3153.8,1921.2,1360.4,1878.8,7020.2,2655.7,1303.0
,,,,,,,,3802,1557.4,1963.8,6669.8,2342.2,3059.4,3097.4,1857.2,1373.7,1860.0,6753.6,2602.9,1295.0
,,,,,,,,3803,1493.1,1883.6,6262.3,2246.8,2966.9,2954.7,1805.2,1292.6,1828.0,6627.3,2497.0,1260.3
,,,,,,,,3804,1443.7,1770.2,6016.6,2146.6,2810.3,2863.2,1720.6,1247.3,1739.6,6201.8,2367.4,1180.1
,,,,,,,,3805,1400.9,1724.7,5913.1,2073.3,2747.7,2746.6,1654.3,1188.3,1680.0,6128.1,2342.8,1161.9
,,,,,,,,3806,1371.5,1731.2,5939.1,2092.7,2739.7,2759.0,1684.4,1218.0,1646.1,6087.9,2285.1,1154.5
,,,,,,,,3807,1401.6,1743.1,5945.1,2139.2,2774.0,2754.4,1706.7,1210.8,1724.2,6109.3,2351.1,1187.2
,,,,,,,,3808,1484.0,1830.0,6165.3,2174.0,2917.8,2868.2,1792.9,1265.6,1746.4,6419.7,2443.5,1236.2
,,,,,,,,3809,1565.2,1960.1,6577.7,2290.2,3088.7,3041.6,1874.1,1358.9,1838.4,6849.9,2569.7,1296.0
,,,,,,,,3810,1612.7,2010.3,6910.9,2457.1,3175.1,3234.7,1948.0,1419.6,1964.4,7075.0,2691.7,1348.2
,,,,,,,,3811,1644.0,2049.4,6926.5,2499.6,3281.7,3233.2,1968.8,1425.0,1968.1,7290.6,2723.1,1357.0
,,,,,,,,3812,1620.1,2016.2,6929.2,2401.4,3229.8,3218.8,1969.7,1417.8,1932.2,7047.4,2682.8,1339.8
,,,,,,,,3813,1567.9,1957.2,6488.3,2331.1,3086.4,3019.7,1851.4,1331.4,1886.4,6785.4,2600.7,1298.3
,,,,,,,,3814,1447.9,1825.1,6214.4,2185.4,2896.2,2861.0,1786.3,1271.6,1757.0,6477.8,2426.6,1223.9
,,,,,,,,3815,1413.0,1764.2,6010.0,2131.9,2808.8,2763.7,1719.9,1232.1,1698.6,6190.6,2338.3,1181.4
,,,,,,,,3816,1376.1,1730.8,5755.7,2030.1,2747.9,2711.7,1658.2,1182.2,1679.3,6008.4,2322.5,1164.5
,,,,,,,,3817,1196.7,1480.1,5074.2,1769.1,2356.6,2326.2,1412.6,1026.4,1447.2,5260.9,1968.9,999.9
,,,,,,,,3818,1136.4,1418.4,4788.7,1661.9,2231.4,2203.8,1371.4,978.3,1354.9,4958.8,1904.4,934.1
,,,,,,,,3819,1069.5,1325.2,4501.9,1595.9,2097.6,2107.6,1272.7,908.2,1278.7,4632.3,1803.1,883.2
,,,,,,,,3820,1040.9,1320.1,4361.0,1573.6,2031.3,2031.4,1255.4,890.9,1246.4,4536.8,1765.2,862.7
,,,,,,,,3821,1080.6,1351.9,4575.9,1654.2,2168.3,2158.5,1314.6,932.4,1296.2,4776.3,1813.3,902.9
,,,,,,,,3822,1195.4,1471.7,5016.7,1798.4,2360.0,2388.3,1434.3,1021.1,1425.0,5254.0,2000.2,1008.0
,,,,,,,,3823,1305.3,1637.9,5673.6,2004.0,2627.8,2651.3,1602.0,1160.0,1584.6,5816.7,2248.2,1120.9
,,,,,,,,3824,1430.9,1801.4,6125.1,2144.7,2779.6,2807.3,1715.5,1252.8,1735.5,6182.8,2422.3,1198.9
,,,,,,,,3825,1453.4,1852.3,6287.5,2182.3,2905.4,2956.4,1791.0,1264.5,1753.7,6512.5,2494.1,1241.1
,,,,,,,,3826,1472.3,1817.3,6113.7,2186.7,2847.6,2859.0,1778.3,1249.4,1769.4,6442.3,2418.5,1225.6
,,,,,,,,3827,1374.6,1726.4,5870.4,2106.8,2774.9,2780.3,1673.5,1217.5,1664.4,6148.3,2327.7,1180.4
,,,,,,,,3828,1331.7,1685.8,5597.6,2019.9,2603.2,2612.7,1630.2,1155.7,1587.9,5859.7,2214.9,1117.5
,,,,,,,,3829,1279.8,1611.6,5436.3,1925.7,2575.7,2591.9,1578.4,1118.1,1545.3,5608.2,2155.5,1080.1
,,,,,,,,3830,1285.6,1590.2,5547.1,1958.2,2523.1,2587.8,1572.8,1123.8,1559.8,5642.7,2152.8,1081.4
,,,,,,,,3831,1301.9,1661.8,5661.7,1958.9,2597.0,2592.1,1577.4,1153.7,1565.9,5789.8,2223.9,1104.4
,,,,,,,,3832,1353.4,1728.6,5778.7,2051.1,2739.8,2701.0,1665.0,1206.8,1662.1,6051.0,2287.9,1162.8
,,,,,,,,3833,1429.3,1823.7,6054.5,2149.8,2889.4,2819.6,1755.5,1268.0,1716.4,6328.1,2412.9,1225.4
,,,,,,,,3834,1526.7,1881.7,6445.0,2263.5,2968.2,3025.4,1794.0,1316.7,1816.0,6585.2,2542.0,1284.5
,,,,,,,,3835,1555.9,1889.9,6600.1,2296.0,3050.3,3075.7,1852.7,1344.3,1830.6,6765.6,2548.8,1305.9
,,,,,,,,3836,1496.2,1902.1,6439.4,2277.9,3018.2,3014.0,1841.4,1318.8,1842.4,6594.9,2552.5,1262.1
,,,,,,,,3837,1450.4,1827.8,6144.5,2159.6,2841.7,2893.0,1729.5,1239.3,1714.8,6397.4,2442.6,1216.6
,,,,,,,,3838,1350.7,1692.9,5843.3,2081.2,2677.6,2747.8,1644.1,1184.1,1657.5,5975.6,2301.2,1145.2
,,,,,,,,3839,1306.0,1642.4,5512.1,1961.5,2561.5,2568.0,1595.7,1140.8,1567.3,5785.5,2198.4,1094.9
,,,,,,,,3840,1264.5,1624.0,5446.5,1914.1,2568.0,2535.2,1541.7,1112.6,1543.7,5687.9,2119.3,1071.8
,,,,,,,,3841,1170.3,1481.8,4995.3,1754.9,2291.0,2359.2,1413.3,1027.7,1420.3,5101.7,2009.0,997.5
,,,,,,,,3842,1107.8,1401.6,4781.4,1662.8,2172.2,2210.5,1326.9,978.9,1326.2,4851.6,1857.8,927.2
,,,,,,,,3843,1048.0,1335.6,4468.8,1576.2,2059.9,2075.8,1260.8,908.5,1271.1,4586.1,1767.5,890.8
,,,,,,,,3844,1023.8,1278.8,4409.4,1557.1,2073.2,2029.8,1261.4,896.8,1231.4,4476.0,1721.8,877.7
,,,,,,,,3845,1075.7,1332.1,4559.1,1626.2,2117.9,2122.2,1306.5,936.5,1296.5,4710.1,1806.5,912.8
,,,,,,,,3846,1195.1,1500.1,5034.3,1763.3,2310.3,2338.2,1431.6,1034.2,1445.4,5232.3,2014.3,996.0
,,,,,,,,3847,1321.5,1655.7,5499.6,1953.5,2574.5,2598.9,1596.1,1140.2,1569.4,5823.8,2239.7,1102.0
,,,,,,,,3848,1412.8,1786.0,6004.0,2113.0,2777.3,2804.4,1683.1,1245.4,1691.0,6153.5,2406.8,1185.0
,,,,,,,,3849,1471.7,1810.1,6234.7,2205.6,2922.8,2905.2,1743.6,1264.7,1745.6,6508.7,2440.5,1246.0
,,,,,,,,3850,1436.3,1815.9,6061.5,2197.3,2820.8,2836.0,1744.0,1261.1,1732.5,6269.9,2463.7,1203.3
,,,,,,,,3851,1373.0,1735.6,5899.7,2105.1,2719.3,2763.7,1645.2,1215.3,1647.3,6001.0,2307.9,1169.7
,,,,,,,,3852,1306.4,1663.7,5679.9,1992.3,2643.9,2585.2,1589.2,1150.2,1585.2,5862.1,2248.4,1113.1
,,,,,,,,3853,1301.1,1606.0,5399.3,1931.6,2554.0,2559.0,1543.7,1125.6,1548.3,5567.5,2184.0,1090.6
,,,,,,,,3854,1263.2,1585.3,5455.3,1903.1,2542.2,2504.8,1542.5,1099.9,1546.3,5620.3,2153.4,1065.5
,,,,,,,,3855,1292.7,1657.7,5559.1,1954.8,2604.1,2611.4,1559.1,1134.4,1578.0,5746.5,2191.8,1095.6
,,,,,,,,3856,1376.4,1698.4,5861.4,2032.5,2708.0,2669.8,1632.9,1184.0,1635.6,5982.9,2264.7,1147.6
,,,,,,,,3857,1432.1,1780.2,6050.8,2158.1,2840.7,2845.5,1719.1,1228.5,1735.6,6308.4,2410.7,1216.5
,,,,,,,,3858,1479.5,1876.8,6318.8,2272.0,2975.8,2952.5,1826.9,1284.2,1792.8,6520.1,2504.5,1261.5
,,,,,,,,3859,1533.0,1923.6,6509.2,2260.8,3020.6,3044.6,1833.9,1315.4,1835.7,6619.4,2588.7,1297.4
,,,,,,,,3860,1509.0,1881.4,6386.7,2268.9,2974.6,2933.8,1819.7,1302.5,1791.0,6618.7,2515.1,1251.3
,,,,,,,,3861,1429.1,1798.3,6134.7,2136.9,2797.1,2817.1,1709.9,1244.5,1740.6,6319.2,2402.9,1218.1
,,,,,,,,3862,1346.1,1680.2,5707.2,2066.8,2707.6,2703.1,1632.5,1172.5,1644.3,5905.8,2313.7,1141.8
,,,,,,,,3863,1296.3,1649.3,5479.2,1965.3,2549.2,2611.0,1567.3,1137.8,1591.3,5659.5,2168.8,1105.6
,,,,,,,,3864,1262.1,1591.5,5385.8,1913.1,2520.6,2504.8,1542.7,1096.5,1541.9,5612.4,2174.0,1062.5
,,,,,,,,3865,1244.4,1549.9,5307.8,1890.6,2480.1,2452.3,1488.1,1070.7,1477.7,5423.7,2075.9,1042.0
,,,,,,,,3866,1163.5,1476.2,5025.2,1777.6,2296.1,2328.2,1395.7,1005.9,1428.3,5179.2,2006.4,999.0
,,,,,,,,3867,1102.3,1387.1,4661.3,1655.3,2199.4,2169.3,1346.1,973.4,1333.4,4856.5,1865.8,945.2
,,,,,,,,3868,1102.5,1348.2,4707.8,1648.7,2186.5,2129.5,1326.5,934.5,1307.0,4851.7,1867.0,931.8
,,,,,,,,3869,1143.8,1408.8,4787.6,1701.1,2269.3,2270.9,1366.8,987.5,1393.6,4961.9,1942.9,970.5
,,,,,,,,3870,1265.8,1581.0,5394.2,1871.9,2503.9,2485.1,1505.9,1071.9,1523.9,5490.4,2147.6,1073.4
,,,,,,,,3871,1400.8,1715.1,5913.7,2066.1,2744.3,2727.0,1690.2,1207.2,1667.2,6056.1,2379.9,1163.1
,,,,,,,,3872,1490.3,1892.3,6458.7,2245.5,2983.3,2985.8,1786.9,1281.3,1819.7,6527.3,2549.0,1276.0
,,,,,,,,3873,1529.8,1922.7,6629.3,2318.8,3046.9,3027.9,1853.8,1360.8,1884.5,6863.3,2647.1,1307.5
,,,,,,,,3874,1516.9,1906.8,6436.7,2314.0,3026.7,3018.7,1856.1,1322.7,1841.6,6767.3,2601.7,1293.1
,,,,,,,,3875,1480.9,1854.7,6290.4,2179.6,2870.5,2895.5,1744.6,1269.2,1759.1,6343.1,2499.4,1221.6
,,,,,,,,3876,1391.9,1729.0,5970.0,2115.3,2805.2,2775.6,1661.0,1195.3,1689.5,6181.1,2359.0,1170.5
,,,,,,,,3877,1353.4,1690.6,5772.4,2057.6,2653.8,2663.7,1617.1,1167.4,1662.1,5902.9,2325.8,1159.3
,,,,,,,,3878,1362.4,1681.7,5739.5,2037.0,2637.3,2668.2,1649.3,1160.9,1618.2,5877.5,2270.2,1137.4
,,,,,,,,3879,1381.4,1706.3,5866.4,2043.9,2700.4,2753.1,1680.0,1180.4,1666.4,6024.4,2350.3,1159.4
,,,,,,,,3880,1419.8,1810.2,6159.5,2162.9,2867.7,2866.9,1713.1,1259.9,1757.5,6396.6,2452.1,1199.7
,,,,,,,,3881,1495.4,1909.4,6455.6,2240.1,2969.9,2950.2,1840.4,1310.3,1823.3,6585.5,2545.4,1279.8
,,,,,,,,3882,1592.5,1962.6,6737.4,2371.9,3159.1,3112.0,1894.3,1375.7,1886.1,6991.9,2718.5,1340.4
,,,,,,,,3883,1632.5,2036.9,6771.7,2389.3,3155.6,3137.2,1942.9,1416.5,1938.2,7074.7,2761.7,1354.7
,,,,,,,,3884,1604.9,1952.8,6752.3,2355.7,3128.5,3137.8,1882.3,1374.6,1920.5,6906.9,2665.8,1356.6
,,,,,,,,3885,1527.9,1899.0,6508.0,2260.9,3025.8,3019.9,1805.3,1304.8,1839.8,6732.5,2524.9,1283.6
,,,,,,,,3886,1458.5,1816.2,6139.1,2130.0,2847.2,2845.3,1751.7,1239.7,1723.1,6374.8,2440.0,1225.4
,,,,,,,,3887,1383.8,1710.4,5922.1,2084.0,2704.5,2698.7,1640.7,1190.0,1647.5,6018.2,2353.8,1157.3
,,,,,,,,3888,1342.6,1696.2,5681.4,1999.0,2664.4,2651.9,1630.9,1155.9,1608.9,5948.5,2252.1,1139.4
,,,,,,,,3889,1219.2,1538.0,5277.0,1841.1,2425.3,2405.7,1479.5,1078.3,1492.1,5339.7,2119.6,1033.0
,,,,,,,,3890,1157.7,1476.0,5010.6,1759.0,2280.2,2338.4,1428.0,998.4,1396.0,5148.1,1990.2,982.8
,,,,,,,,3891,1090.0,1373.3,4675.8,1672.4,2155.8,2157.7,1315.1,957.5,1348.8,4866.1,1860.2,945.3
,,,,,,,,3892,1075.2,1373.7,4577.2,1617.4,2156.3,2149.6,1310.7,935.6,1301.5,4693.7,1825.0,933.2
,,,,,,,,3893,1125.1,1421.1,4812.4,1716.9,2224.2,2241.8,1375.5,974.3,1380.8,4972.6,1934.0,958.4
,,,,,,,,3894,1256.6,1571.8,5363.4,1859.9,2431.5,2438.9,1480.2,1085.2,1513.4,5386.6,2092.7,1058.8
,,,,,,,,3895,1391.7,1748.0,5905.9,2050.0,2692.6,2745.3,1641.9,1184.1,1642.1,6106.0,2355.0,1162.3
,,,,,,,,3896,1492.7,1850.4,6256.1,2204.2,2927.1,2967.6,1781.8,1294.5,1796.3,6564.5,2519.0,1268.3
,,,,,,,,3897,1526.8,1904.8,6551.9,2320.7,3003.8,2996.1,1837.8,1337.1,1876.6,6649.1,2606.0,1291.1
,,,,,,,,3898,1528.0,1887.4,6371.0,2243.9,3032.0,3025.5,1799.7,1315.2,1850.0,6590.4,2545.0,1273.4
,,,,,,,,3899,1453.2,1826.8,6182.9,2169.7,2861.9,2842.1,1750.5,1242.2,1761.8,6310.8,2473.5,1231.7
,,,,,,,,3900,1386.6,1731.6,5853.9,2072.4,2748.5,2775.0,1673.3,1219.0,1667.8,6172.9,2386.5,1165.7
,,,,,,,,3901,1354.0,1711.0,5780.9,2035.9,2700.2,2703.5,1623.1,1155.2,1639.5,5989.3,2297.8,1142.0
,,,,,,,,3902,1349.2,1672.8,5691.4,2022.9,2640.4,2688.3,1617.1,1153.2,1640.3,5959.6,2272.7,1125.8
,,,,,,,,3903,1355.5,1695.0,5747.9,2029.0,2724.6,2694.8,1664.4,1183.7,1646.9,6074.5,2319.9,1178.7
,,,,,,,,3904,1416.9,1781.5,6029.4,2163.7,2826.7,2804.8,1713.3,1225.9,1710.8,6180.0,2442.4,1203.2
,,,,,,,,3905,1515.3,1871.5,6416.2,2277.8,2927.1,2970.8,1827.6,1319.1,1805.8,6647.0,2525.8,1294.3
,,,,,,,,3906,1560.7,1948.1,6686.0,2345.3,3125.1,3068.1,1893.9,1373.4,1902.6,6890.5,2635.7,1320.5
,,,,,,,,3907,1599.9,1982.1,6820.1,2402.5,3136.1,3122.6,1920.4,1377.3,1915.5,7110.0,2755.5,1348.4
,,,,,,,,3908,1595.7,1961.2,6697.5,2357.7,3106.2,3090.2,1916.9,1376.0,1916.3,6851.7,2656.5,1349.7
,,,,,,,,3909,1509.5,1861.3,6355.6,2281.1,2939.6,2977.8,1832.3,1313.6,1821.1,6496.4,2545.8,1288.1
,,,,,,,,3910,1446.7,1779.8,6016.8,2141.0,2819.2,2861.8,1717.1,1247.5,1708.9,6245.4,2443.7,1229.7
,,,,,,,,3911,1351.1,1737.1,5830.2,2075.4,2682.4,2712.8,1651.1,1185.6,1659.4,6047.7,2339.7,1152.5
,,,,,,,,3912,1345.0,1689.1,5700.1,2013.6,2669.3,2654.3,1625.6,1169.5,1630.8,5815.8,2285.8,1117.7
,,,,,,,,3913,1238.1,1554.8,5224.3,1849.6,2407.2,2427.7,1471.7,1055.3,1497.8,5356.9,2060.5,1049.1
,,,,,,,,3914,1147.4,1448.6,4952.1,1731.0,2299.8,2314.8,1381.4,1004.8,1391.1,5119.4,1965.1,996.6
,,,,,,,,3915,1102.2,1393.2,4665.8,1662.3,2173.3,2175.5,1305.8,937.8,1319.3,4863.3,1894.3,934.9
,,,,,,,,3916,1078.5,1329.8,4577.0,1599.9,2132.5,2158.6,1315.1,936.7,1307.2,4761.8,1847.7,926.2
,,,,,,,,3917,1129.3,1396.7,4749.1,1702.8,2236.9,2230.4,1336.6,973.9,1354.5,5003.5,1937.0,951.2
,,,,,,,,3918,1227.2,1528.5,5299.1,1875.4,2463.9,2418.5,1497.4,1079.3,1495.7,5378.7,2130.2,1037.9
,,,,,,,,3919,1383.9,1715.8,5846.0,2070.8,2716.4,2672.7,1639.5,1203.5,1642.7,5993.3,2314.7,1180.6
,,,,,,,,3920,1494.6,1867.0,6337.5,2215.1,2891.5,2921.5,1755.0,1291.1,1754.6,6469.0,2531.6,1269.3
,,,,,,,,3921,1515.9,1884.6,6414.5,2311.7,3026.9,3054.9,1824.0,1340.5,1811.4,6756.2,2580.4,1306.2
,,,,,,,,3922,1506.2,1871.5,6424.4,2288.8,3017.6,2966.8,1794.2,1321.2,1804.5,6637.1,2578.9,1303.3
,,,,,,,,3923,1441.8,1824.9,6140.1,2178.2,2883.0,2887.1,1746.4,1236.7,1730.3,6337.5,2426.4,1225.0
,,,,,,,,3924,1389.1,1727.8,5846.8,2087.1,2726.1,2729.1,1684.4,1198.6,1646.8,5960.8,2327.6,1161.3
,,,,,,,,3925,1346.1,1675.9,5745.8,2022.1,2622.8,2660.6,1599.4,1171.6,1624.6,5839.8,2310.6,1130.4
,,,,,,,,3926,1329.8,1659.1,5692.5,2031.7,2621.1,2636.1,1609.0,1152.6,1629.4,5822.9,2311.5,1155.7
,,,,,,,,3927,1349.9,1703.9,5724.2,2051.9,2650.3,2703.8,1620.7,1183.2,1640.4,6027.3,2299.7,1175.9
,,,,,,,,3928,1411.1,1793.8,6037.0,2100.4,2769.4,2824.5,1702.0,1214.4,1727.1,6190.1,2401.2,1222.1
,,,,,,,,3929,1475.4,1873.2,6399.4,2252.5,2924.1,2973.3,1801.7,1311.0,1787.0,6503.6,2562.3,1267.2
,,,,,,,,3930,1586.8,1976.7,6629.5,2329.8,3128.5,3038.2,1874.8,1343.2,1857.4,6889.3,2662.9,1323.4
,,,,,,,,3931,1583.4,1962.0,6761.3,2385.1,3174.8,3172.2,1917.4,1361.1,1888.5,6980.0,2728.6,1363.0
,,,,,,,,3932,1560.4,1970.3,6545.8,2326.7,3038.5,3056.0,1875.7,1348.5,1907.5,6791.7,2667.7,1335.0
,,,,,,,,3933,1500.7,1896.0,6442.7,2255.2,2985.4,2983.6,1805.0,1305.4,1815.4,6546.3,2536.6,1289.5
,,,,,,,,3934,1440.7,1751.5,6007.4,2162.2,2772.7,2826.0,1705.3,1216.7,1692.0,6197.8,2410.9,1227.0
,,,,,,,,3935,1372.6,1707.2,5786.9,2069.3,2665.6,2698.5,1655.5,1171.5,1657.6,6022.4,2321.4,1161.9
,,,,,,,,3936,1313.8,1637.9,5699.8,1976.5,2584.4,2632.2,1610.0,1148.6,1588.6,5753.2,2253.5,1121.8
,,,,,,,,3937,1203.1,1510.5,5122.1,1845.5,2429.4,2385.8,1463.2,1060.5,1450.5,5304.8,2074.2,1029.0
,,,,,,,,3938,1155.6,1448.9,4968.6,1725.8,2304.6,2283.0,1368.7,1003.1,1380.2,5065.0,1975.9,982.6
,,,,,,,,3939,1106.0,1376.8,4708.2,1642.6,2176.0,2163.4,1314.5,944.4,1304.3,4791.1,1880.8,931.8
,,,,,,,,3940,1067.3,1346.8,4568.7,1620.8,2109.9,2107.8,1293.4,933.9,1273.7,4741.8,1806.3,916.0
,,,,,,,,3941,1108.9,1396.0,4714.6,1703.3,2185.6,2216.3,1336.4,984.0,1333.6,4897.5,1899.3,953.2
,,,,,,,,3942,1216.4,1548.1,5223.5,1869.4,2450.1,2410.7,1459.4,1063.0,1459.9,5371.1,2080.9,1038.0
,,,,,,,,3943,1380.0,1706.1,5840.4,2053.0,2671.7,2708.2,1650.0,1161.4,1625.5,5917.1,2357.5,1153.7
,,,,,,,,3944,1474.2,1828.7,6299.6,2180.1,2934.5,2938.9,1754.0,1274.1,1744.1,6415.0,2476.6,1237.7
,,,,,,,,3945,1510.8,1885.2,6393.6,2268.1,2966.1,3009.6,1800.3,1326.5,1844.7,6723.6,2565.5,1303.6
,,,,,,,,3946,1481.4,1890.4,6350.9,2234.0,2914.1,2927.1,1806.9,1300.6,1822.8,6491.9,2575.9,1289.2
,,,,,,,,3947,1452.1,1804.1,6144.9,2161.7,2864.9,2792.3,1716.8,1229.4,1748.1,6267.3,2467.6,1234.3
,,,,,,,,3948,1385.3,1715.6,5870.5,2072.0,2688.2,2712.8,1641.3,1202.1,1658.8,6032.9,2341.7,1190.2
,,,,,,,,3949,1333.7,1668.5,5679.2,1979.7,2634.5,2594.9,1589.6,1138.4,1588.6,5801.7,2284.4,1125.9
,,,,,,,,3950,1331.2,1661.6,5639.7,1967.1,2641.7,2651.3,1590.6,1136.6,1604.8,5751.5,2252.9,1126.1
,,,,,,,,3951,1350.6,1685.0,5729.0,2041.4,2635.1,2676.8,1611.4,1160.8,1644.5,5936.2,2321.5,1168.2
,,,,,,,,3952,1395.5,1775.1,6003.2,2114.1,2815.6,2782.8,1674.0,1232.0,1718.3,6208.5,2388.6,1192.3
,,,,,,,,3953,1481.3,1881.5,6388.4,2212.7,2889.0,2950.4,1805.6,1301.8,1806.5,6549.8,2519.1,1278.4
,,,,,,,,3954,1570.4,1952.9,6627.0,2344.0,3094.8,3075.0,1851.4,1339.4,1862.5,6761.1,2615.6,1338.6
,,,,,,,,3955,1569.7,1992.2,6672.4,2363.9,3161.4,3138.2,1899.3,1374.3,1907.8,6952.5,2713.5,1350.9
,,,,,,,,3956,1533.0,1929.1,6665.1,2364.5,3020.3,3075.6,1852.8,1342.1,1865.5,6779.6,2645.8,1311.7
,,,,,,,,3957,1503.8,1857.2,6271.3,2215.3,2950.5,2890.8,1785.9,1292.5,1773.4,6586.8,2518.9,1252.1
,,,,,,,,3958,1423.1,1770.6,6064.0,2092.8,2756.3,2747.6,1703.4,1236.7,1705.4,6188.5,2382.4,1210.2
,,,,,,,,3959,1351.3,1707.3,5766.0,2026.7,2688.3,2641.0,1611.1,1183.6,1624.7,5834.2,2325.0,1172.8
,,,,,,,,3960,1320.4,1663.4,5588.8,2005.6,2617.1,2578.9,1604.8,1135.1,1561.4,5835.1,2233.7,1117.0
,,,,,,,,3961,1196.3,1509.3,5219.1,1838.6,2360.2,2422.0,1477.1,1055.4,1461.5,5245.0,2076.7,1040.4
,,,,,,,,3962,1156.1,1415.3,4938.3,1737.1,2279.6,2228.5,1396.9,989.9,1380.4,5017.8,1973.3,970.4
,,,,,,,,3963,1079.0,1346.1,4636.6,1621.4,2130.0,2157.6,1304.3,942.0,1291.3,4744.6,1842.4,927.5
,,,,,,,,3964,1081.7,1330.7,4508.2,1579.5,2129.0,2093.6,1275.8,921.7,1284.4,4635.2,1812.2,914.6
,,,,,,,,3965,1113.1,1396.7,4678.9,1676.3,2176.6,2183.5,1357.6,977.4,1329.8,4834.2,1938.1,942.4
,,,,,,,,3966,1234.8,1506.7,5126.1,1818.9,2438.8,2394.1,1473.5,1067.5,1452.2,5419.2,2097.9,1060.8
,,,,,,,,3967,1360.2,1710.0,5695.1,2001.7,2702.4,2703.0,1643.5,1158.0,1629.3,5909.1,2303.1,1175.7
,,,,,,,,3968,1455.2,1827.4,6157.4,2186.5,2908.1,2886.2,1751.9,1263.3,1777.2,6475.5,2492.8,1234.6
,,,,,,,,3969,1487.9,1906.8,6455.2,2298.4,2944.3,3017.0,1798.5,1286.2,1792.1,6616.4,2597.4,1293.3
,,,,,,,,3970,1476.4,1854.0,6367.8,2225.2,2902.3,2892.2,1795.6,1298.9,1788.6,6551.9,2587.3,1262.6
,,,,,,,,3971,1431.2,1812.0,6036.1,2138.0,2809.7,2788.1,1726.4,1252.1,1738.1,6333.9,2422.2,1219.8
,,,,,,,,3972,1359.1,1724.5,5841.2,2027.3,2653.4,2687.7,1633.9,1171.9,1661.5,6005.2,2312.5,1172.2
,,,,,,,,3973,1322.9,1674.0,5591.3,1977.3,2647.8,2642.8,1572.4,1154.5,1578.4,5774.4,2240.2,1150.1
,,,,,,,,3974,1329.7,1666.3,5619.7,1990.5,2586.3,2619.2,1571.7,1149.6,1575.4,5776.0,2239.9,1132.9
,,,,,,,,3975,1363.5,1697.4,5674.3,2004.2,2647.7,2633.5,1628.7,1176.0,1608.2,5806.6,2329.9,1169.5
,,,,,,,,3976,1421.4,1737.6,5927.3,2112.5,2780.8,2733.3,1684.8,1205.6,1703.0,6058.1,2422.9,1202.1
,,,,,,,,3977,1491.9,1851.3,6242.6,2195.3,2894.3,2888.8,1753.0,1278.8,1761.6,6452.1,2524.2,1263.8
,,,,,,,,3978,1559.2,1935.2,6503.4,2307.5,3038.1,2998.1,1862.6,1331.8,1847.5,6725.5,2644.7,1303.7
,,,,,,,,3979,1553.6,1954.9,6619.0,2345.0,3104.1,3127.4,1908.4,1374.1,1909.3,6914.3,2707.3,1358.4
,,,,,,,,3980,1552.8,1945.3,6595.2,2284.4,3036.7,3043.3,1829.5,1315.4,1834.1,6786.9,2648.1,1325.9
,,,,,,,,3981,1473.7,1875.1,6277.5,2210.4,2952.2,2902.6,1773.6,1271.1,1784.8,6460.3,2568.8,1270.1
,,,,,,,,3982,1402.3,1756.7,5981.3,2102.7,2742.0,2793.1,1687.4,1210.9,1682.8,6086.5,2417.8,1194.2
,,,,,,,,3983,1356.1,1667.4,5789.6,2003.2,2678.4,2671.0,1618.8,1160.9,1607.8,5846.1,2315.3,1150.8
,,,,,,,,3984,1307.2,1623.3,5578.1,1966.6,2617.4,2544.2,1576.2,1136.0,1574.7,5809.2,2275.8,1109.8
,,,,,,,,3985,1123.8,1420.1,4843.1,1687.3,2205.3,2239.2,1353.8,972.0,1377.1,4950.2,1965.3,982.6
,,,,,,,,3986,1072.0,1351.6,4620.1,1621.3,2081.7,2094.4,1288.1,932.6,1273.1,4744.3,1816.3,919.3
,,,,,,,,3987,1004.2,1265.4,4369.5,1516.6,2007.0,2011.2,1228.6,871.0,1212.7,4485.2,1726.7,877.6
,,,,,,,,3988,1005.7,1252.9,4177.3,1484.4,1984.3,1952.3,1182.1,868.5,1196.8,4323.3,1707.5,845.8
,,,,,,,,3989,1028.1,1284.8,4384.3,1569.0,2022.7,2074.5,1244.2,888.6,1251.0,4533.2,1800.3,905.7
,,,,,,,,3990,1152.1,1429.8,4882.4,1706.9,2250.3,2263.5,1354.1,979.0,1379.8,4949.9,1936.4,971.4
,,,,,,,,3991,1252.8,1569.0,5337.7,1888.1,2488.6,2491.0,1501.3,1098.8,1540.1,5447.8,2176.8,1101.6
,,,,,,,,3992,1380.2,1730.4,5734.5,2026.0,2669.3,2683.8,1619.3,1173.8,1626.8,6008.6,2367.2,1159.2
,,,,,,,,3993,1391.5,1765.2,6013.6,2114.2,2809.2,2789.5,1715.6,1206.0,1679.8,6076.2,2407.2,1211.8
,,,,,,,,3994,1385.6,1754.9,5915.5,2064.3,2713.9,2729.9,1661.9,1210.5,1656.3,6146.5,2379.4,1181.6
,,,,,,,,3995,1347.8,1658.1,5751.3,1982.0,2606.5,2626.6,1582.5,1148.2,1594.8,5769.3,2287.8,1154.4
,,,,,,,,3996,1286.2,1609.4,5502.8,1892.6,2527.5,2486.1,1531.4,1092.5,1526.1,5613.1,2218.9,1096.3
,,,,,,,,3997,1229.6,1548.3,5231.8,1868.4,2440.3,2412.6,1473.9,1062.3,1492.8,5439.0,2134.2,1067.5
,,,,,,,,3998,1242.8,1555.8,5238.2,1826.4,2424.4,2436.7,1496.4,1059.4,1479.4,5428.9,2126.3,1065.7
,,,,,,,,3999,1269.6,1592.7,5285.4,1893.6,2442.3,2501.3,1525.7,1099.2,1505.5,5532.9,2162.4,1068.1
,,,,,,,,4000,1292.8,1652.7,5628.3,1950.3,2571.2,2551.5,1568.3,1134.3,1586.0,5693.5,2255.1,1136.3
,,,,,,,,4001,1394.4,1704.0,5886.3,2054.0,2746.4,2707.1,1658.3,1186.8,1659.0,6013.8,2349.9,1185.7
,,,,,,,,4002,1431.8,1795.4,6075.7,2145.3,2861.2,2857.8,1719.7,1256.2,1711.6,6356.8,2498.7,1248.7
,,,,,,,,4003,1485.3,1808.3,6199.0,2190.4,2850.8,2900.4,1782.2,1270.4,1743.8,6461.1,2551.7,1255.9
,,,,,,,,4004,1461.3,1830.1,6210.8,2197.3,2873.1,2837.5,1744.4,1251.0,1748.4,6330.7,2477.9,1236.2
,,,,,,,,4005,1382.5,1723.4,5909.2,2061.9,2750.8,2710.9,1649.1,1201.0,1652.9,6116.2,2339.0,1186.0
,,,,,,,,4006,1307.5,1647.3,5548.5,1967.2,2618.7,2565.0,1587.5,1138.7,1559.8,5756.5,2220.5,1118.9
,,,,,,,,4007,1253.1,1564.6,5348.8,1888.8,2449.2,2442.6,1506.6,1072.8,1490.9,5434.0,2160.7,1087.3
,,,,,,,,4008,1222.2,1521.7,5190.5,1824.1,2413.8,2378.8,1492.2,1071.3,1456.8,5297.6,2080.0,1048.0
,,,,,,,,4009,1120.7,1389.5,4763.0,1699.4,2245.4,2184.3,1348.7,979.1,1360.9,4889.4,1927.3,983.3
,,,,,,,,4010,1061.8,1347.9,4471.0,1583.0,2108.2,2068.7,1291.2,913.5,1270.8,4708.4,1848.5,931.7
,,,,,,,,4011,1019.5,1270.2,4322.0,1518.2,1958.7,1954.8,1198.8,884.2,1205.7,4440.9,1726.1,880.1
,,,,,,,,4012,985.5,1248.4,4185.0,1488.2,1948.9,1945.5,1198.0,856.7,1181.7,4378.8,1695.4,846.5
,,,,,,,,4013,1046.9,1288.2,4365.8,1536.3,2006.8,2035.2,1229.8,902.9,1257.2,4571.4,1766.0,889.1
,,,,,,,,4014,1127.9,1414.5,4865.7,1697.4,2264.6,2218.0,1379.3,992.9,1353.4,4916.7,1982.9,985.2
,,,,,,,,4015,1239.6,1571.3,5313.5,1891.6,2497.2,2450.2,1512.3,1093.9,1493.0,5543.5,2173.8,1078.5
,,,,,,,,4016,1356.2,1697.1,5791.6,2056.4,2692.7,2666.9,1607.8,1171.2,1626.1,6012.1,2305.7,1183.3
,,,,,,,,4017,1415.4,1728.7,5973.1,2119.6,2742.4,2736.7,1675.6,1206.4,1659.5,6173.7,2427.0,1222.5
,,,,,,,,4018,1368.7,1728.7,5888.3,2050.0,2719.3,2711.9,1670.2,1200.6,1651.5,6005.3,2368.6,1196.2
,,,,,,,,4019,1311.9,1658.7,5640.8,1998.5,2600.0,2640.0,1600.3,1158.5,1593.0,5724.5,2314.9,1142.8
,,,,,,,,4020,1250.6,1596.5,5441.0,1898.8,2483.3,2501.2,1501.8,1083.7,1530.7,5523.8,2180.6,1102.2
,,,,,,,,4021,1217.3,1541.9,5279.4,1856.5,2407.2,2419.3,1463.0,1051.1,1485.8,5318.4,2095.6,1054.1
,,,,,,,,4022,1246.2,1539.7,5260.7,1866.6,2447.8,2392.8,1488.5,1069.4,1484.5,5341.7,2143.2,1065.8
,,,,,,,,4023,1250.8,1562.1,5333.2,1874.5,2474.0,2452.5,1479.8,1065.8,1516.4,5422.6,2133.9,1090.3
,,,,,,,,4024,1320.2,1606.4,5472.1,1944.2,2572.2,2533.1,1556.4,1123.0,1564.1,5680.5,2244.2,1128.4
,,,,,,,,4025,1365.7,1725.8,5913.0,2035.3,2712.4,2675.4,1631.9,1170.8,1623.5,6071.1,2346.3,1196.6
,,,,,,,,4026,1424.7,1785.2,6008.3,2172.7,2824.9,2798.4,1715.6,1254.9,1703.1,6170.2,2473.4,1218.8
,,,,,,,,4027,1453.7,1837.7,6224.5,2212.8,2900.9,2869.2,1738.0,1249.5,1775.0,6285.2,2487.3,1272.8
,,,,,,,,4028,1430.7,1817.3,6020.5,2171.8,2862.6,2812.5,1740.5,1236.9,1744.2,6326.7,2477.4,1219.7
,,,,,,,,4029,1357.4,1701.2,5877.6,2045.3,2712.2,2704.9,1659.9,1202.7,1657.7,5981.3,2331.8,1176.5
,,,,,,,,4030,1323.1,1648.3,5501.5,1965.4,2540.4,2593.8,1556.2,1113.9,1541.6,5654.7,2230.4,1133.3
,,,,,,,,4031,1236.0,1576.4,5359.3,1865.2,2482.1,2478.4,1510.8,1094.3,1481.6,5493.3,2181.4,1079.2
,,,,,,,,4032,1229.9,1526.9,5231.2,1835.3,2361.4,2400.1,1441.2,1045.1,1466.6,5397.0,2123.3,1043.3
,,,,,,,,4033,1185.8,1499.4,5004.4,1779.8,2348.4,2358.3,1412.8,1037.7,1421.9,5174.5,2042.9,1016.5
,,,,,,,,4034,1125.5,1421.1,4829.6,1672.1,2236.9,2192.2,1350.4,964.7,1343.1,4930.5,1949.0,962.0
,,,,,,,,4035,1078.6,1330.1,4554.3,1579.0,2080.9,2093.9,1260.0,928.4,1289.8,4725.4,1850.2,931.5
,,,,,,,,4036,1052.3,1322.8,4425.5,1583.9,2071.0,2068.9,1255.9,898.9,1264.9,4550.4,1787.3,909.5
,,,,,,,,4037,1084.0,1368.7,4599.1,1649.4,2163.4,2143.8,1331.5,955.6,1318.5,4747.0,1893.0,943.8
,,,,,,,,4038,1213.9,1495.7,5081.3,1778.3,2389.0,2331.4,1440.3,1036.0,1451.5,5283.2,2051.7,1040.5
,,,,,,,,4039,1338.6,1677.3,5701.7,1977.2,2619.5,2584.0,1611.2,1131.6,1615.0,5886.3,2307.5,1142.5
,,,,,,,,4040,1433.0,1774.9,6060.9,2144.5,2829.4,2798.2,1703.2,1239.7,1745.0,6354.0,2514.9,1233.7
,,,,,,,,4041,1481.7,1877.1,6266.5,2204.5,2943.4,2883.8,1761.5,1269.6,1804.3,6469.5,2599.7,1296.9
,,,,,,,,4042,1477.9,1810.1,6156.5,2181.9,2860.8,2836.2,1763.3,1278.5,1772.0,6363.5,2559.9,1259.3
,,,,,,,,4043,1392.1,1780.2,5931.1,2135.4,2718.2,2757.1,1698.6,1195.5,1676.2,6046.3,2418.3,1201.1
,,,,,,,,4044,1336.3,1665.5,5746.5,2017.9,2620.3,2604.3,1621.3,1168.5,1616.5,5924.1,2354.4,1154.1
,,,,,,,,4045,1300.2,1649.9,5557.8,1982.8,2544.0,2536.9,1575.5,1130.4,1542.6,5673.9,2237.1,1116.7
,,,,,,,,4046,1290.5,1608.2,5457.5,1926.9,2537.9,2548.9,1574.7,1117.0,1577.8,5665.1,2254.8,1119.7
,,,,,,,,4047,1314.2,1635.5,5686.2,1967.6,2628.6,2629.3,1594.2,1149.8,1608.0,5722.9,2255.9,1139.9
,,,,,,,,4048,1379.2,1721.3,5889.3,2039.4,2728.1,2734.3,1637.1,1207.4,1672.9,5937.6,2353.4,1184.3
,,,,,,,,4049,1441.4,1797.7,6252.1,2193.3,2849.9,2847.3,1754.1,1255.5,1762.7,6294.6,2496.5,1249.3
,,,,,,,,4050,1531.6,1915.7,6431.2,2310.0,2985.8,2981.9,1811.3,1319.0,1843.5,6589.3,2632.3,1299.9
,,,,,,,,4051,1522.6,1928.6,6652.4,2288.5,3015.3,3055.1,1858.8,1314.0,1831.0,6799.9,2673.7,1324.3
,,,,,,,,4052,1517.8,1895.9,6358.8,2276.1,2991.9,3000.8,1802.1,1297.3,1805.6,6551.8,2626.8,1313.9
,,,,,,,,4053,1437.8,1793.5,6139.9,2161.0,2879.2,2840.7,1735.6,1259.5,1738.4,6355.5,2480.6,1272.8
,,,,,,,,4054,1385.1,1739.5,5835.9,2050.8,2692.3,2681.4,1631.6,1206.5,1641.9,6063.0,2356.0,1189.0
,,,,,,,,4055,1330.0,1674.2,5673.3,1999.5,2628.0,2612.8,1575.6,1134.3,1594.9,5736.6,2272.6,1159.8
,,,,,,,,4056,1306.2,1632.6,5407.5,1953.8,2494.9,2510.4,1557.6,1110.7,1541.3,5569.8,2203.1,1104.7
,,,,,,,,4057,1192.5,1498.7,5089.0,1766.5,2339.2,2339.7,1422.7,1023.2,1405.3,5225.6,2025.2,1031.0
,,,,,,,,4058,1109.9,1405.5,4784.3,1675.8,2204.3,2185.3,1354.0,971.6,1338.1,4869.4,1961.6,966.6
,,,,,,,,4059,1073.9,1346.3,4535.2,1611.5,2061.8,2056.4,1261.3,923.6,1273.7,4691.0,1836.7,932.3
,,,,,,,,4060,1056.0,1310.8,4366.0,1564.7,2017.8,2023.8,1256.8,899.4,1243.2,4512.4,1782.4,894.1
,,,,,,,,4061,1081.3,1373.3,4669.7,1629.8,2150.8,2112.2,1289.8,925.5,1308.5,4794.2,1910.9,944.3
,,,,,,,,4062,1189.7,1508.6,5118.0,1776.8,2318.7,2326.3,1437.8,1042.0,1425.3,5259.3,2066.2,1047.8
,,,,,,,,4063,1328.5,1658.1,5611.9,1964.7,2606.1,2594.6,1587.0,1124.9,1590.1,5817.3,2278.2,1136.5
,,,,,,,,4064,1413.4,1790.6,6055.2,2153.9,2771.9,2819.1,1734.3,1226.0,1695.2,6142.0,2450.4,1235.4
,,,,,,,,4065,1454.9,1825.9,6332.0,2186.4,2874.0,2909.6,1756.8,1264.5,1790.5,6354.0,2538.5,1288.3
,,,,,,,,4066,1462.6,1814.4,6135.4,2186.2,2889.1,2882.5,1747.9,1252.4,1732.5,6296.1,2499.8,1270.9
,,,,,,,,4067,1386.9,1754.6,5852.7,2107.6,2759.5,2734.0,1677.1,1207.8,1685.4,6047.4,2448.2,1225.4
,,,,,,,,4068,1337.7,1644.9,5663.3,1997.9,2658.8,2659.4,1576.0,1160.1,1590.1,5894.9,2279.6,1167.0
,,,,,,,,4069,1292.2,1634.7,5549.3,1932.6,2524.1,2519.9,1537.2,1126.9,1559.3,5649.3,2222.5,1111.8
,,,,,,,,4070,1309.7,1613.2,5571.1,1952.4,2551.4,2560.7,1529.1,1122.6,1565.3,5638.7,2238.7,1125.7
,,,,,,,,4071,1310.7,1638.2,5674.7,1954.0,2591.0,2596.0,1574.0,1152.0,1571.7,5820.1,2290.1,1128.0
,,,,,,,,4072,1369.8,1731.3,5786.1,2079.2,2687.2,2720.2,1660.0,1188.7,1630.2,5892.9,2348.7,1185.4
,,,,,,,,4073,1465.4,1791.5,6124.0,2167.1,2826.9,2845.2,1755.9,1244.4,1717.5,6344.0,2518.0,1235.8
,,,,,,,,4074,1519.2,1908.3,6501.1,2294.7,2943.4,2953.6,1804.8,1316.3,1782.9,6507.6,2632.3,1298.2
,,,,,,,,4075,1544.5,1895.9,6476.7,2285.6,3018.9,3032.5,1835.2,1314.9,1833.6,6756.0,2694.2,1346.4
,,,,,,,,4076,1526.5,1902.8,6378.4,2273.0,2988.8,2941.2,1831.0,1284.2,1794.7,6538.5,2599.0,1302.4
,,,,,,,,4077,1462.7,1828.6,6207.6,2188.9,2872.7,2826.0,1725.2,1231.7,1726.0,6370.9,2507.4,1238.3
,,,,,,,,4078,1367.1,1723.3,5804.0,2048.9,2711.8,2695.5,1655.4,1182.8,1631.6,6032.4,2371.7,1204.4
,,,,,,,,4079,1328.2,1640.4,5552.5,1973.7,2573.8,2614.9,1581.0,1150.5,1587.3,5815.8,2309.7,1152.7
,,,,,,,,4080,1289.4,1615.8,5483.0,1928.6,2484.0,2510.5,1530.3,1100.8,1527.5,5633.0,2240.9,1119.3
,,,,,,,,4081,1173.9,1484.7,5085.0,1769.0,2323.8,2282.2,1396.2,1001.8,1399.3,5193.1,2051.7,1015.9
,,,,,,,,4082,1114.4,1381.4,4739.9,1698.3,2167.0,2178.8,1318.9,955.3,1331.5,4875.4,1913.3,980.4
,,,,,,,,4083,1054.8,1316.2,4479.2,1581.8,2079.8,2058.0,1254.2,919.0,1271.4,4629.6,1830.6,912.3
,,,,,,,,4084,1039.5,1308.8,4345.0,1549.0,2059.9,2006.0,1242.1,901.5,1232.4,4545.0,1821.3,911.6
,,,,,,,,4085,1093.0,1363.3,4545.9,1623.3,2124.9,2124.9,1296.0,944.4,1307.0,4715.3,1911.4,938.6
,,,,,,,,4086,1188.5,1507.0,5020.8,1771.2,2362.2,2347.2,1439.3,1032.2,1426.8,5190.2,2094.8,1035.9
,,,,,,,,4087,1319.8,1633.1,5610.6,1954.6,2571.2,2577.7,1586.0,1136.3,1555.7,5654.4,2276.0,1158.4
,,,,,,,,4088,1435.5,1792.6,5999.9,2159.3,2793.7,2815.8,1682.4,1220.0,1703.9,6185.8,2436.0,1224.4
,,,,,,,,4089,1485.7,1846.6,6309.6,2230.1,2850.7,2910.0,1730.4,1270.1,1738.6,6357.3,2559.9,1267.7
,,,,,,,,4090,1454.7,1821.8,6136.6,2199.8,2831.7,2854.1,1713.6,1255.7,1716.9,6297.6,2486.8,1246.4
,,,,,,,,4091,1376.1,1726.4,5949.7,2080.8,2735.8,2686.6,1667.3,1181.0,1649.9,6070.4,2382.8,1219.1
,,,,,,,,4092,1322.7,1665.5,5691.7,2014.9,2635.7,2643.2,1573.2,1135.3,1575.2,5774.5,2284.9,1141.9
,,,,,,,,4093,1287.3,1609.5,5499.1,1918.2,2535.7,2568.3,1566.0,1123.9,1550.9,5690.5,2238.9,1107.9
,,,,,,,,4094,1293.2,1609.2,5380.8,1931.4,2544.4,2525.4,1519.5,1108.2,1544.3,5593.7,2258.6,1121.8
,,,,,,,,4095,1319.9,1633.9,5501.9,1988.4,2560.3,2561.4,1547.2,1136.8,1554.3,5732.4,2302.4,1128.3
,,,,,,,,4096,1348.6,1713.2,5732.1,2054.0,2686.6,2709.8,1644.2,1178.4,1647.2,5995.4,2391.4,1192.4
,,,,,,,,4097,1441.3,1792.4,6087.9,2130.0,2789.9,2852.1,1717.3,1226.3,1729.0,6350.2,2511.2,1233.8
,,,,,,,,4098,1487.1,1869.9,6448.2,2226.8,2940.7,2978.7,1813.1,1276.2,1780.7,6485.6,2615.4,1318.6
,,,,,,,,4099,1537.7,1921.0,6564.4,2274.3,3004.1,2966.1,1828.6,1330.4,1832.6,6702.1,2633.9,1331.2
,,,,,,,,4100,1500.9,1878.4,6467.5,2254.8,2968.2,2966.9,1789.0,1280.6,1775.8,6621.0,2634.0,1302.1
,,,,,,,,4101,1427.2,1773.9,6043.6,2140.3,2834.1,2848.2,1730.4,1240.8,1743.4,6349.2,2503.4,1232.1
,,,,,,,,4102,1355.5,1715.9,5745.9,2031.3,2679.1,2673.4,1632.8,1173.2,1615.4,5982.7,2349.7,1199.7
,,,,,,,,4103,1323.2,1613.2,5515.3,1965.3,2589.7,2579.5,1578.3,1110.5,1574.8,5672.7,2243.3,1136.7
,,,,,,,,4104,1290.9,1616.4,5423.5,1897.9,2524.7,2481.0,1547.9,1091.3,1546.1,5538.0,2224.8,1104.2
,,,,,,,,4105,1179.9,1468.3,5050.4,1744.4,2329.4,2309.0,1412.1,998.5,1405.6,5042.3,2057.5,1009.8
,,,,,,,,4106,1097.3,1375.5,4715.6,1657.5,2205.7,2200.3,1335.7,956.1,1312.2,4882.6,1930.7,961.0
,,,,,,,,4107,1063.8,1299.0,4515.7,1572.8,2060.4,2042.9,1255.1,912.8,1238.7,4621.2,1812.1,911.7
,,,,,,,,4108,1029.4,1291.7,4380.6,1567.5,2019.9,2013.8,1243.3,888.5,1224.7,4429.2,1813.8,891.6
,,,,,,,,4109,1085.8,1339.0,4620.3,1621.3,2145.2,2125.5,1289.2,915.9,1277.3,4647.6,1854.1,934.9
,,,,,,,,4110,1171.0,1474.9,4985.3,1779.7,2346.2,2312.2,1422.1,1018.0,1435.6,5119.6,2038.4,1032.3
,,,,,,,,4111,1304.3,1621.3,5504.5,1950.4,2540.9,2574.9,1569.4,1116.6,1544.9,5633.0,2306.9,1147.7
,,,,,,,,4112,1423.7,1791.7,6020.3,2107.6,2788.1,2804.1,1694.1,1208.7,1683.1,6152.1,2457.0,1218.1
,,,,,,,,4113,1458.5,1823.6,6244.7,2176.8,2895.1,2861.1,1721.2,1254.5,1762.6,6329.4,2536.2,1260.8
,,,,,,,,4114,1446.0,1823.4,6053.8,2141.8,2843.9,2787.6,1745.4,1243.6,1739.6,6275.9,2520.8,1245.8
,,,,,,,,4115,1387.4,1715.3,5794.0,2064.6,2677.5,2711.6,1637.5,1195.8,1640.4,6029.5,2403.3,1216.4
,,,,,,,,4116,1324.3,1645.2,5612.5,1952.2,2609.5,2605.9,1574.4,1137.0,1577.9,5701.3,2326.2,1140.4
,,,,,,,,4117,1279.2,1613.1,5511.0,1934.5,2550.5,2542.5,1530.2,1100.0,1530.8,5561.7,2234.6,1112.9
,,,,,,,,4118,1288.2,1597.7,5493.5,1922.0,2518.5,2506.5,1522.3,1101.0,1522.5,5507.8,2234.5,1117.5
,,,,,,,,4119,1305.5,1646.8,5551.0,1950.6,2574.2,2565.5,1542.7,1137.1,1556.2,5750.2,2305.2,1150.0
,,,,,,,,4120,1355.7,1673.6,5813.6,2063.1,2632.8,2661.4,1637.6,1168.7,1626.8,5877.3,2339.9,1168.9
,,,,,,,,4121,1447.9,1803.3,6007.3,2164.2,2828.1,2766.2,1730.8,1219.2,1702.1,6283.1,2458.6,1243.2
,,,,,,,,4122,1513.2,1852.2,6425.3,2267.2,2919.2,2892.3,1787.8,1286.8,1774.6,6590.6,2581.9,1305.0
,,,,,,,,4123,1522.8,1919.1,6424.2,2312.6,2996.4,2949.5,1798.0,1324.9,1810.3,6633.7,2621.4,1310.8
,,,,,,,,4124,1495.2,1881.6,6393.0,2253.6,2946.3,2941.5,1770.4,1284.5,1808.8,6490.0,2592.8,1296.8
,,,,,,,,4125,1420.1,1807.8,6029.7,2166.4,2797.9,2807.3,1710.3,1224.3,1711.8,6211.3,2474.4,1260.9
,,,,,,,,4126,1351.6,1714.4,5830.0,2056.2,2698.1,2678.7,1641.6,1180.8,1631.0,5944.1,2361.8,1165.4
,,,,,,,,4127,1296.1,1647.7,5607.3,1927.7,2542.1,2562.1,1533.3,1117.2,1578.9,5671.9,2244.5,1124.5
,,,,,,,,4128,1278.2,1582.6,5452.7,1906.3,2458.7,2453.7,1508.3,1094.1,1503.3,5478.0,2214.2,1092.1
,,,,,,,,4129,1155.2,1458.3,4999.3,1736.5,2320.9,2259.2,1395.2,990.3,1404.1,5043.5,2047.6,1029.3
,,,,,,,,4130,1101.6,1362.2,4664.4,1655.6,2196.9,2145.4,1326.0,945.1,1336.5,4788.4,1913.4,965.6
,,,,,,,,4131,1041.0,1312.0,4457.2,1564.6,2025.0,2023.3,1244.2,897.7,1233.7,4575.0,1827.0,923.5
,,,,,,,,4132,1029.1,1280.1,4418.4,1520.5,2009.1,1993.2,1210.5,882.8,1243.7,4463.2,1771.8,889.4
,,,,,,,,4133,1069.7,1345.2,4555.4,1596.0,2077.6,2074.1,1289.9,927.0,1295.7,4598.8,1860.6,945.2
,,,,,,,,4134,1172.2,1475.8,5070.8,1742.0,2322.0,2309.0,1385.8,1006.4,1417.0,5150.5,2066.6,1034.1
,,,,,,,,4135,1293.1,1613.8,5502.5,1930.5,2589.1,2552.3,1559.0,1127.4,1565.2,5667.3,2290.1,1152.0
,,,,,,,,4136,1421.1,1763.9,6062.9,2137.0,2742.8,2766.7,1669.2,1211.9,1681.6,6134.5,2458.6,1237.6
,,,,,,,,4137,1440.4,1833.0,6183.1,2147.2,2817.3,2836.7,1743.9,1238.4,1756.1,6299.8,2532.1,1285.4
,,,,,,,,4138,1453.2,1787.6,6049.7,2183.4,2814.3,2830.5,1704.1,1222.1,1730.1,6271.4,2518.6,1247.7
,,,,,,,,4139,1374.7,1742.5,5917.1,2052.4,2719.2,2709.7,1633.4,1191.6,1630.0,5949.2,2376.1,1192.6
,,,,,,,,4140,1295.6,1641.0,5605.3,1995.9,2542.6,2569.5,1548.6,1135.5,1558.5,5706.0,2304.4,1156.2
,,,,,,,,4141,1289.5,1618.5,5371.3,1901.7,2492.0,2477.9,1510.2,1109.3,1517.4,5605.5,2239.4,1126.0
,,,,,,,,4142,1290.2,1593.0,5432.3,1890.1,2514.7,2463.4,1506.3,1102.5,1542.6,5494.9,2223.7,1101.8
,,,,,,,,4143,1311.6,1602.9,5480.2,1939.5,2515.1,2533.6,1552.3,1119.7,1534.4,5690.2,2254.5,1131.0
,,,,,,,,4144,1359.4,1692.4,5773.3,2038.3,2680.2,2660.6,1604.9,1166.9,1630.7,5876.1,2376.1,1175.6
,,,,,,,,4145,1418.7,1788.7,6003.9,2148.8,2791.8,2792.5,1677.4,1214.7,1687.1,6113.2,2487.7,1256.8
,,,,,,,,4146,1502.7,1862.0,6394.9,2201.4,2885.7,2917.1,1753.8,1286.9,1798.3,6546.2,2585.9,1313.0
,,,,,,,,4147,1528.4,1880.5,6350.4,2297.8,2954.8,2984.9,1801.1,1312.3,1800.9,6628.1,2650.6,1322.5
,,,,,,,,4148,1478.9,1863.4,6239.5,2204.9,2896.1,2874.0,1793.6,1286.8,1789.4,6419.9,2605.6,1297.2
,,,,,,,,4149,1419.5,1778.5,5975.1,2163.6,2820.9,2783.4,1710.1,1209.2,1713.6,6184.7,2453.2,1225.8
,,,,,,,,4150,1354.7,1688.3,5710.3,1998.0,2646.0,2609.4,1617.5,1154.8,1632.8,5929.7,2357.9,1183.7
,,,,,,,,4151,1308.8,1609.3,5529.2,1928.9,2530.5,2517.5,1558.6,1104.5,1534.5,5604.8,2280.4,1123.9
,,,,,,,,4152,1269.7,1591.2,5328.9,1895.0,2455.0,2499.5,1517.9,1083.1,1509.2,5517.8,2190.2,1102.7
,,,,,,,,4153,1096.8,1365.1,4577.4,1643.4,2157.7,2117.4,1292.9,937.7,1305.1,4769.5,1910.8,942.4
,,,,,,,,4154,1046.0,1292.4,4433.6,1552.8,1995.8,2005.5,1247.1,893.9,1223.3,4554.1,1797.4,893.6
,,,,,,,,4155,980.2,1219.4,4146.7,1477.8,1895.2,1891.1,1163.3,837.4,1175.2,4286.5,1698.5,861.7
,,,,,,,,4156,971.6,1213.7,4024.3,1456.5,1902.9,1863.5,1156.2,821.6,1135.8,4111.8,1684.3,828.8
,,,,,,,,4157,1008.3,1272.7,4203.4,1490.0,1973.0,1976.2,1184.4,869.8,1211.5,4361.5,1755.3,888.7
,,,,,,,,4158,1090.0,1391.0,4670.1,1655.3,2128.1,2183.1,1302.3,958.8,1318.0,4747.8,1900.2,958.3
,,,,,,,,4159,1230.8,1509.7,5126.4,1804.9,2392.2,2401.5,1465.1,1060.5,1457.4,5242.9,2141.3,1064.0
,,,,,,,,4160,1321.1,1652.7,5520.2,1978.6,2567.9,2551.1,1553.1,1126.7,1560.0,5758.6,2304.7,1165.6
,,,,,,,,4161,1373.8,1722.9,5781.0,2042.9,2678.0,2677.9,1612.6,1174.1,1633.1,5986.6,2351.5,1188.2
,,,,,,,,4162,1354.2,1664.5,5654.4,2008.6,2596.3,2638.5,1584.9,1160.3,1598.0,5895.3,2357.7,1174.4
,,,,,,,,4163,1286.5,1629.1,5435.9,1931.2,2555.0,2483.1,1522.0,1110.8,1528.1,5629.0,2223.6,1135.8
,,,,,,,,4164,1213.8,1515.4,5149.5,1848.0,2403.6,2399.9,1478.6,1058.5,1478.9,5409.5,2179.9,1078.9
,,,,,,,,4165,1179.3,1507.6,5040.7,1808.3,2363.4,2369.5,1433.9,1036.8,1410.9,5168.0,2089.0,1057.4
,,,,,,,,4166,1194.1,1491.1,5035.1,1775.3,2336.5,2360.1,1428.6,1017.1,1435.7,5107.4,2075.7,1028.4
,,,,,,,,4167,1210.0,1537.7,5120.2,1842.0,2376.7,2389.1,1435.8,1046.3,1454.4,5219.0,2127.9,1058.8
,,,,,,,,4168,1259.9,1557.6,5303.5,1910.6,2491.2,2510.8,1515.7,1096.7,1516.0,5450.3,2236.2,1105.8
,,,,,,,,4169,1346.4,1638.6,5612.6,2015.6,2567.9,2616.9,1607.7,1143.6,1592.2,5723.9,2337.5,1159.8
,,,,,,,,4170,1371.6,1740.4,5933.4,2057.2,2712.1,2706.5,1671.8,1211.9,1667.9,5971.4,2424.0,1227.0
,,,,,,,,4171,1395.0,1743.1,6034.9,2099.0,2771.9,2753.3,1690.9,1229.3,1683.5,6125.8,2485.7,1233.0
,,,,,,,,4172,1393.9,1761.3,5934.0,2069.0,2725.9,2721.7,1643.0,1206.6,1676.4,6135.8,2432.1,1210.1
,,,,,,,,4173,1337.9,1687.3,5570.6,1992.9,2616.5,2577.1,1580.2,1137.9,1584.2,5777.7,2349.8,1154.0
,,,,,,,,4174,1246.1,1593.0,5336.4,1868.5,2454.0,2491.4,1529.9,1100.5,1518.9,5444.5,2204.8,1115.3
,,,,,,,,4175,1209.9,1525.0,5109.0,1814.9,2369.1,2380.4,1439.3,1032.3,1459.5,5193.4,2116.9,1045.3
,,,,,,,,4176,1184.3,1480.6,5067.5,1747.9,2322.0,2345.6,1413.3,1004.3,1394.9,5190.2,2061.0,1047.7
,,,,,,,,4177,1073.7,1350.7,4566.0,1649.1,2096.3,2103.2,1302.9,932.6,1280.1,4690.0,1903.9,953.0
,,,,,,,,4178,1039.9,1301.3,4383.7,1526.9,2019.6,2038.6,1225.3,877.5,1229.3,4508.1,1804.0,901.1
,,,,,,,,4179,974.9,1217.8,4135.6,1478.9,1920.9,1882.1,1171.0,844.4,1160.0,4251.6,1722.1,842.8
,,,,,,,,4180,949.6,1177.0,4030.3,1427.2,1856.2,1847.0,1136.9,814.4,1145.6,4149.0,1691.0,834.7
,,,,,,,,4181,1013.4,1239.4,4224.4,1490.4,1932.6,1943.0,1205.1,855.9,1182.7,4324.9,1753.8,880.8
,,,,,,,,4182,1111.7,1382.8,4675.6,1638.2,2134.5,2141.5,1314.6,938.5,1327.2,4822.9,1904.3,961.4
,,,,,,,,4183,1228.1,1518.7,5199.0,1839.7,2359.2,2393.3,1451.1,1052.1,1460.6,5332.1,2135.7,1060.0
,,,,,,,,4184,1294.0,1658.4,5526.7,1974.2,2591.0,2586.8,1550.3,1129.8,1574.0,5694.4,2271.2,1150.8
,,,,,,,,4185,1361.1,1703.5,5674.2,2044.8,2633.3,2617.0,1625.0,1155.8,1618.5,5809.7,2350.0,1184.5
,,,,,,,,4186,1327.3,1665.4,5748.7,1993.5,2583.9,2577.1,1591.0,1158.3,1603.1,5843.5,2352.7,1170.2
,,,,,,,,4187,1292.7,1596.4,5400.9,1937.7,2508.9,2519.9,1513.4,1090.7,1513.2,5530.7,2233.9,1137.2
,,,,,,,,4188,1237.4,1546.4,5250.8,1834.4,2408.1,2371.4,1455.0,1045.2,1464.4,5285.6,2152.7,1087.2
,,,,,,,,4189,1183.3,1499.3,4990.7,1787.3,2310.9,2335.5,1415.3,1025.8,1440.4,5210.9,2112.5,1049.6
,,,,,,,,4190,1187.6,1474.5,5014.6,1771.3,2344.0,2293.4,1424.9,1005.4,1398.1,5097.8,2049.7,1050.8
,,,,,,,,4191,1213.7,1492.0,5162.9,1787.6,2340.9,2331.8,1459.4,1023.6,1434.9,5227.0,2126.8,1055.2
,,,,,,,,4192,1240.8,1574.3,5423.9,1897.2,2471.3,2487.2,1498.9,1082.4,1504.4,5497.7,2207.3,1104.9
,,,,,,,,4193,1307.2,1662.3,5596.9,1986.9,2565.8,2554.9,1599.9,1134.4,1593.1,5680.4,2312.1,1170.7
,,,,,,,,4194,1369.1,1713.3,5849.4,2096.0,2688.3,2722.9,1649.0,1204.8,1629.9,6013.7,2407.4,1218.7
,,,,,,,,4195,1411.7,1740.1,5958.3,2108.6,2756.1,2795.0,1701.6,1213.0,1691.4,6039.4,2440.0,1219.2
,,,,,,,,4196,1403.7,1747.7,5831.8,2091.9,2711.5,2697.5,1676.0,1206.3,1669.0,6002.7,2453.8,1224.2
,,,,,,,,4197,1307.5,1647.9,5679.1,1987.7,2561.1,2560.0,1562.0,1149.1,1564.3,5691.5,2322.5,1157.7
,,,,,,,,4198,1261.0,1567.9,5330.7,1905.9,2474.5,2487.6,1509.4,1090.5,1492.1,5482.4,2182.3,1105.7
,,,,,,,,4199,1192.2,1491.3,5138.3,1781.3,2349.2,2382.9,1444.9,1027.9,1434.5,5263.2,2089.5,1063.2
,,,,,,,,4200,1178.6,1453.9,5007.4,1741.7,2300.0,2307.8,1418.7,1010.5,1396.0,5109.7,2067.5,1022.6
,,,,,,,,4201,1151.6,1430.1,4869.5,1728.8,2271.2,2267.2,1391.4,979.1,1369.2,4943.7,2021.0,1021.9
,,,,,,,,4202,1098.4,1360.8,4661.9,1610.3,2161.8,2157.2,1300.0,928.0,1311.0,4742.0,1894.6,954.6
,,,,,,,,4203,1043.1,1287.2,4419.7,1559.3,2039.9,2023.9,1243.8,891.5,1221.8,4421.2,1812.2,917.9
,,,,,,,,4204,1023.7,1263.7,4361.9,1518.3,1955.9,1979.4,1198.9,879.6,1203.3,4374.6,1779.1,884.9
,,,,,,,,4205,1046.0,1316.8,4484.4,1567.3,2086.0,2073.5,1251.3,912.7,1280.2,4595.6,1864.6,933.2
,,,,,,,,4206,1146.6,1432.1,4909.8,1745.1,2298.8,2281.1,1369.1,1002.6,1400.7,5109.6,2042.6,1032.7
,,,,,,,,4207,1280.8,1604.5,5502.3,1952.8,2481.4,2506.5,1543.0,1105.2,1541.8,5603.9,2248.6,1124.6
,,,,,,,,4208,1407.0,1721.1,5939.2,2100.9,2690.4,2717.2,1645.5,1189.8,1667.0,6052.3,2440.8,1213.9
,,,,,,,,4209,1442.6,1787.5,6166.9,2165.9,2762.7,2841.8,1688.2,1216.8,1694.6,6236.8,2501.5,1275.7
,,,,,,,,4210,1432.5,1772.6,5927.8,2092.0,2732.8,2776.0,1682.5,1204.8,1664.1,6196.8,2463.6,1254.3
,,,,,,,,4211,1356.9,1696.6,5818.4,2030.4,2647.4,2649.1,1620.1,1150.4,1640.4,5876.5,2404.5,1189.3
,,,,,,,,4212,1302.7,1642.7,5509.5,1931.6,2536.1,2546.3,1535.6,1126.2,1554.1,5572.3,2313.9,1144.3
,,,,,,,,4213,1244.8,1580.1,5296.4,1881.1,2458.0,2475.9,1488.6,1097.7,1502.2,5430.8,2193.5,1104.5
,,,,,,,,4214,1265.8,1563.5,5293.4,1901.9,2479.6,2429.9,1493.4,1084.0,1474.9,5386.6,2207.5,1108.9
,,,,,,,,4215,1293.3,1618.3,5435.2,1938.1,2533.1,2524.0,1521.6,1107.1,1521.4,5544.5,2249.4,1117.9
,,,,,,,,4216,1335.3,1644.1,5722.6,2008.4,2642.3,2585.3,1590.1,1135.3,1609.1,5761.9,2364.0,1186.8
,,,,,,,,4217,1417.6,1775.0,5987.4,2120.1,2707.8,2760.6,1664.8,1189.9,1697.0,6098.8,2472.4,1243.1
,,,,,,,,4218,1476.8,1830.4,6316.2,2183.2,2838.7,2865.3,1757.1,1262.0,1772.9,6387.3,2580.8,1295.7
,,,,,,,,4219,1489.6,1885.0,6249.6,2219.8,2944.3,2938.5,1767.5,1268.6,1764.8,6549.9,2601.1,1328.6
,,,,,,,,4220,1449.6,1855.1,6174.5,2212.1,2834.1,2843.7,1759.8,1248.6,1772.5,6367.4,2560.5,1274.8
,,,,,,,,4221,1417.7,1751.9,5951.9,2120.9,2727.0,2751.2,1683.0,1207.4,1648.7,6036.2,2438.2,1231.9
,,,,,,,,4222,1323.4,1652.3,5691.1,2021.1,2642.0,2601.1,1575.9,1130.2,1612.3,5735.1,2376.6,1157.5
,,,,,,,,4223,1288.9,1574.7,5410.1,1910.7,2466.3,2499.0,1521.9,1091.2,1506.2,5475.8,2251.5,1123.8
,,,,,,,,4224,1240.5,1570.9,5312.0,1885.5,2458.1,2401.6,1477.5,1077.3,1495.9,5466.9,2178.1,1090.0
,,,,,,,,4225,1144.3,1437.8,4910.8,1737.5,2260.4,2236.9,1347.9,991.6,1375.6,5043.1,2031.5,1007.4
,,,,,,,,4226,1076.1,1359.7,4670.2,1644.4,2096.4,2139.4,1288.9,918.5,1276.9,4743.3,1904.4,967.7
,,,,,,,,4227,1015.7,1287.5,4407.9,1556.2,1990.0,2012.1,1210.3,890.6,1225.8,4421.0,1833.4,895.3
,,,,,,,,4228,1021.6,1270.5,4304.1,1488.9,1986.4,1979.8,1215.1,869.0,1192.6,4345.2,1804.4,889.7
,,,,,,,,4229,1040.6,1322.8,4480.1,1602.6,2051.5,2050.2,1256.4,904.3,1241.3,4581.8,1886.0,936.2
,,,,,,,,4230,1151.0,1449.0,4859.5,1756.2,2269.3,2274.8,1357.8,985.8,1390.9,4958.2,2042.4,1008.7
,,,,,,,,4231,1284.0,1622.2,5428.3,1932.1,2467.1,2475.4,1516.7,1093.9,1513.0,5576.0,2231.6,1119.2
,,,,,,,,4232,1365.6,1726.0,5873.7,2100.0,2670.2,2719.1,1666.2,1200.6,1661.2,6057.9,2449.5,1215.1
,,,,,,,,4233,1422.9,1782.0,5983.4,2113.4,2773.0,2826.5,1704.7,1231.3,1686.5,6192.4,2503.3,1255.0
,,,,,,,,4234,1421.7,1754.2,5904.5,2116.4,2767.1,2768.7,1668.7,1198.6,1697.2,6159.9,2475.3,1249.7
,,,,,,,,4235,1365.8,1707.9,5653.9,2007.8,2614.4,2674.3,1597.0,1162.4,1620.7,5909.8,2406.5,1184.6
,,,,,,,,4236,1276.9,1610.7,5530.4,1958.4,2560.2,2551.2,1553.3,1098.7,1520.3,5632.5,2265.6,1143.0
,,,,,,,,4237,1245.0,1590.5,5368.5,1878.8,2432.7,2433.0,1500.7,1077.7,1495.0,5486.2,2237.9,1106.8
,,,,,,,,4238,1251.8,1577.6,5383.7,1854.6,2471.9,2435.0,1468.0,1084.4,1499.7,5409.3,2197.3,1088.3
,,,,,,,,4239,1289.7,1600.8,5475.2,1893.8,2523.0,2466.1,1509.6,1099.5,1497.2,5470.5,2267.8,1113.0
,,,,,,,,4240,1310.9,1680.8,5712.2,1969.3,2587.2,2596.1,1595.1,1155.1,1590.0,5671.5,2347.9,1182.1
,,,,,,,,4241,1395.1,1726.5,5939.4,2113.5,2748.8,2705.9,1673.3,1216.2,1664.1,6073.8,2477.1,1226.0
,,,,,,,,4242,1452.4,1810.3,6167.3,2194.6,2833.2,2876.2,1715.3,1258.3,1743.4,6258.4,2574.1,1294.3
,,,,,,,,4243,1487.1,1833.7,6268.6,2220.4,2945.2,2908.4,1788.9,1264.5,1773.3,6424.7,2631.4,1313.1
,,,,,,,,4244,1462.6,1843.8,6247.5,2209.5,2893.7,2829.5,1719.2,1249.2,1763.8,6408.6,2600.6,1278.9
,,,,,,,,4245,1398.8,1762.4,5941.7,2103.3,2766.8,2747.4,1641.0,1210.8,1655.7,6057.8,2437.0,1215.3
,,,,,,,,4246,1320.1,1663.9,5602.2,1984.6,2569.1,2576.1,1603.2,1145.6,1579.4,5674.2,2344.2,1157.6
,,,,,,,,4247,1285.9,1608.7,5465.6,1908.4,2473.4,2472.3,1496.6,1094.4,1511.0,5485.3,2269.6,1126.3
,,,,,,,,4248,1234.8,1543.5,5218.2,1882.1,2422.1,2426.7,1456.1,1053.5,1464.7,5405.0,2193.0,1095.3
,,,,,,,,4249,1140.2,1409.0,4838.5,1733.8,2208.9,2230.9,1352.4,973.7,1343.6,4952.0,2004.6,1024.1
,,,,,,,,4250,1089.1,1342.4,4566.0,1636.7,2102.8,2094.0,1288.6,919.8,1281.8,4734.6,1914.3,946.0
,,,,,,,,4251,1010.9,1263.0,4347.1,1529.7,1988.3,1975.3,1207.3,879.1,1211.9,4441.3,1787.9,908.0
,,,,,,,,4252,1013.9,1240.2,4302.4,1504.8,1963.4,1976.9,1204.2,850.4,1183.9,4306.4,1786.4,880.0
,,,,,,,,4253,1051.0,1297.4,4406.0,1584.6,2066.9,2064.9,1235.0,911.7,1240.9,4565.1,1851.5,921.1
,,,,,,,,4254,1149.9,1437.2,4834.1,1719.8,2263.3,2265.6,1355.6,986.6,1366.2,4981.2,2039.9,1031.9
,,,,,,,,4255,1271.9,1583.9,5479.6,1932.8,2522.6,2493.4,1506.8,1102.3,1534.5,5566.9,2236.6,1131.4
,,,,,,,,4256,1378.5,1738.5,5797.4,2079.4,2671.4,2693.8,1641.9,1187.6,1651.2,5908.1,2443.2,1200.7
,,,,,,,,4257,1409.8,1769.9,6046.3,2115.9,2791.0,2745.4,1697.9,1209.4,1699.5,6096.1,2510.8,1246.4
,,,,,,,,4258,1395.7,1747.7,5884.8,2120.7,2752.6,2779.0,1674.1,1194.7,1660.9,6023.4,2502.0,1250.1
,,,,,,,,4259,1363.4,1691.2,5729.3,2036.1,2617.8,2665.1,1611.9,1154.7,1618.3,5806.1,2404.1,1205.5
,,,,,,,,4260,1267.4,1609.8,5506.6,1938.1,2506.0,2544.3,1549.3,1102.4,1540.9,5643.6,2294.8,1137.3
,,,,,,,,4261,1259.1,1539.2,5364.1,1854.2,2440.0,2466.4,1468.8,1079.2,1503.0,5460.1,2197.9,1115.2
,,,,,,,,4262,1249.2,1577.1,5247.7,1841.1,2409.1,2400.3,1468.7,1061.8,1491.9,5415.8,2181.8,1092.8
,,,,,,,,4263,1257.2,1591.2,5456.9,1897.8,2473.1,2459.2,1508.8,1077.7,1511.7,5523.4,2244.5,1108.2
,,,,,,,,4264,1313.4,1666.8,5545.9,1990.2,2551.2,2616.8,1591.0,1144.4,1562.4,5810.0,2330.8,1155.8
,,,,,,,,4265,1370.4,1736.2,5885.4,2075.1,2701.9,2755.3,1663.1,1195.4,1635.9,5964.2,2447.9,1226.2
,,,,,,,,4266,1432.3,1830.0,6097.6,2168.7,2877.5,2837.4,1751.2,1241.5,1755.2,6338.0,2583.4,1288.9
,,,,,,,,4267,1466.1,1874.0,6253.1,2239.0,2892.5,2916.2,1783.3,1286.7,1756.2,6347.9,2619.9,1306.0
,,,,,,,,4268,1465.8,1795.9,6096.5,2205.0,2800.7,2862.5,1744.2,1231.4,1748.9,6301.9,2543.4,1285.5
,,,,,,,,4269,1376.7,1716.6,5958.0,2094.8,2714.8,2695.7,1665.2,1190.7,1654.6,6063.6,2435.5,1231.3
,,,,,,,,4270,1319.2,1632.3,5583.2,1966.6,2568.3,2605.1,1591.6,1141.0,1556.5,5775.2,2330.5,1180.8
,,,,,,,,4271,1249.5,1561.6,5342.6,1898.6,2500.7,2449.3,1488.3,1090.0,1513.2,5514.0,2206.8,1122.5
,,,,,,,,4272,1244.4,1537.9,5194.4,1827.8,2406.7,2418.7,1484.5,1056.8,1471.8,5329.0,2157.1,1099.2
,,,,,,,,4273,1124.2,1412.0,4882.2,1698.8,2250.3,2232.6,1373.3,977.6,1369.8,4903.1,2007.4,1014.3
,,,,,,,,4274,1060.4,1330.0,4576.2,1623.3,2126.0,2072.7,1290.6,932.2,1276.6,4660.7,1878.0,948.4
,,,,,,,,4275,1021.0,1272.7,4323.6,1516.8,1987.3,1991.6,1218.8,876.8,1207.1,4402.2,1824.9,903.9
,,,,,,,,4276,991.7,1256.3,4280.4,1499.7,1952.4,1927.7,1202.0,846.0,1198.2,4330.6,1748.9,892.9
,,,,,,,,4277,1035.2,1288.7,4427.9,1574.6,2068.2,2028.8,1243.4,891.5,1238.0,4549.5,1877.9,912.3
,,,,,,,,4278,1156.7,1445.3,4900.1,1713.3,2220.7,2265.3,1354.2,983.4,1379.3,4919.3,2056.3,1022.7
,,,,,,,,4279,1272.9,1607.0,5451.3,1912.1,2508.7,2466.1,1522.1,1076.4,1509.2,5472.5,2233.7,1125.6
,,,,,,,,4280,1372.7,1702.4,5870.9,2025.6,2702.8,2636.0,1621.9,1164.8,1644.4,5899.9,2400.8,1226.2
,,,,,,,,4281,1403.5,1773.9,6089.6,2136.4,2724.4,2725.9,1691.5,1231.0,1696.6,6059.8,2475.5,1249.6
,,,,,,,,4282,1390.8,1723.7,5922.2,2084.4,2691.5,2694.0,1680.6,1201.5,1652.1,6111.8,2441.7,1253.4
,,,,,,,,4283,1328.3,1652.8,5672.5,1981.9,2592.9,2638.7,1577.5,1153.4,1571.4,5790.1,2393.5,1183.8
,,,,,,,,4284,1298.0,1598.2,5492.2,1898.8,2520.6,2522.6,1539.6,1094.3,1504.2,5579.5,2282.7,1123.9
,,,,,,,,4285,1235.7,1535.4,5335.7,1857.6,2452.7,2424.6,1463.5,1055.9,1484.3,5335.5,2204.3,1112.2
,,,,,,,,4286,1246.1,1564.4,5314.6,1853.2,2404.4,2425.5,1456.3,1054.5,1467.5,5384.8,2208.9,1092.2
,,,,,,,,4287,1271.7,1598.6,5395.5,1866.4,2443.2,2493.3,1491.4,1085.4,1496.6,5529.5,2235.7,1124.9
,,,,,,,,4288,1330.4,1660.8,5513.2,1953.5,2600.8,2583.2,1554.5,1128.9,1585.1,5700.1,2347.0,1157.9
,,,,,,,,4289,1369.4,1729.8,5908.7,2091.4,2697.7,2725.4,1639.0,1181.5,1627.0,5945.6,2424.7,1226.5
,,,,,,,,4290,1461.4,1833.7,6179.6,2156.2,2843.6,2817.2,1716.3,1232.0,1740.6,6362.5,2585.3,1293.0
,,,,,,,,4291,1494.2,1864.3,6214.3,2228.2,2881.9,2870.1,1743.8,1262.4,1729.9,6378.3,2579.4,1299.0
,,,,,,,,4292,1426.8,1791.5,6212.5,2179.4,2837.9,2817.3,1730.8,1253.1,1725.0,6290.2,2527.4,1291.7
,,,,,,,,4293,1364.5,1734.6,5949.6,2049.4,2691.6,2715.1,1660.8,1183.0,1629.0,6066.9,2471.9,1231.7
,,,,,,,,4294,1307.6,1662.6,5665.1,1986.5,2533.7,2554.7,1581.2,1122.1,1572.2,5725.8,2305.2,1158.1
,,,,,,,,4295,1252.0,1576.7,5299.4,1864.8,2466.6,2481.4,1481.4,1069.9,1522.5,5440.0,2238.7,1127.0
,,,,,,,,4296,1221.8,1553.8,5196.0,1818.0,2400.9,2421.4,1446.4,1049.4,1471.0,5368.6,2157.9,1081.9
,,,,,,,,4297,1143.2,1408.0,4767.5,1716.1,2180.0,2227.8,1332.2,975.2,1357.9,4929.8,1992.0,1012.0
,,,,,,,,4298,1072.5,1328.6,4529.5,1594.2,2089.2,2107.9,1283.5,917.1,1273.3,4575.2,1903.4,963.6
,,,,,,,,4299,998.7,1259.0,4356.6,1505.7,1978.0,1954.6,1218.5,881.0,1196.4,4355.5,1807.1,904.2
,,,,,,,,4300,1005.3,1246.8,4272.9,1470.7,1930.3,1955.2,1184.6,861.2,1168.8,4376.2,1755.0,881.7
,,,,,,,,4301,1025.8,1297.2,4366.2,1542.5,2007.9,2043.5,1244.4,886.3,1231.1,4485.3,1869.7,919.0
,,,,,,,,4302,1125.8,1438.5,4902.8,1717.6,2201.6,2224.7,1363.2,975.8,1357.4,5017.4,2021.7,1020.6
,,,,,,,,4303,1259.1,1581.4,5357.7,1915.2,2450.8,2502.3,1523.8,1084.7,1525.2,5473.0,2217.3,1108.1
,,,,,,,,4304,1383.2,1729.3,5711.9,2051.2,2700.4,2678.6,1600.6,1164.9,1633.8,5986.3,2425.2,1217.2
,,,,,,,,4305,1413.0,1762.7,6052.1,2138.8,2736.2,2763.5,1661.5,1210.4,1683.0,6184.6,2510.5,1265.1
,,,,,,,,4306,1402.5,1741.3,5895.4,2074.1,2713.4,2678.1,1632.9,1182.9,1671.9,6116.0,2487.7,1224.1
,,,,,,,,4307,1334.0,1663.8,5587.1,2023.3,2597.8,2597.9,1569.2,1158.3,1582.0,5694.5,2370.4,1191.8
,,,,,,,,4308,1284.6,1609.7,5435.0,1887.3,2506.4,2493.0,1498.3,1087.7,1498.9,5515.9,2281.0,1142.7
,,,,,,,,4309,1231.9,1530.5,5256.4,1880.6,2434.8,2418.1,1482.9,1063.7,1454.7,5434.3,2220.3,1097.2
,,,,,,,,4310,1241.7,1528.3,5234.8,1877.8,2396.9,2399.7,1483.1,1063.3,1469.5,5322.9,2209.0,1102.8
,,,,,,,,4311,1255.1,1571.6,5418.3,1883.7,2424.3,2433.1,1489.9,1071.8,1501.5,5470.4,2251.3,1117.9
,,,,,,,,4312,1310.4,1656.0,5508.3,1938.1,2557.0,2580.7,1557.5,1128.5,1539.9,5733.8,2359.6,1149.9
,,,,,,,,4313,1383.4,1714.5,5910.6,2038.9,2701.7,2715.9,1666.6,1167.8,1653.6,5908.8,2445.8,1219.5
,,,,,,,,4314,1433.0,1818.5,6202.8,2193.1,2814.3,2798.4,1739.5,1241.1,1707.9,6166.0,2579.8,1288.4
,,,,,,,,4315,1472.1,1825.4,6214.8,2172.5,2839.7,2894.5,1747.8,1253.1,1766.5,6294.7,2589.6,1303.7
,,,,,,,,4316,1453.7,1817.6,6187.1,2173.1,2791.7,2833.1,1713.2,1219.0,1699.5,6312.1,2559.2,1299.3
,,,,,,,,4317,1384.0,1725.8,5806.9,2065.9,2727.5,2659.2,1647.5,1194.5,1631.0,6036.0,2451.8,1213.3
,,,,,,,,4318,1311.9,1657.5,5573.3,1991.1,2552.6,2554.5,1578.5,1133.2,1539.8,5738.9,2300.5,1172.4
,,,,,,,,4319,1239.3,1573.7,5323.4,1909.9,2432.2,2452.1,1498.7,1068.1,1496.3,5505.9,2245.4,1120.4
,,,,,,,,4320,1212.4,1530.6,5135.2,1822.7,2421.8,2419.5,1437.2,1046.6,1446.4,5328.8,2197.1,1074.0
,,,,,,,,4321,1066.6,1319.1,4477.0,1604.0,2046.8,2074.2,1261.7,897.2,1272.0,4606.6,1859.0,944.6
,,,,,,,,4322,1003.0,1255.5,4261.4,1517.0,1983.9,1982.2,1182.5,851.4,1184.8,4282.8,1785.3,899.4
,,,,,,,,4323,938.8,1191.8,4058.0,1428.6,1830.3,1865.7,1113.1,812.8,1124.9,4167.8,1675.8,850.4
,,,,,,,,4324,941.8,1162.9,3915.2,1396.5,1801.4,1801.3,1093.2,791.8,1103.5,3986.0,1672.8,832.4
,,,,,,,,4325,963.3,1210.5,4083.2,1440.4,1894.1,1918.6,1152.3,839.2,1153.0,4167.9,1752.8,869.3
,,,,,,,,4326,1083.6,1338.3,4552.9,1587.6,2064.5,2056.3,1284.1,913.3,1276.4,4653.6,1891.0,941.4
,,,,,,,,4327,1175.5,1486.4,5088.8,1752.9,2306.7,2338.0,1412.7,1022.2,1425.9,5189.3,2115.9,1046.5
,,,,,,,,4328,1280.4,1595.0,5504.2,1926.9,2495.6,2497.7,1514.9,1079.0,1538.9,5580.1,2240.4,1124.6
,,,,,,,,4329,1327.4,1660.4,5568.6,1984.3,2613.0,2548.2,1554.1,1147.0,1564.0,5800.2,2319.7,1163.3
,,,,,,,,4330,1309.7,1617.5,5600.2,1954.6,2516.9,2523.4,1563.6,1128.6,1535.1,5609.2,2339.6,1175.8
,,,,,,,,4331,1230.6,1573.3,5353.6,1881.9,2449.5,2406.4,1490.4,1081.4,1474.3,5332.7,2251.0,1096.7
,,,,,,,,4332,1175.9,1512.0,5112.2,1816.8,2364.1,2297.5,1437.9,1008.7,1417.1,5141.7,2109.5,1059.3
,,,,,,,,4333,1172.3,1470.4,4919.6,1765.6,2289.4,2294.3,1364.3,995.8,1375.7,4958.3,2051.2,1044.3
,,,,,,,,4334,1161.0,1430.2,4885.1,1707.1,2259.5,2261.2,1357.2,981.3,1364.2,5034.9,2049.1,1014.4
,,,,,,,,4335,1178.8,1452.8,4973.5,1767.4,2268.8,2293.5,1395.2,1003.2,1419.2,5100.2,2114.0,1032.6
,,,,,,,,4336,1229.8,1517.3,5277.1,1847.1,2413.1,2378.2,1441.7,1038.3,1477.0,5350.9,2189.1,1095.9
,,,,,,,,4337,1307.8,1606.7,5484.4,1962.4,2556.0,2552.3,1536.2,1097.5,1551.6,5580.5,2282.9,1140.5
,,,,,,,,4338,1354.6,1668.7,5805.5,2031.8,2630.1,2617.5,1592.7,1160.9,1594.5,5802.2,2436.1,1187.9
,,,,,,,,4339,1377.6,1730.1,5866.0,2051.8,2666.9,2688.2,1643.5,1194.3,1627.3,5993.8,2423.9,1210.1
,,,,,,,,4340,1348.6,1699.3,5779.9,2033.0,2626.1,2618.2,1589.0,1142.8,1584.6,5906.7,2394.7,1212.8
,,,,,,,,4341,1310.2,1609.4,5546.4,1917.0,2538.7,2514.4,1557.4,1105.2,1536.6,5598.6,2289.0,1162.7
,,,,,,,,4342,1228.9,1546.6,5152.6,1841.8,2364.6,2377.7,1468.1,1059.6,1456.5,5273.0,2208.6,1106.5
,,,,,,,,4343,1182.1,1460.8,4943.1,1754.0,2272.3,2312.0,1397.8,1019.2,1401.3,5058.1,2079.2,1030.6
,,,,,,,,4344,1136.8,1417.4,4913.7,1698.1,2219.0,2244.7,1344.5,990.5,1360.6,4953.8,2029.6,1009.6
,,,,,,,,4345,1041.1,1315.9,4496.5,1604.3,2064.7,2049.5,1268.1,918.5,1274.2,4530.2,1870.3,941.1
,,,,,,,,4346,987.4,1262.1,4235.0,1516.3,1968.0,1924.1,1204.6,862.6,1181.2,4369.6,1781.1,881.2
,,,,,,,,4347,946.9,1169.5,4035.1,1426.1,1850.7,1866.5,1116.6,803.8,1118.0,4150.3,1695.0,838.2
,,,,,,,,4348,939.1,1165.4,3959.5,1401.2,1816.0,1826.7,1092.9,794.3,1092.0,4021.7,1635.9,833.6
,,,,,,,,4349,965.4,1232.0,4098.1,1458.5,1903.7,1920.6,1168.6,823.6,1165.8,4166.1,1728.5,878.1
,,,,,,,,4350,1065.0,1329.5,4494.0,1580.8,2056.8,2060.6,1257.1,909.9,1285.3,4578.6,1904.7,945.8
,,,,,,,,4351,1167.2,1479.6,5060.9,1789.0,2290.8,2327.4,1386.7,1004.7,1398.7,5105.8,2130.6,1048.5
,,,,,,,,4352,1274.2,1577.9,5431.7,1923.4,2493.8,2454.5,1525.0,1088.9,1518.6,5432.4,2260.1,1144.1
,,,,,,,,4353,1296.1,1640.7,5506.0,1953.7,2590.9,2556.1,1544.8,1112.4,1579.6,5708.6,2355.6,1177.5
,,,,,,,,4354,1316.7,1600.3,5545.0,1965.4,2560.0,2535.7,1557.5,1126.2,1542.6,5640.7,2323.8,1147.2
,,,,,,,,4355,1256.4,1572.0,5331.4,1846.4,2409.1,2451.4,1481.0,1063.1,1475.4,5417.8,2206.7,1107.7
,,,,,,,,4356,1207.0,1479.1,5110.5,1793.8,2353.3,2349.7,1426.2,1023.6,1410.5,5192.7,2109.9,1055.3
,,,,,,,,4357,1161.5,1451.0,4971.4,1714.6,2228.1,2228.5,1389.9,998.6,1381.8,5034.5,2057.8,1042.8
,,,,,,,,4358,1158.7,1441.9,4820.8,1700.9,2233.2,2218.1,1373.4,1000.5,1358.4,4999.9,2024.0,1030.7
,,,,,,,,4359,1178.8,1485.7,5060.3,1786.4,2266.9,2323.7,1414.9,1001.0,1403.4,5114.1,2097.5,1045.8
,,,,,,,,4360,1240.7,1514.1,5240.1,1851.6,2405.4,2397.3,1445.8,1032.1,1442.0,5242.4,2166.8,1085.2
,,,,,,,,4361,1305.5,1597.8,5449.4,1944.1,2504.5,2549.0,1520.3,1115.9,1530.2,5499.8,2275.1,1137.4
,,,,,,,,4362,1329.3,1683.7,5659.9,2024.8,2641.2,2589.7,1594.8,1168.8,1582.5,5800.0,2386.9,1187.1
,,,,,,,,4363,1369.4,1724.8,5874.6,2058.8,2688.3,2679.2,1604.8,1180.7,1630.1,5988.1,2466.6,1233.8
,,,,,,,,4364,1326.2,1664.6,5665.2,2036.1,2594.1,2659.2,1599.8,1144.8,1601.5,5863.6,2403.1,1191.2
,,,,,,,,4365,1282.5,1627.6,5480.7,1957.5,2486.4,2500.0,1540.8,1116.0,1514.7,5612.4,2307.0,1157.5
,,,,,,,,4366,1226.7,1526.7,5192.8,1855.9,2417.5,2391.7,1444.0,1059.8,1462.3,5340.2,2175.1,1082.4
,,,,,,,,4367,1156.4,1460.1,5036.7,1752.9,2306.9,2266.3,1384.9,1010.1,1413.4,5039.1,2120.4,1033.0
,,,,,,,,4368,1131.8,1446.7,4909.2,1719.7,2254.6,2225.4,1356.0,988.1,1363.2,4956.1,2023.7,1011.4
,,,,,,,,4369,1118.7,1387.4,4691.0,1680.5,2160.9,2196.0,1350.9,960.2,1351.3,4783.5,2015.3,985.9
,,,,,,,,4370,1069.2,1318.1,4487.5,1570.9,2070.9,2087.7,1273.6,904.4,1274.3,4532.3,1885.1,951.5
,,,,,,,,4371,995.1,1268.4,4201.0,1499.2,1984.1,1979.6,1183.1,861.9,1180.2,4355.7,1804.1,883.6
,,,,,,,,4372,988.4,1237.3,4127.3,1477.8,1934.3,1907.7,1171.4,831.1,1174.4,4266.9,1746.9,883.1
,,,,,,,,4373,1032.8,1274.4,4418.7,1554.3,2007.6,2001.3,1226.4,893.2,1232.8,4418.0,1846.8,908.0
,,,,,,,,4374,1123.3,1426.4,4792.0,1685.1,2177.5,2232.9,1344.9,960.4,1329.9,4870.7,2019.7,1010.7
,,,,,,,,4375,1233.1,1563.6,5364.6,1878.4,2432.7,2421.6,1474.6,1065.9,1505.5,5435.5,2259.1,1101.5
,,,,,,,,4376,1348.6,1708.0,5733.6,2028.5,2641.2,2630.6,1607.3,1171.5,1598.6,5769.0,2390.7,1209.0
,,,,,,,,4377,1408.3,1762.5,5941.3,2066.0,2731.3,2706.6,1648.6,1184.2,1652.1,6050.6,2489.3,1249.7
,,,,,,,,4378,1364.2,1721.6,5799.8,2071.8,2677.0,2687.0,1631.6,1193.4,1634.1,6035.0,2439.1,1242.9
,,,,,,,,4379,1332.7,1636.9,5668.3,1960.5,2594.7,2544.2,1589.8,1144.8,1572.8,5793.7,2356.8,1173.6
,,,,,,,,4380,1255.2,1569.5,5365.4,1878.2,2446.0,2425.4,1486.6,1071.8,1519.6,5505.3,2260.7,1123.9
,,,,,,,,4381,1209.6,1530.7,5262.1,1813.4,2400.8,2420.0,1440.5,1064.2,1456.1,5296.0,2160.2,1101.4
,,,,,,,,4382,1221.1,1537.8,5261.0,1842.0,2371.6,2358.2,1442.1,1057.8,1472.0,5317.0,2166.5,1079.7
,,,,,,,,4383,1262.1,1571.3,5227.9,1857.3,2412.5,2445.8,1479.5,1064.5,1491.5,5332.2,2251.6,1125.3
,,,,,,,,4384,1300.1,1625.0,5458.9,1956.6,2516.8,2498.7,1528.5,1114.2,1530.7,5660.1,2282.8,1158.1
,,,,,,,,4385,1351.4,1682.4,5834.9,2048.8,2658.5,2661.8,1640.8,1164.8,1603.5,5882.2,2422.0,1218.5
,,,,,,,,4386,1433.2,1771.4,6046.6,2159.2,2759.5,2773.8,1701.8,1219.8,1719.8,6183.2,2580.3,1268.7
,,,,,,,,4387,1430.8,1797.7,6248.7,2171.0,2828.0,2852.5,1744.7,1255.6,1740.6,6348.0,2612.6,1282.8
,,,,,,,,4388,1439.8,1764.2,6059.0,2148.2,2794.0,2794.1,1695.0,1204.6,1701.2,6174.0,2530.0,1257.5
,,,,,,,,4389,1383.0,1702.9,5877.0,2048.1,2693.9,2692.1,1640.1,1151.8,1645.2,5946.7,2421.8,1236.7
,,,,,,,,4390,1306.1,1614.9,5587.1,1946.4,2524.6,2508.1,1526.8,1118.6,1540.5,5652.9,2337.3,1147.5
,,,,,,,,4391,1231.0,1534.7,5235.7,1854.9,2398.8,2397.8,1458.4,1067.3,1456.2,5411.5,2229.6,1101.9
,,,,,,,,4392,1222.4,1492.0,5184.3,1830.5,2337.9,2360.2,1428.2,1046.9,1424.6,5311.6,2176.1,1085.5
,,,,,,,,4393,1119.7,1407.3,4774.3,1667.8,2180.6,2174.3,1346.5,969.3,1330.4,4868.7,1977.7,1009.4
,,,,,,,,4394,1069.6,1308.0,4497.8,1576.6,2069.0,2037.6,1266.4,914.9,1269.6,4566.1,1865.6,953.2
,,,,,,,,4395,991.3,1260.1,4264.2,1520.7,1959.4,1942.4,1172.4,861.3,1176.8,4272.6,1784.9,881.3
,,,,,,,,4396,983.7,1222.8,4220.0,1481.5,1931.4,1898.8,1150.6,847.9,1154.6,4208.3,1744.7,867.6
,,,,,,,,4397,1017.3,1273.9,4399.6,1540.3,2000.3,2005.0,1223.0,865.8,1231.5,4502.4,1852.2,920.7
,,,,,,,,4398,1136.9,1427.6,4816.4,1709.9,2198.9,2213.8,1318.3,964.1,1323.4,4895.4,1995.8,1004.5
,,,,,,,,4399,1230.1,1540.0,5265.3,1886.2,2420.7,2451.8,1495.7,1063.0,1468.6,5397.3,2211.4,1108.5
,,,,,,,,4400,1361.0,1688.8,5681.0,1992.1,2612.0,2590.1,1592.5,1168.1,1577.8,5870.2,2429.5,1220.0
,,,,,,,,4401,1410.6,1720.6,5825.9,2080.9,2712.5,2689.7,1639.8,1198.9,1655.5,5929.0,2479.0,1254.0
,,,,,,,,4402,1370.5,1715.5,5780.3,2083.3,2655.2,2669.2,1653.8,1185.9,1620.7,5889.1,2419.4,1217.8
,,,,,,,,4403,1296.5,1640.5,5641.6,1981.6,2568.0,2537.1,1554.8,1137.8,1579.3,5668.7,2364.6,1190.5
,,,,,,,,4404,1240.7,1579.5,5296.7,1868.1,2476.5,2464.9,1497.1,1066.8,1512.5,5504.6,2267.8,1120.6
,,,,,,,,4405,1228.3,1516.9,5126.9,1857.8,2417.8,2414.7,1437.2,1044.8,1430.9,5289.2,2175.8,1083.4
,,,,,,,,4406,1205.8,1540.2,5200.5,1820.6,2371.1,2381.0,1426.6,1048.1,1462.6,5234.0,2155.2,1092.6
,,,,,,,,4407,1239.8,1536.5,5303.1,1882.9,2455.5,2453.8,1482.8,1075.3,1495.7,5372.6,2241.8,1117.0
,,,,,,,,4408,1293.7,1634.2,5509.3,1948.8,2507.4,2528.1,1524.3,1114.4,1519.1,5542.2,2341.7,1159.6
,,,,,,,,4409,1372.9,1704.5,5713.6,2031.9,2637.3,2657.2,1625.2,1180.9,1636.1,5838.4,2460.3,1217.4
,,,,,,,,4410,1408.5,1752.7,6032.0,2142.6,2757.8,2800.9,1696.8,1201.7,1686.4,6231.7,2537.0,1278.5
,,,,,,,,4411,1447.9,1790.6,6188.6,2195.3,2842.2,2830.1,1731.3,1229.8,1725.6,6287.9,2618.3,1300.6
,,,,,,,,4412,1418.3,1756.1,5994.6,2132.5,2798.9,2799.6,1676.1,1200.6,1712.5,6211.5,2558.3,1253.0
,,,,,,,,4413,1367.3,1686.8,5852.0,2056.2,2643.2,2620.5,1627.3,1171.5,1598.5,5936.6,2424.4,1214.6
,,,,,,,,4414,1274.3,1604.3,5475.4,1964.7,2499.8,2540.8,1540.5,1094.7,1534.7,5585.8,2302.6,1160.4
,,,,,,,,4415,1221.6,1564.2,5318.1,1869.2,2393.5,2426.5,1486.4,1052.9,1481.8,5312.2,2235.9,1110.6
,,,,,,,,4416,1212.5,1524.4,5172.3,1826.9,2374.1,2345.9,1429.4,1023.5,1445.1,5224.1,2149.7,1076.4
,,,,,,,,4417,1111.1,1389.2,4685.7,1666.3,2175.3,2171.9,1310.4,959.5,1312.3,4758.7,2021.0,990.5
,,,,,,,,4418,1043.7,1333.8,4539.7,1564.6,2038.4,2057.4,1251.0,900.1,1268.4,4523.3,1877.5,941.4
,,,,,,,,4419,994.8,1247.0,4253.1,1497.8,1919.4,1947.7,1183.3,861.1,1172.7,4251.2,1795.0,900.6
,,,,,,,,4420,991.0,1231.3,4181.0,1458.7,1919.9,1908.4,1167.4,836.2,1173.8,4292.5,1777.5,866.1
,,,,,,,,4421,1008.4,1282.1,4364.7,1523.2,2023.8,1965.1,1200.7,879.0,1220.8,4377.9,1834.1,920.0
,,,,,,,,4422,1115.6,1401.8,4819.1,1662.4,2164.7,2192.9,1343.5,968.9,1328.4,4871.0,2040.2,1017.4
,,,,,,,,4423,1228.8,1555.2,5246.8,1889.3,2421.9,2445.9,1458.4,1065.1,1494.4,5363.6,2240.9,1126.5
,,,,,,,,4424,1359.5,1674.2,5738.4,2002.4,2578.4,2602.2,1612.5,1144.3,1604.8,5727.8,2399.6,1204.2
,,,,,,,,4425,1380.5,1757.4,5972.3,2099.2,2668.6,2740.3,1662.2,1194.6,1644.3,5989.9,2454.6,1250.6
,,,,,,,,4426,1358.9,1721.6,5798.8,2072.9,2651.0,2671.5,1639.2,1183.7,1638.5,5835.8,2463.4,1216.9
,,,,,,,,4427,1295.0,1640.8,5553.4,1942.7,2572.0,2570.2,1577.3,1106.7,1569.3,5617.9,2332.4,1184.3
,,,,,,,,4428,1269.4,1561.7,5313.4,1878.1,2471.5,2430.1,1467.9,1081.8,1507.8,5420.1,2260.2,1120.2
,,,,,,,,4429,1216.8,1505.9,5119.3,1808.1,2374.0,2402.9,1434.2,1036.1,1462.1,5212.6,2203.1,1085.1
,,,,,,,,4430,1221.1,1519.9,5161.9,1846.9,2395.3,2345.9,1457.9,1032.6,1448.6,5287.4,2145.8,1074.9
,,,,,,,,4431,1226.8,1563.2,5322.9,1846.4,2395.2,2403.0,1484.5,1073.1,1450.4,5389.9,2196.6,1115.9
,,,,,,,,4432,1283.5,1594.4,5554.2,1914.1,2493.5,2478.6,1535.8,1090.0,1528.2,5621.5,2288.6,1166.8
,,,,,,,,4433,1349.2,1692.8,5746.5,2022.9,2683.8,2662.1,1624.4,1155.1,1603.5,5893.2,2396.1,1202.9
,,,,,,,,4434,1412.3,1780.7,6089.0,2135.7,2792.0,2768.2,1674.6,1209.6,1668.9,6146.4,2512.2,1275.3
,,,,,,,,4435,1427.0,1784.5,6042.5,2190.5,2776.8,2779.6,1697.0,1220.9,1736.9,6232.7,2548.6,1292.7
,,,,,,,,4436,1420.7,1791.2,6064.5,2132.4,2797.3,2802.9,1684.4,1197.7,1702.1,6105.1,2551.0,1281.9
,,,,,,,,4437,1348.0,1704.4,5811.8,2019.1,2629.4,2647.3,1601.2,1152.6,1621.6,5911.6,2412.7,1202.3
,,,,,,,,4438,1291.6,1586.4,5529.7,1923.0,2509.6,2526.2,1527.1,1094.4,1511.0,5566.3,2295.9,1160.3
,,,,,,,,4439,1240.1,1539.2,5245.7,1828.1,2418.8,2431.9,1476.4,1042.8,1449.4,5379.4,2187.5,1098.8
,,,,,,,,4440,1221.6,1490.1,5183.9,1816.5,2319.8,2372.7,1449.4,1040.2,1409.9,5274.0,2156.6,1089.8
,,,,,,,,4441,1116.1,1407.9,4749.2,1650.5,2189.9,2164.5,1311.5,937.7,1327.0,4825.6,1981.7,984.0
,,,,,,,,4442,1047.8,1326.8,4441.0,1568.1,2075.8,2064.0,1253.0,901.6,1232.2,4513.1,1906.2,951.6
,,,,,,,,4443,991.9,1225.4,4163.7,1486.4,1926.6,1922.1,1165.5,842.9,1180.0,4338.3,1769.9,901.3
,,,,,,,,4444,975.1,1219.4,4111.3,1475.3,1879.8,1901.0,1161.1,822.8,1172.7,4163.1,1768.3,869.9
,,,,,,,,4445,1011.3,1285.1,4401.7,1527.6,1999.5,1973.9,1222.3,873.6,1196.3,4466.3,1811.8,914.7
,,,,,,,,4446,1115.6,1413.8,4713.1,1684.9,2187.9,2161.5,1340.3,951.8,1341.0,4783.8,1982.8,1013.0
,,,,,,,,4447,1244.7,1555.8,5266.3,1880.4,2428.3,2414.6,1478.4,1045.8,1452.4,5309.2,2218.4,1123.5
,,,,,,,,4448,1340.9,1681.4,5703.8,1982.6,2569.2,2601.7,1565.8,1150.9,1588.5,5863.0,2377.9,1208.2
,,,,,,,,4449,1377.7,1748.2,5828.6,2097.7,2669.6,2660.9,1625.1,1186.1,1633.0,6011.7,2482.9,1249.3
,,,,,,,,4450,1380.0,1682.2,5748.9,2028.6,2651.1,2633.0,1609.6,1172.3,1600.8,5884.2,2484.8,1221.3
,,,,,,,,4451,1297.2,1657.6,5526.7,1984.8,2514.7,2554.4,1545.7,1105.7,1542.5,5619.4,2331.7,1168.3
,,,,,,,,4452,1235.8,1541.3,5351.5,1856.9,2431.6,2426.5,1498.4,1084.0,1505.7,5429.1,2243.0,1127.4
,,,,,,,,4453,1209.8,1503.9,5197.9,1841.4,2400.6,2383.4,1443.2,1040.6,1450.1,5290.9,2192.7,1079.7
,,,,,,,,4454,1199.8,1508.5,5070.9,1837.2,2372.8,2360.7,1430.0,1033.2,1444.9,5279.1,2164.8,1080.8
,,,,,,,,4455,1237.1,1524.2,5171.7,1872.3,2368.6,2406.3,1468.0,1059.0,1477.4,5265.0,2207.0,1096.4
,,,,,,,,4456,1293.1,1586.3,5391.0,1923.6,2532.0,2481.9,1511.4,1085.8,1522.2,5541.2,2333.7,1163.6
,,,,,,,,4457,1343.7,1684.4,5812.3,2037.2,2658.1,2647.0,1629.1,1169.0,1598.1,5764.8,2426.3,1209.1
,,,,,,,,4458,1417.0,1775.5,6050.7,2093.3,2740.0,2739.8,1690.0,1223.2,1679.4,6169.0,2568.4,1259.8
,,,,,,,,4459,1459.7,1774.5,6130.7,2145.2,2831.3,2774.4,1691.0,1223.4,1694.2,6169.9,2560.4,1300.4
,,,,,,,,4460,1425.4,1773.6,5954.0,2100.8,2775.9,2778.9,1702.5,1193.4,1704.5,6153.5,2524.9,1271.5
,,,,,,,,4461,1345.2,1692.5,5695.4,2023.5,2646.5,2605.6,1590.9,1170.2,1607.0,5860.6,2432.1,1218.8
,,,,,,,,4462,1269.5,1595.9,5414.2,1948.4,2513.3,2484.9,1539.2,1110.3,1543.9,5501.8,2321.5,1158.8
,,,,,,,,4463,1248.0,1531.3,5249.1,1828.2,2378.9,2413.5,1463.7,1050.5,1478.1,5292.3,2239.8,1110.5
,,,,,,,,4464,1211.8,1488.3,5034.5,1827.3,2337.0,2315.3,1442.6,1039.2,1415.9,5140.8,2145.0,1064.5
,,,,,,,,4465,1098.2,1398.7,4763.5,1650.8,2141.4,2172.9,1321.9,937.3,1311.0,4810.9,1962.4,987.8
,,,,,,,,4466,1035.4,1329.5,4518.3,1555.6,2025.2,2039.8,1233.0,904.7,1234.5,4559.0,1856.5,955.1
,,,,,,,,4467,980.5,1253.6,4225.5,1494.4,1941.2,1903.2,1173.2,838.2,1169.1,4320.1,1763.1,890.0
,,,,,,,,4468,988.3,1217.6,4092.8,1449.3,1922.0,1883.1,1168.0,835.0,1171.9,4193.2,1742.8,872.6
,,,,,,,,4469,1008.0,1264.8,4372.5,1513.7,1974.7,2005.9,1194.0,878.1,1207.9,4451.0,1848.9,927.1
,,,,,,,,4470,1117.6,1385.4,4702.1,1673.4,2189.8,2202.9,1309.5,948.6,1322.9,4898.0,2033.4,1006.6
,,,,,,,,4471,1248.6,1561.7,5205.7,1832.9,2435.0,2433.2,1459.9,1047.6,1477.0,5306.0,2225.9,1103.7
,,,,,,,,4472,1329.5,1688.7,5631.2,2004.2,2590.8,2590.8,1581.2,1127.0,1585.1,5713.7,2410.3,1191.8
,,,,,,,,4473,1377.6,1736.9,5941.0,2076.0,2676.4,2700.7,1630.6,1168.8,1632.5,5896.8,2473.1,1247.2
,,,,,,,,4474,1357.7,1694.2,5864.0,2070.9,2660.5,2675.2,1596.3,1147.0,1593.5,5922.0,2411.8,1240.0
,,,,,,,,4475,1302.1,1645.9,5513.1,1947.4,2515.8,2578.4,1569.4,1103.3,1557.0,5584.1,2351.8,1158.5
,,,,,,,,4476,1249.8,1544.5,5361.0,1881.2,2459.7,2447.3,1484.3,1050.9,1499.0,5313.7,2253.2,1131.6
,,,,,,,,4477,1213.3,1500.3,5109.5,1793.2,2387.5,2391.8,1450.1,1021.3,1456.7,5265.7,2197.5,1081.6
,,,,,,,,4478,1218.4,1506.9,5124.8,1820.2,2362.2,2338.0,1426.2,1036.7,1454.1,5234.3,2165.2,1080.3
,,,,,,,,4479,1218.2,1535.3,5294.7,1859.2,2382.9,2373.5,1456.9,1052.9,1461.1,5372.8,2233.4,1091.6
,,,,,,,,4480,1273.0,1581.7,5468.8,1946.2,2507.2,2495.0,1508.4,1111.1,1514.9,5485.7,2283.5,1146.1
,,,,,,,,4481,1342.3,1675.6,5764.6,2030.0,2611.6,2629.8,1602.1,1144.5,1592.3,5777.1,2401.8,1224.7
,,,,,,,,4482,1394.3,1757.9,6029.3,2092.1,2749.5,2779.7,1659.0,1221.6,1651.8,6106.5,2550.0,1271.6
,,,,,,,,4483,1435.9,1802.9,6134.6,2122.0,2790.0,2821.4,1716.9,1238.8,1720.5,6149.4,2550.1,1274.7
,,,,,,,,4484,1415.8,1766.5,5920.5,2114.8,2743.0,2767.0,1663.3,1195.3,1665.7,6038.2,2510.7,1255.3
,,,,,,,,4485,1361.9,1670.2,5734.4,2022.8,2642.3,2661.0,1580.8,1159.0,1582.3,5884.7,2429.9,1208.0
,,,,,,,,4486,1279.2,1612.7,5499.4,1932.5,2518.3,2493.1,1499.8,1087.5,1503.1,5591.2,2269.8,1145.5
,,,,,,,,4487,1234.3,1549.5,5275.7,1833.0,2423.5,2406.1,1445.2,1035.2,1454.5,5271.7,2206.1,1115.7
,,,,,,,,4488,1184.9,1479.2,5100.8,1777.2,2310.9,2347.6,1402.3,1022.0,1418.9,5117.1,2152.2,1078.8
,,,,,,,,4489,1041.3,1307.3,4450.4,1578.9,2011.0,1996.1,1242.2,876.4,1225.5,4443.2,1847.7,930.7
,,,,,,,,4490,990.3,1232.7,4168.2,1461.5,1928.4,1939.5,1158.0,852.1,1170.8,4292.6,1790.9,874.0
,,,,,,,,4491,941.1,1160.1,3924.3,1413.1,1811.5,1819.4,1117.9,795.6,1113.5,4060.1,1665.0,846.1
,,,,,,,,4492,902.2,1134.5,3844.7,1361.5,1796.0,1751.7,1092.7,788.3,1094.7,3899.1,1622.4,831.2
,,,,,,,,4493,961.6,1203.5,4017.8,1438.7,1881.3,1839.7,1131.6,805.5,1124.6,4100.5,1709.9,858.8
,,,,,,,,4494,1031.9,1310.9,4475.8,1556.9,2010.7,2036.5,1244.4,891.6,1251.4,4500.1,1857.6,935.6
,,,,,,,,4495,1151.1,1439.8,4988.9,1751.5,2251.7,2230.9,1374.7,1005.6,1385.9,4966.9,2107.8,1030.3
,,,,,,,,4496,1260.8,1544.9,5272.3,1854.6,2442.5,2422.7,1493.7,1083.4,1486.4,5400.6,2284.7,1133.1
,,,,,,,,4497,1291.6,1635.4,5567.5,1961.5,2492.6,2548.8,1535.2,1088.9,1547.9,5639.8,2301.0,1178.4
,,,,,,,,4498,1260.4,1578.2,5363.5,1913.9,2502.8,2475.2,1529.3,1077.5,1522.3,5473.9,2271.5,1141.7
,,,,,,,,4499,1237.7,1528.4,5166.8,1827.7,2372.7,2356.9,1441.8,1059.5,1446.5,5232.5,2174.5,1097.5
,,,,,,,,4500,1185.1,1456.6,5028.4,1734.6,2244.7,2251.9,1393.1,986.0,1386.9,5086.2,2115.5,1058.4
,,,,,,,,4501,1138.3,1419.3,4829.3,1714.7,2230.5,2196.7,1335.9,976.5,1359.6,4965.2,2060.1,1009.5
,,,,,,,,4502,1134.1,1423.5,4772.3,1672.8,2188.1,2189.2,1360.0,968.4,1346.8,4945.0,2006.7,1013.5
,,,,,,,,4503,1146.6,1459.3,4925.3,1711.3,2262.4,2274.3,1372.8,999.1,1375.5,5008.2,2091.6,1033.1
,,,,,,,,4504,1215.4,1503.4,5167.7,1802.2,2337.2,2346.5,1422.5,1029.5,1441.9,5204.7,2174.9,1072.7
,,,,,,,,4505,1276.6,1594.2,5346.1,1880.3,2468.3,2492.1,1517.0,1089.4,1521.1,5460.8,2292.7,1131.3
,,,,,,,,4506,1339.4,1650.2,5564.5,1990.4,2575.0,2570.8,1571.9,1144.1,1577.8,5716.4,2373.5,1184.8
,,,,,,,,4507,1347.8,1686.9,5672.7,1993.9,2598.0,2657.5,1613.9,1154.8,1613.9,5813.2,2453.8,1194.7
,,,,,,,,4508,1305.4,1645.0,5568.7,2006.6,2579.4,2541.9,1579.6,1121.9,1562.7,5799.9,2408.4,1205.6
,,,,,,,,4509,1265.4,1594.2,5320.2,1892.1,2477.8,2441.9,1511.8,1070.9,1522.6,5497.1,2283.8,1149.2
,,,,,,,,4510,1219.5,1495.6,5103.2,1799.5,2355.2,2365.2,1428.4,1033.5,1412.9,5153.4,2180.8,1067.8
,,,,,,,,4511,1166.0,1418.9,4892.7,1723.3,2227.0,2264.3,1352.0,988.9,1354.6,5012.1,2075.6,1044.3
,,,,,,,,4512,1106.6,1386.4,4790.7,1662.8,2208.0,2204.9,1349.3,956.4,1315.3,4874.0,2003.5,1016.6
,,,,,,,,4513,1035.3,1282.1,4412.6,1553.1,2009.4,2009.8,1214.3,881.9,1224.9,4536.7,1859.7,925.2
,,,,,,,,4514,985.6,1243.4,4139.1,1471.3,1937.9,1938.3,1160.9,849.3,1167.1,4246.6,1791.5,891.4
,,,,,,,,4515,922.2,1172.3,3952.8,1409.3,1819.2,1786.5,1101.9,790.7,1088.4,4045.6,1676.9,842.3
,,,,,,,,4516,919.5,1136.8,3859.8,1384.5,1791.3,1781.4,1083.0,772.6,1091.1,3908.4,1650.9,823.4
,,,,,,,,4517,938.8,1186.2,4013.8,1448.2,1837.6,1882.3,1142.2,805.5,1131.5,4153.8,1698.8,863.1
,,,,,,,,4518,1056.6,1317.0,4397.1,1588.1,2021.2,2036.7,1246.4,884.8,1234.2,4477.5,1880.1,932.2
,,,,,,,,4519,1145.3,1436.9,4898.0,1759.2,2224.1,2267.7,1365.8,998.9,1376.4,5034.2,2076.7,1045.7
,,,,,,,,4520,1238.8,1569.9,5293.9,1846.6,2413.5,2414.2,1500.3,1051.4,1461.0,5373.9,2258.1,1121.0
,,,,,,,,4521,1275.8,1596.6,5561.4,1945.8,2506.5,2530.6,1509.2,1096.0,1514.4,5542.2,2292.3,1145.7
,,,,,,,,4522,1272.2,1583.0,5332.9,1910.5,2461.2,2505.4,1506.4,1073.2,1519.4,5542.7,2269.3,1163.1
,,,,,,,,4523,1208.6,1513.7,5227.0,1854.4,2345.7,2384.1,1431.6,1029.3,1445.4,5205.1,2192.4,1099.5
,,,,,,,,4524,1157.3,1442.1,4909.1,1769.4,2257.1,2257.3,1401.9,1007.7,1376.4,5075.3,2114.0,1065.7
,,,,,,,,4525,1126.3,1419.2,4826.5,1722.9,2178.1,2206.2,1350.4,972.6,1352.0,4853.0,2048.0,1018.8
,,,,,,,,4526,1120.6,1393.1,4785.9,1707.8,2194.6,2212.7,1360.3,974.0,1325.3,4846.6,2014.3,1016.1
,,,,,,,,4527,1162.4,1451.6,4897.7,1738.6,2248.6,2242.4,1379.0,976.2,1372.5,4963.5,2098.2,1045.3
,,,,,,,,4528,1190.7,1480.8,5087.7,1819.8,2331.3,2340.7,1438.4,1012.8,1437.5,5195.0,2159.6,1075.1
,,,,,,,,4529,1262.3,1583.1,5295.0,1871.3,2448.6,2435.1,1479.1,1082.3,1494.1,5389.2,2269.4,1153.5
,,,,,,,,4530,1338.3,1630.1,5553.3,1994.5,2590.6,2605.5,1544.7,1126.5,1571.8,5653.9,2399.4,1173.1
,,,,,,,,4531,1360.9,1662.2,5654.9,2022.5,2631.5,2581.1,1571.7,1160.5,1603.6,5780.9,2426.4,1199.8
,,,,,,,,4532,1334.2,1653.5,5669.2,1975.6,2585.6,2562.6,1579.6,1143.7,1565.6,5755.4,2375.7,1196.9
,,,,,,,,4533,1249.7,1588.8,5407.1,1919.4,2453.1,2471.5,1477.4,1067.9,1487.4,5380.0,2260.3,1132.8
,,,,,,,,4534,1205.8,1508.4,5105.2,1805.7,2332.0,2316.3,1415.8,1013.1,1413.9,5151.1,2130.2,1074.1
,,,,,,,,4535,1133.2,1429.7,4932.3,1723.3,2252.8,2232.1,1361.9,981.9,1370.3,4996.3,2059.8,1026.2
,,,,,,,,4536,1112.6,1398.3,4713.5,1660.5,2172.1,2155.8,1316.1,945.7,1321.0,4808.3,2007.5,998.7
,,,,,,,,4537,1091.5,1360.7,4710.1,1673.0,2150.3,2155.4,1323.9,939.6,1309.8,4772.1,1987.4,1000.8
,,,,,,,,4538,1053.8,1309.9,4387.7,1580.7,2004.0,2047.2,1234.9,882.2,1234.1,4561.4,1880.8,927.5
,,,,,,,,4539,975.0,1234.6,4172.4,1483.2,1900.7,1944.3,1182.7,833.9,1167.3,4275.3,1777.9,897.6
,,,,,,,,4540,955.1,1216.0,4115.5,1446.1,1878.0,1901.8,1163.0,817.4,1141.4,4175.1,1749.3,884.8
,,,,,,,,4541,1023.3,1249.4,4313.2,1498.9,1944.2,1981.0,1216.4,861.3,1183.9,4360.9,1815.1,908.7
,,,,,,,,4542,1120.5,1393.5,4678.5,1685.1,2164.6,2145.4,1304.1,944.5,1332.8,4727.5,2025.8,997.3
,,,,,,,,4543,1231.1,1551.4,5283.4,1869.5,2393.9,2410.2,1476.8,1062.8,1443.3,5292.0,2218.1,1118.9
,,,,,,,,4544,1338.0,1642.9,5645.5,2008.6,2542.1,2545.8,1581.5,1117.6,1569.2,5806.7,2358.9,1184.0
,,,,,,,,4545,1370.6,1728.7,5874.9,2066.3,2650.5,2680.3,1625.0,1177.8,1641.7,5938.9,2436.7,1228.7
,,,,,,,,4546,1342.8,1669.9,5828.4,2011.1,2631.7,2651.1,1603.7,1155.6,1621.9,5755.1,2472.1,1216.5
,,,,,,,,4547,1294.6,1597.1,5505.9,1924.0,2552.8,2501.7,1540.2,1099.8,1559.6,5676.6,2350.1,1185.4
,,,,,,,,4548,1238.0,1527.3,5285.7,1842.8,2408.4,2436.9,1454.8,1044.4,1455.7,5347.7,2253.4,1108.7
,,,,,,,,4549,1206.6,1510.4,5177.4,1809.2,2364.2,2330.8,1411.7,1024.7,1444.1,5186.3,2154.8,1083.4
,,,,,,,,4550,1198.3,1494.9,5137.3,1807.3,2344.2,2341.5,1405.2,1035.1,1436.8,5124.0,2188.6,1076.3
,,,,,,,,4551,1238.6,1551.5,5174.4,1830.4,2362.6,2401.0,1469.1,1046.7,1446.4,5336.6,2227.0,1116.5
,,,,,,,,4552,1270.6,1607.8,5489.2,1917.4,2452.8,2473.0,1531.3,1076.3,1522.3,5552.9,2295.3,1158.7
,,,,,,,,4553,1323.2,1684.5,5747.4,2037.2,2594.7,2647.9,1579.0,1150.9,1581.0,5863.4,2444.7,1196.8
,,,,,,,,4554,1400.1,1735.3,5997.7,2076.2,2701.6,2735.8,1670.0,1185.3,1662.4,6140.4,2543.4,1272.7
,,,,,,,,4555,1438.6,1793.2,6006.2,2130.3,2788.2,2808.6,1687.3,1208.2,1688.5,6128.1,2538.5,1299.1
,,,,,,,,4556,1417.7,1736.8,6046.2,2093.7,2718.8,2721.9,1654.7,1196.9,1668.6,6049.1,2557.7,1263.2
,,,,,,,,4557,1326.0,1669.2,5724.4,2027.4,2592.2,2641.5,1597.2,1140.9,1604.3,5711.9,2443.2,1202.9
,,,,,,,,4558,1278.4,1610.0,5480.0,1882.6,2489.2,2456.1,1509.3,1096.6,1512.0,5552.0,2301.2,1137.8
,,,,,,,,4559,1220.1,1541.3,5167.3,1830.6,2375.8,2372.1,1453.0,1032.6,1464.7,5297.3,2203.9,1090.5
,,,,,,,,4560,1194.0,1479.1,5086.7,1765.2,2296.2,2329.6,1431.5,1027.9,1408.5,5202.3,2169.9,1059.1
,,,,,,,,4561,1096.1,1358.9,4615.8,1656.7,2143.1,2155.8,1293.0,947.7,1311.2,4698.4,1977.5,1001.4
,,,,,,,,4562,1051.3,1289.2,4448.2,1550.2,2012.4,2048.3,1246.4,892.7,1241.1,4551.8,1849.1,938.7
,,,,,,,,4563,986.7,1232.0,4160.2,1480.1,1929.6,1927.2,1171.4,830.0,1153.5,4245.1,1759.3,877.9
,,,,,,,,4564,974.3,1213.9,4067.4,1449.1,1887.3,1864.7,1145.3,820.4,1144.6,4133.5,1739.0,859.5
,,,,,,,,4565,1017.8,1272.3,4298.2,1526.5,1963.7,1978.8,1192.7,873.1,1201.6,4299.7,1829.4,924.2
,,,,,,,,4566,1091.5,1373.2,4674.1,1667.5,2153.0,2174.9,1324.3,955.4,1312.5,4802.2,2026.3,986.1
,,,,,,,,4567,1239.6,1550.3,5230.4,1860.7,2366.5,2417.0,1458.0,1058.9,1468.1,5227.6,2204.1,1114.2
,,,,,,,,4568,1342.9,1632.0,5709.1,1966.8,2603.5,2544.8,1568.5,1116.0,1589.7,5709.2,2369.7,1201.9
,,,,,,,,4569,1365.0,1689.0,5805.9,2059.5,2695.0,2634.8,1624.3,1182.6,1614.2,5828.8,2473.2,1229.7
,,,,,,,,4570,1355.3,1692.3,5700.3,2045.3,2657.4,2626.3,1590.5,1168.1,1578.8,5777.0,2416.1,1216.8
,,,,,,,,4571,1305.9,1608.5,5475.4,1934.6,2552.0,2546.7,1547.6,1117.4,1527.2,5553.2,2366.3,1170.7
,,,,,,,,4572,1218.7,1566.1,5294.5,1851.8,2380.3,2429.5,1450.8,1040.8,1448.2,5341.1,2202.8,1104.8
,,,,,,,,4573,1210.4,1494.4,5063.2,1777.0,2343.4,2320.1,1419.5,1012.8,1405.7,5196.4,2157.3,1076.4
,,,,,,,,4574,1182.7,1480.4,5039.0,1783.1,2320.1,2325.2,1434.5,1011.1,1402.9,5116.0,2176.1,1095.3
,,,,,,,,4575,1233.0,1540.5,5206.2,1836.7,2386.6,2411.1,1462.4,1035.4,1462.1,5345.4,2202.5,1098.4
,,,,,,,,4576,1283.7,1587.4,5365.0,1903.0,2504.2,2452.4,1500.1,1076.6,1521.7,5545.6,2322.8,1130.9
,,,,,,,,4577,1321.4,1665.2,5713.3,1984.5,2609.6,2620.7,1587.3,1138.8,1588.6,5820.6,2447.8,1195.4
,,,,,,,,4578,1392.7,1764.6,5929.0,2090.4,2719.3,2741.3,1672.5,1195.1,1664.8,6028.0,2487.4,1256.9
,,,,,,,,4579,1437.0,1756.5,6067.1,2135.8,2774.9,2786.2,1670.1,1217.6,1699.5,6097.1,2584.6,1289.2
,,,,,,,,4580,1406.4,1740.3,5952.3,2112.7,2750.8,2727.7,1660.1,1186.3,1674.0,5967.1,2547.8,1257.3
,,,,,,,,4581,1347.1,1675.4,5772.5,1983.9,2616.3,2572.7,1584.8,1137.6,1599.9,5835.0,2443.1,1225.1
,,,,,,,,4582,1272.5,1575.9,5355.9,1921.6,2471.0,2486.5,1526.5,1070.3,1522.2,5461.2,2302.4,1161.6
,,,,,,,,4583,1202.0,1543.8,5105.1,1847.0,2340.5,2356.0,1429.5,1040.0,1455.6,5333.4,2225.9,1107.2
,,,,,,,,4584,1171.0,1487.3,5038.7,1757.3,2338.4,2304.6,1408.2,1027.6,1401.4,5178.1,2169.2,1080.2
,,,,,,,,4585,1088.7,1387.7,4677.8,1637.0,2149.9,2144.9,1319.3,943.7,1312.8,4752.6,1995.1,983.6
,,,,,,,,4586,1047.6,1299.4,4381.4,1540.5,2029.8,2043.4,1220.4,899.5,1229.7,4544.3,1860.7,924.7
,,,,,,,,4587,990.6,1245.4,4134.7,1459.0,1887.9,1909.1,1153.4,826.6,1159.2,4302.3,1754.2,898.6
,,,,,,,,4588,965.4,1200.2,4128.0,1438.8,1875.7,1881.6,1133.8,818.4,1143.7,4216.2,1766.9,869.6
,,,,,,,,4589,1010.8,1268.1,4342.4,1502.8,1937.2,1968.3,1194.1,856.7,1203.0,4321.4,1822.9,898.4
,,,,,,,,4590,1100.2,1380.4,4746.6,1667.0,2150.6,2156.8,1316.4,932.1,1323.8,4842.7,1979.4,993.7
,,,,,,,,4591,1210.4,1524.1,5233.2,1859.8,2413.9,2378.4,1461.7,1042.9,1464.8,5297.7,2237.7,1090.8
,,,,,,,,4592,1322.4,1675.4,5682.7,1962.3,2564.5,2590.8,1590.8,1120.4,1581.1,5783.4,2361.7,1211.5
,,,,,,,,4593,1352.1,1687.3,5848.3,2031.5,2637.5,2622.0,1614.0,1151.8,1633.0,5911.0,2452.1,1241.3
,,,,,,,,4594,1345.5,1663.1,5733.5,2015.0,2649.5,2633.9,1595.1,1160.6,1617.8,5854.6,2444.3,1227.8
,,,,,,,,4595,1303.6,1600.1,5480.1,1922.7,2547.7,2484.0,1519.6,1114.0,1543.3,5656.5,2310.2,1182.4
,,,,,,,,4596,1241.2,1560.4,5318.3,1843.5,2395.6,2373.5,1472.8,1053.6,1480.2,5352.4,2214.0,1121.3
,,,,,,,,4597,1210.9,1491.4,5049.9,1774.0,2324.9,2307.1,1441.5,1031.0,1432.4,5166.4,2136.7,1096.2
,,,,,,,,4598,1203.8,1495.4,5077.7,1801.8,2312.2,2341.3,1409.6,1028.1,1435.8,5085.5,2187.5,1074.0
,,,,,,,,4599,1218.6,1540.4,5113.8,1829.0,2341.6,2396.4,1442.4,1042.9,1426.6,5329.5,2195.2,1113.3
,,,,,,,,4600,1268.6,1566.7,5406.2,1916.0,2493.2,2500.7,1510.7,1079.6,1497.8,5539.6,2283.7,1139.2
,,,,,,,,4601,1328.2,1667.1,5613.6,2031.3,2631.8,2619.0,1563.9,1140.0,1608.7,5726.9,2397.5,1224.6
,,,,,,,,4602,1406.1,1763.9,5983.6,2076.3,2740.5,2702.0,1638.5,1188.5,1653.1,6048.9,2541.1,1264.2
,,,,,,,,4603,1407.4,1753.4,6091.5,2108.6,2753.1,2771.1,1676.6,1206.2,1697.1,6163.4,2601.0,1302.2
,,,,,,,,4604,1399.3,1757.5,5940.6,2122.1,2739.0,2707.0,1657.6,1187.5,1645.2,6041.6,2527.7,1249.9
,,,,,,,,4605,1327.3,1692.8,5624.0,2032.7,2609.0,2572.8,1574.6,1129.8,1576.9,5731.7,2399.0,1197.2
,,,,,,,,4606,1263.2,1604.6,5324.6,1877.2,2434.1,2473.3,1487.2,1075.9,1491.4,5443.3,2316.8,1151.1
,,,,,,,,4607,1200.0,1531.0,5107.2,1843.8,2375.6,2393.9,1435.7,1045.1,1464.7,5239.5,2196.1,1087.4
,,,,,,,,4608,1192.8,1469.0,5010.3,1758.8,2277.9,2280.1,1414.2,999.8,1397.6,5198.1,2112.0,1085.4
,,,,,,,,4609,1109.6,1360.8,4695.4,1668.0,2154.5,2147.0,1299.3,929.2,1310.4,4680.2,1977.6,1001.9
,,,,,,,,4610,1039.5,1314.6,4391.0,1546.4,2026.6,2009.6,1213.6,894.0,1239.6,4510.4,1870.9,923.5
,,,,,,,,4611,990.5,1208.3,4219.6,1477.2,1919.5,1915.2,1165.5,826.7,1167.6,4253.2,1748.1,888.6
,,,,,,,,4612,952.2,1215.6,4037.8,1436.8,1869.7,1847.8,1138.5,832.2,1125.9,4102.8,1727.1,862.2
,,,,,,,,4613,992.5,1251.2,4339.0,1493.1,1955.8,1956.7,1202.6,861.2,1207.4,4380.5,1800.2,912.0
,,,,,,,,4614,1114.4,1393.4,4669.5,1668.0,2144.8,2171.8,1313.0,952.5,1325.6,4816.8,2025.7,989.9
,,,,,,,,4615,1238.0,1540.7,5140.3,1821.8,2396.2,2409.1,1460.2,1044.6,1447.2,5260.0,2218.5,1119.8
,,,,,,,,4616,1335.2,1651.0,5685.0,1988.7,2574.7,2537.9,1557.3,1110.9,1548.4,5742.8,2396.8,1176.7
,,,,,,,,4617,1357.5,1701.6,5841.9,2034.9,2651.9,2628.5,1632.5,1167.3,1597.4,5904.4,2441.2,1243.3
,,,,,,,,4618,1364.2,1706.7,5678.9,2017.0,2607.7,2589.5,1583.4,1163.8,1599.3,5810.3,2438.4,1208.9
,,,,,,,,4619,1291.9,1603.0,5565.3,1918.0,2527.6,2547.3,1532.6,1106.5,1552.7,5633.9,2358.4,1174.4
,,,,,,,,4620,1223.6,1553.4,5223.7,1837.5,2414.8,2425.9,1483.1,1045.2,1457.1,5278.1,2227.6,1130.7
,,,,,,,,4621,1209.1,1478.7,5124.6,1814.6,2331.0,2334.7,1402.5,1016.6,1440.9,5098.4,2160.6,1079.0
,,,,,,,,4622,1197.8,1478.5,5056.5,1766.5,2332.1,2351.5,1429.3,1020.7,1410.7,5165.4,2145.1,1089.3
,,,,,,,,4623,1224.7,1541.9,5118.2,1824.7,2375.6,2400.1,1439.1,1050.2,1459.0,5257.0,2224.2,1106.2
,,,,,,,,4624,1283.7,1588.9,5450.5,1913.2,2483.9,2447.3,1510.4,1079.5,1520.0,5441.0,2297.6,1161.2
,,,,,,,,4625,1323.7,1652.3,5663.1,2009.7,2560.9,2574.7,1588.0,1125.1,1586.7,5834.7,2397.2,1202.6
,,,,,,,,4626,1401.2,1743.2,5892.3,2097.7,2721.8,2745.3,1646.1,1174.9,1638.3,5944.7,2525.1,1261.3
,,,,,,,,4627,1437.5,1792.2,6073.8,2137.0,2728.4,2727.4,1705.9,1211.6,1704.1,6213.2,2545.8,1294.9
,,,,,,,,4628,1415.8,1743.2,5985.6,2081.4,2715.5,2696.0,1631.9,1199.3,1646.4,6084.4,2488.1,1242.8
,,,,,,,,4629,1347.1,1681.1,5595.2,1988.0,2613.0,2601.5,1563.0,1125.4,1586.1,5703.2,2438.2,1189.2
,,,,,,,,4630,1257.6,1608.0,5327.7,1889.3,2434.4,2488.5,1500.4,1068.1,1499.3,5427.5,2296.6,1133.5
,,,,,,,,4631,1222.1,1513.2,5215.2,1846.9,2369.9,2368.8,1442.4,1025.2,1462.2,5243.9,2171.3,1095.5
,,,,,,,,4632,1177.3,1478.2,4980.4,1783.3,2328.7,2309.0,1407.2,1022.8,1421.7,5072.3,2162.1,1072.2
,,,,,,,,4633,1106.9,1348.8,4700.8,1629.5,2111.4,2124.7,1298.0,925.0,1291.9,4670.9,2008.6,985.2
,,,,,,,,4634,1036.7,1305.2,4398.1,1571.8,2034.1,2022.3,1230.3,871.4,1242.4,4484.2,1866.9,936.0
,,,,,,,,4635,994.1,1211.5,4121.8,1464.3,1930.1,1892.2,1147.9,848.7,1162.1,4259.0,1754.9,874.7
,,,,,,,,4636,964.5,1205.9,4098.1,1451.1,1886.5,1868.4,1148.8,825.4,1124.1,4145.7,1740.3,881.6
,,,,,,,,4637,1005.5,1239.2,4218.6,1526.6,1978.0,1937.2,1185.2,864.6,1186.4,4350.7,1803.4,916.8
,,,,,,,,4638,1111.0,1374.0,4722.8,1663.0,2118.6,2131.4,1324.3,939.2,1308.4,4699.3,1967.2,1005.4
,,,,,,,,4639,1239.0,1523.8,5184.6,1806.6,2341.0,2405.1,1427.2,1058.2,1428.6,5312.9,2210.7,1100.2
,,,,,,,,4640,1300.3,1647.3,5583.1,2005.0,2595.7,2530.2,1561.4,1109.2,1549.0,5775.7,2363.0,1186.9
,,,,,,,,4641,1345.4,1707.9,5753.2,2055.5,2633.4,2680.7,1613.4,1163.6,1610.5,5963.7,2435.5,1233.3
,,,,,,,,4642,1360.7,1667.7,5738.5,2015.3,2613.4,2589.5,1607.6,1155.9,1571.7,5725.1,2419.7,1204.6
,,,,,,,,4643,1297.1,1592.0,5558.7,1922.8,2473.0,2526.3,1510.6,1099.2,1545.7,5615.2,2308.7,1169.3
,,,,,,,,4644,1248.5,1531.3,5159.3,1865.3,2398.0,2410.2,1451.4,1046.4,1447.4,5349.2,2212.9,1124.4
,,,,,,,,4645,1181.2,1490.2,5098.3,1774.0,2338.6,2362.1,1435.1,1007.8,1411.4,5167.4,2166.7,1079.1
,,,,,,,,4646,1202.1,1481.4,4993.8,1787.7,2335.0,2353.6,1432.7,1026.4,1397.0,5166.6,2125.1,1086.1
,,,,,,,,4647,1228.8,1526.5,5131.7,1815.4,2385.5,2385.6,1424.1,1034.5,1430.6,5237.2,2189.1,1098.5
,,,,,,,,4648,1276.2,1598.2,5340.8,1906.2,2471.6,2427.5,1516.6,1083.3,1492.3,5390.7,2288.3,1140.9
,,,,,,,,4649,1335.4,1672.7,5646.2,1980.2,2594.5,2587.2,1585.7,1126.5,1604.9,5788.8,2386.2,1217.1
,,,,,,,,4650,1383.2,1746.6,5924.1,2116.2,2699.1,2695.8,1656.5,1175.2,1649.4,5986.7,2485.3,1275.0
,,,,,,,,4651,1425.9,1765.1,6114.9,2132.0,2742.5,2769.1,1663.7,1222.8,1671.1,6155.1,2529.6,1288.6
,,,,,,,,4652,1414.1,1744.4,5852.2,2088.3,2689.9,2680.1,1669.2,1194.6,1660.4,6067.4,2516.4,1251.8
,,,,,,,,4653,1335.1,1655.9,5633.5,1979.6,2618.6,2612.6,1573.2,1133.4,1600.4,5804.1,2405.6,1199.8
,,,,,,,,4654,1280.5,1599.9,5412.9,1905.9,2478.3,2464.9,1496.3,1078.1,1519.7,5390.3,2276.0,1137.0
,,,,,,,,4655,1215.5,1532.9,5183.4,1799.0,2383.5,2360.9,1420.3,1040.4,1421.8,5166.0,2215.5,1099.6
,,,,,,,,4656,1193.8,1494.7,5020.2,1766.6,2268.9,2325.1,1420.7,998.7,1412.2,5031.4,2109.5,1070.7
,,,,,,,,4657,1020.9,1303.0,4426.9,1565.1,2019.7,2010.7,1228.1,868.6,1216.6,4432.2,1868.0,941.3
,,,,,,,,4658,978.1,1214.2,4113.1,1441.9,1895.1,1910.9,1143.3,837.9,1147.6,4254.8,1784.4,879.3
,,,,,,,,4659,931.8,1141.3,3861.3,1366.1,1767.5,1815.0,1085.9,778.1,1078.4,3944.7,1683.9,827.7
,,,,,,,,4660,892.6,1145.3,3840.8,1351.3,1733.4,1742.5,1072.7,779.6,1081.6,3888.8,1646.7,811.6
,,,,,,,,4661,944.0,1185.3,4023.4,1397.8,1824.5,1848.7,1114.1,809.2,1118.0,4055.7,1718.9,846.8
,,,,,,,,4662,1031.0,1278.2,4366.5,1542.3,2035.0,1993.0,1238.0,886.6,1237.6,4436.5,1849.0,944.8
,,,,,,,,4663,1148.2,1425.8,4879.5,1739.8,2262.1,2248.4,1362.9,968.5,1345.1,4884.1,2047.2,1037.4
,,,,,,,,4664,1231.5,1544.0,5333.0,1836.2,2430.9,2405.6,1454.5,1045.8,1488.0,5413.0,2266.5,1112.1
,,,,,,,,4665,1277.1,1577.8,5467.2,1919.6,2518.9,2513.6,1504.5,1080.7,1502.5,5458.2,2303.9,1148.5
,,,,,,,,4666,1271.9,1565.6,5431.4,1903.6,2476.5,2434.6,1514.0,1077.2,1498.5,5502.7,2305.5,1134.6
,,,,,,,,4667,1209.9,1498.0,5171.8,1833.4,2322.1,2337.2,1447.9,1032.7,1419.0,5215.3,2187.1,1079.1
,,,,,,,,4668,1141.3,1458.4,4889.6,1751.7,2252.0,2228.3,1361.9,978.8,1360.5,5068.5,2107.4,1049.5
,,,,,,,,4669,1118.8,1396.4,4719.4,1700.4,2161.7,2182.7,1330.6,958.9,1342.3,4787.0,2009.0,1031.0
,,,,,,,,4670,1128.0,1392.1,4749.5,1657.1,2147.3,2202.0,1326.3,953.3,1318.1,4861.7,2045.7,1024.1
,,,,,,,,4671,1140.2,1430.5,4921.6,1691.0,2247.6,2225.8,1372.3,982.6,1358.8,4995.3,2040.4,1024.5
,,,,,,,,4672,1200.2,1475.6,4987.8,1786.8,2282.4,2312.4,1396.5,1024.9,1407.7,5200.5,2163.0,1078.6
,,,,,,,,4673,1262.3,1553.6,5318.0,1863.2,2445.0,2408.5,1505.3,1065.4,1496.9,5458.9,2241.0,1142.1
,,,,,,,,4674,1309.3,1614.1,5605.4,1954.6,2563.1,2513.9,1555.4,1117.5,1569.6,5732.2,2369.8,1172.3
,,,,,,,,4675,1317.6,1664.9,5723.0,1996.5,2624.7,2597.6,1569.1,1144.3,1597.7,5780.8,2414.6,1195.8
,,,,,,,,4676,1325.0,1616.8,5640.7,1951.2,2507.7,2574.7,1555.2,1131.2,1552.3,5634.4,2384.0,1169.3
,,,,,,,,4677,1253.3,1560.2,5309.6,1869.4,2447.8,2451.0,1488.1,1060.0,1487.7,5380.5,2253.0,1127.6
,,,,,,,,4678,1186.5,1493.0,5050.4,1779.9,2327.7,2339.0,1420.0,1004.4,1414.1,5076.9,2173.8,1069.4
,,,,,,,,4679,1124.7,1421.7,4800.2,1707.4,2197.4,2222.3,1342.1,961.6,1355.3,4941.1,2060.6,1044.1
,,,,,,,,4680,1105.9,1409.5,4717.4,1673.2,2132.4,2187.1,1331.1,956.5,1336.5,4839.8,2004.0,1003.2
,,,,,,,,4681,1020.4,1287.3,4301.9,1535.1,2026.3,1997.8,1223.9,875.8,1213.0,4438.5,1882.8,932.9
,,,,,,,,4682,970.8,1227.5,4192.3,1453.2,1885.2,1897.2,1139.3,819.0,1157.0,4167.1,1784.5,891.8
,,,,,,,,4683,926.4,1134.9,3863.5,1379.6,1764.7,1803.6,1077.7,774.0,1088.5,3989.2,1686.1,841.1
,,,,,,,,4684,891.2,1121.5,3785.8,1350.4,1765.1,1781.4,1083.1,780.3,1084.4,3942.7,1612.2,819.1
,,,,,,,,4685,952.4,1170.4,4028.1,1410.2,1838.1,1837.9,1116.0,796.7,1126.7,4020.9,1693.6,855.1
,,,,,,,,4686,1046.4,1312.6,4421.3,1532.0,1991.3,2004.8,1242.1,874.1,1210.0,4410.9,1898.8,945.7
,,,,,,,,4687,1142.6,1422.7,4835.8,1697.9,2216.7,2221.2,1371.4,971.7,1349.7,4903.5,2071.2,1051.7
,,,,,,,,4688,1224.0,1558.0,5336.2,1844.9,2408.0,2388.8,1449.6,1072.4,1478.1,5300.4,2210.9,1134.3
,,,,,,,,4689,1290.2,1599.6,5387.2,1892.0,2473.4,2520.7,1494.7,1092.0,1498.8,5577.5,2325.1,1151.4
,,,,,,,,4690,1278.9,1573.7,5322.3,1867.2,2490.2,2484.3,1509.7,1090.7,1475.3,5508.3,2270.9,1132.0
,,,,,,,,4691,1196.4,1498.8,5190.5,1804.3,2319.0,2342.0,1455.1,1028.2,1444.1,5229.2,2205.5,1095.8
,,,,,,,,4692,1170.7,1443.8,4897.6,1753.3,2266.9,2280.3,1366.2,992.7,1361.1,4919.4,2120.8,1041.8
,,,,,,,,4693,1114.3,1388.6,4719.4,1679.6,2186.6,2216.4,1321.5,947.6,1346.2,4846.6,2025.6,1012.4
,,,,,,,,4694,1111.1,1414.2,4718.3,1668.1,2148.4,2179.7,1314.2,966.8,1323.3,4847.0,2054.0,1016.7
,,,,,,,,4695,1133.6,1443.0,4894.1,1687.5,2209.4,2187.4,1338.2,970.0,1373.2,4859.5,2035.3,1027.3
,,,,,,,,4696,1187.1,1482.0,5021.8,1774.9,2312.1,2289.9,1427.6,1020.8,1400.3,5102.2,2159.8,1080.6
,,,,,,,,4697,1258.2,1584.4,5303.5,1891.6,2420.1,2451.4,1463.4,1060.2,1496.7,5395.6,2254.6,1144.9
,,,,,,,,4698,1323.3,1648.0,5593.8,1967.5,2533.4,2529.6,1533.6,1113.5,1532.8,5644.1,2332.3,1195.2
,,,,,,,,4699,1349.6,1680.7,5680.3,1985.6,2617.7,2595.4,1562.6,1119.6,1584.3,5710.5,2434.7,1209.4
,,,,,,,,4700,1308.6,1650.7,5620.0,1954.2,2506.5,2544.6,1538.4,1116.7,1542.3,5645.2,2347.8,1171.2
,,,,,,,,4701,1267.5,1550.0,5317.8,1877.1,2430.5,2442.7,1479.4,1061.9,1497.3,5428.1,2274.0,1141.3
,,,,,,,,4702,1180.2,1507.1,5037.2,1783.4,2313.6,2299.9,1417.6,1025.0,1420.0,5181.6,2121.1,1066.0
,,,,,,,,4703,1137.4,1443.9,4868.1,1693.1,2196.0,2221.8,1341.1,968.7,1332.3,4874.1,2047.7,1040.7
,,,,,,,,4704,1109.9,1380.3,4710.5,1686.1,2137.2,2161.4,1331.1,941.8,1312.8,4755.1,1995.0,992.9
,,,,,,,,4705,1077.4,1359.2,4628.3,1618.8,2110.8,2117.0,1281.8,936.9,1302.0,4702.3,1997.6,978.5
,,,,,,,,4706,1031.4,1302.5,4364.3,1552.7,2001.3,2028.3,1227.1,884.4,1220.6,4430.3,1892.1,928.7
,,,,,,,,4707,970.1,1222.6,4215.5,1474.9,1903.6,1908.4,1144.3,825.9,1169.0,4194.2,1796.4,877.8
,,,,,,,,4708,969.7,1207.8,4137.5,1457.5,1844.2,1840.8,1130.2,827.0,1121.7,4196.0,1726.2,868.1
,,,,,,,,4709,1006.8,1236.8,4257.9,1499.6,1964.5,1979.2,1188.9,845.6,1183.6,4346.7,1834.1,899.2
,,,,,,,,4710,1096.0,1396.9,4616.9,1644.1,2165.3,2167.1,1288.5,930.6,1312.8,4788.8,1967.5,990.6
,,,,,,,,4711,1226.4,1530.0,5200.2,1818.5,2389.7,2387.3,1464.9,1029.6,1441.4,5237.2,2174.1,1087.8
,,,,,,,,4712,1317.2,1663.6,5527.9,1978.5,2544.6,2581.2,1582.9,1124.3,1572.3,5715.3,2371.6,1199.8
,,,,,,,,4713,1350.7,1686.0,5716.4,2030.2,2609.4,2671.3,1606.5,1168.1,1592.1,5820.8,2454.2,1228.6
,,,,,,,,4714,1336.1,1702.7,5766.2,2043.4,2576.3,2584.4,1569.2,1159.2,1573.5,5718.3,2464.6,1232.1
,,,,,,,,4715,1300.9,1596.0,5537.6,1928.7,2468.8,2480.8,1508.1,1086.9,1530.7,5551.1,2322.2,1156.6
,,,,,,,,4716,1228.3,1558.6,5211.8,1868.6,2413.3,2401.2,1452.6,1058.2,1453.8,5361.2,2254.1,1103.9
,,,,,,,,4717,1179.6,1501.0,5045.2,1815.1,2317.2,2315.0,1429.2,1019.5,1405.4,5146.8,2171.5,1081.5
,,,,,,,,4718,1177.7,1488.7,5128.4,1794.1,2322.6,2307.4,1397.3,1005.6,1412.1,5186.6,2139.2,1087.6
,,,,,,,,4719,1196.5,1495.2,5228.2,1822.1,2333.9,2340.4,1455.6,1046.0,1436.8,5166.2,2169.5,1110.5
,,,,,,,,4720,1260.3,1569.7,5407.9,1877.4,2435.0,2490.5,1521.2,1083.1,1479.8,5431.4,2273.3,1129.4
,,,,,,,,4721,1335.2,1685.6,5708.2,2009.9,2558.5,2566.1,1583.0,1128.9,1560.9,5681.0,2445.8,1194.8
,,,,,,,,4722,1398.3,1729.9,5899.3,2067.5,2735.4,2704.0,1673.1,1186.6,1654.4,6023.3,2504.0,1276.2
,,,,,,,,4723,1426.1,1790.2,5996.1,2098.3,2752.1,2759.0,1674.3,1209.3,1662.9,6038.4,2571.7,1295.4
,,,,,,,,4724,1389.6,1733.0,5848.7,2103.8,2687.4,2693.9,1671.0,1194.4,1670.5,5942.1,2554.0,1262.1
,,,,,,,,4725,1314.7,1653.4,5703.1,2017.2,2574.8,2616.1,1591.9,1132.5,1596.7,5805.4,2408.8,1199.3
,,,,,,,,4726,1281.1,1559.6,5322.7,1876.4,2423.4,2470.3,1508.1,1080.6,1483.0,5442.9,2315.0,1135.7
,,,,,,,,4727,1217.9,1530.0,5098.9,1836.7,2364.8,2337.3,1423.9,1031.4,1443.5,5227.1,2216.7,1104.4
,,,,,,,,4728,1181.9,1477.1,5059.3,1787.9,2302.6,2309.0,1390.2,993.6,1381.8,5137.2,2138.4,1082.7
,,,,,,,,4729,1099.0,1360.8,4624.5,1634.3,2121.0,2138.0,1298.7,945.2,1303.8,4673.3,2005.3,993.3
,,,,,,,,4730,1046.4,1307.8,4392.8,1549.0,2001.5,1983.7,1212.2,887.3,1243.1,4408.7,1893.0,948.8
,,,,,,,,4731,986.8,1217.8,4119.9,1480.8,1874.8,1891.4,1173.5,837.3,1170.8,4209.6,1780.6,876.8
,,,,,,,,4732,973.8,1210.9,4119.2,1437.9,1878.3,1849.3,1123.8,830.8,1144.2,4188.4,1716.9,871.8
,,,,,,,,4733,996.0,1260.7,4293.0,1491.1,1923.6,1939.0,1182.5,856.5,1192.9,4319.3,1842.0,906.2
,,,,,,,,4734,1090.9,1372.5,4643.1,1634.4,2120.4,2109.0,1321.8,950.6,1299.6,4766.1,2021.5,987.5
,,,,,,,,4735,1232.9,1536.7,5123.7,1801.5,2404.2,2379.2,1459.7,1043.0,1448.1,5192.3,2233.5,1104.3
,,,,,,,,4736,1325.6,1631.7,5575.4,1962.1,2589.3,2554.7,1565.1,1109.8,1538.3,5594.9,2356.8,1206.2
,,,,,,,,4737,1378.1,1684.8,5715.7,2051.8,2641.7,2628.3,1593.7,1169.8,1623.7,5825.8,2451.3,1229.6
,,,,,,,,4738,1330.8,1659.0,5712.3,2027.4,2621.2,2632.4,1600.0,1155.0,1570.1,5705.4,2410.3,1216.7
,,,,,,,,4739,1276.3,1624.3,5536.6,1939.4,2472.3,2507.2,1523.5,1088.7,1514.1,5471.1,2317.0,1151.2
,,,,,,,,4740,1230.4,1559.5,5216.3,1832.5,2407.7,2360.3,1478.0,1058.2,1454.4,5312.8,2250.6,1100.7
,,,,,,,,4741,1192.3,1472.5,5013.1,1774.1,2341.0,2319.7,1400.9,1034.3,1402.5,5211.4,2192.3,1070.3
,,,,,,,,4742,1198.8,1498.4,5133.5,1798.4,2297.2,2338.1,1421.4,1006.1,1409.9,5089.2,2133.9,1080.4
,,,,,,,,4743,1210.1,1508.0,5174.7,1809.8,2353.5,2331.6,1433.9,1048.4,1454.1,5253.6,2172.1,1097.1
,,,,,,,,4744,1261.7,1584.1,5423.3,1923.1,2466.4,2479.0,1502.4,1072.7,1520.3,5406.4,2278.7,1136.3
,,,,,,,,4745,1320.2,1665.1,5607.5,1994.8,2568.7,2603.2,1561.9,1129.7,1588.2,5736.8,2436.4,1212.9
,,,,,,,,4746,1383.7,1731.9,5927.4,2073.5,2666.8,2697.6,1671.6,1171.5,1639.1,5934.6,2528.7,1265.8
,,,,,,,,4747,1401.3,1757.1,5968.3,2131.9,2779.5,2729.6,1696.2,1211.4,1688.3,6023.0,2573.4,1293.2
,,,,,,,,4748,1410.9,1719.8,5840.7,2087.8,2674.2,2716.1,1645.3,1191.4,1671.8,5955.7,2520.3,1264.0
,,,,,,,,4749,1342.0,1684.4,5689.1,1984.0,2560.9,2561.4,1575.8,1149.7,1571.2,5761.2,2395.7,1218.0
,,,,,,,,4750,1252.3,1577.7,5435.8,1895.5,2452.2,2455.5,1483.7,1092.4,1505.0,5371.9,2314.8,1157.4
,,,,,,,,4751,1202.7,1501.1,5115.7,1819.1,2355.1,2390.4,1455.0,1046.2,1432.1,5262.6,2190.8,1083.6
,,,,,,,,4752,1171.3,1476.7,5018.2,1795.0,2312.0,2324.2,1415.8,1006.9,1399.8,5157.1,2107.6,1066.7
,,,,,,,,4753,1101.5,1375.3,4611.0,1642.3,2113.4,2116.1,1300.5,918.5,1297.9,4669.0,1995.2,992.7
,,,,,,,,4754,1036.7,1286.6,4409.9,1531.6,2008.8,2028.3,1223.3,870.6,1220.7,4434.6,1886.3,927.7
,,,,,,,,4755,981.2,1217.1,4182.9,1478.0,1879.7,1914.6,1151.5,845.8,1172.7,4271.2,1762.7,879.5
,,,,,,,,4756,974.1,1183.8,4036.4,1460.3,1873.7,1878.9,1153.7,828.3,1129.1,4171.2,1762.0,869.0
,,,,,,,,4757,1010.0,1271.1,4262.5,1486.8,1936.1,1968.3,1183.1,855.6,1180.6,4326.3,1828.5,913.9
,,,,,,,,4758,1116.4,1388.6,4676.2,1661.5,2144.5,2116.5,1314.5,952.4,1323.4,4729.0,1984.7,1003.2
,,,,,,,,4759,1232.6,1508.0,5238.2,1824.4,2370.1,2342.7,1448.1,1055.2,1436.5,5272.4,2181.9,1115.8
,,,,,,,,4760,1318.0,1668.8,5670.9,1987.2,2595.7,2567.4,1538.4,1111.1,1577.2,5618.8,2415.2,1191.2
,,,,,,,,4761,1357.4,1689.1,5780.8,2047.3,2650.0,2670.2,1633.8,1166.2,1606.4,5801.7,2459.2,1243.7
,,,,,,,,4762,1356.1,1694.0,5752.9,1996.5,2647.5,2588.9,1586.8,1153.3,1609.6,5787.9,2393.3,1226.8
,,,,,,,,4763,1305.5,1607.8,5501.8,1941.8,2476.1,2487.6,1542.3,1083.4,1510.3,5533.2,2295.1,1172.9
,,,,,,,,4764,1240.3,1521.5,5287.7,1818.7,2379.0,2356.3,1479.1,1037.7,1452.7,5237.8,2249.1,1103.1
,,,,,,,,4765,1196.0,1473.8,5042.2,1804.8,2358.2,2305.2,1426.9,1031.0,1415.9,5198.1,2160.0,1073.2
,,,,,,,,4766,1202.0,1502.2,5055.1,1777.5,2296.9,2344.2,1396.0,1018.3,1426.7,5068.7,2127.5,1063.1
,,,,,,,,4767,1204.2,1516.1,5116.1,1833.4,2326.8,2326.1,1432.9,1025.2,1422.6,5188.0,2176.0,1098.8
,,,,,,,,4768,1268.5,1587.1,5447.9,1891.0,2478.8,2489.0,1509.6,1085.2,1481.5,5422.2,2275.7,1147.8
,,,,,,,,4769,1314.1,1687.7,5656.9,1983.0,2602.1,2615.2,1599.6,1126.5,1579.2,5747.5,2445.2,1204.8
,,,,,,,,4770,1408.1,1763.1,5823.7,2106.1,2711.6,2718.2,1666.4,1169.8,1658.5,5923.8,2503.5,1254.1
,,,,,,,,4771,1395.6,1776.2,6065.9,2128.6,2777.1,2787.1,1688.7,1197.7,1670.8,6040.5,2548.8,1300.2
,,,,,,,,4772,1402.0,1715.5,5872.6,2066.9,2695.5,2738.1,1635.1,1193.0,1649.2,6000.3,2492.5,1256.9
,,,,,,,,4773,1337.8,1676.3,5596.1,1999.3,2573.4,2619.3,1601.2,1151.3,1567.2,5738.7,2429.6,1222.8
,,,,,,,,4774,1255.6,1592.4,5353.9,1921.5,2431.6,2467.7,1480.1,1068.7,1482.7,5417.6,2311.6,1131.4
,,,,,,,,4775,1212.8,1511.3,5208.0,1825.0,2329.4,2330.6,1452.0,1032.4,1441.4,5277.0,2194.6,1086.5
,,,,,,,,4776,1188.8,1477.9,5059.4,1784.2,2319.1,2289.7,1394.0,1010.7,1408.5,5136.0,2115.2,1070.3
,,,,,,,,4777,1090.7,1366.9,4586.7,1639.2,2134.8,2129.5,1299.3,935.8,1302.7,4689.3,2005.8,981.6
,,,,,,,,4778,1041.0,1296.1,4354.6,1534.1,2008.6,2017.8,1207.9,870.5,1226.6,4456.2,1861.4,942.4
,,,,,,,,4779,981.0,1227.5,4211.1,1480.9,1912.4,1909.4,1156.1,842.3,1174.3,4221.4,1747.7,873.7
,,,,,,,,4780,948.5,1183.1,4083.8,1455.6,1847.6,1853.3,1139.0,830.8,1130.5,4191.1,1716.6,876.2
,,,,,,,,4781,997.1,1254.6,4312.0,1502.7,1961.9,1940.6,1194.7,846.8,1203.5,4350.8,1833.8,920.0
,,,,,,,,4782,1097.1,1380.4,4628.5,1644.9,2111.3,2144.7,1292.9,952.1,1310.2,4765.3,2015.9,1007.1
,,,,,,,,4783,1218.3,1506.6,5205.1,1818.0,2349.6,2343.3,1464.4,1033.4,1437.4,5185.5,2215.9,1091.6
,,,,,,,,4784,1314.8,1629.6,5567.6,1967.8,2542.6,2576.4,1572.2,1123.6,1567.9,5731.4,2375.7,1178.3
,,,,,,,,4785,1344.6,1694.2,5826.5,2060.9,2666.7,2641.4,1632.9,1149.0,1620.1,5870.4,2484.2,1236.6
,,,,,,,,4786,1359.7,1700.4,5630.0,1984.9,2585.5,2608.7,1611.0,1154.0,1595.9,5863.9,2396.0,1201.2
,,,,,,,,4787,1296.1,1609.4,5480.5,1948.5,2485.4,2474.1,1542.6,1087.1,1538.7,5626.0,2358.7,1149.0
,,,,,,,,4788,1234.0,1536.4,5169.6,1839.6,2372.4,2400.7,1436.7,1036.7,1440.2,5328.6,2208.5,1110.8
,,,,,,,,4789,1210.4,1508.8,5021.5,1812.7,2298.6,2353.7,1438.0,1008.3,1416.2,5092.4,2144.3,1067.5
,,,,,,,,4790,1188.2,1502.5,5073.3,1802.1,2285.0,2302.7,1421.4,1004.8,1407.8,5086.7,2122.5,1063.6
,,,,,,,,4791,1200.8,1535.9,5116.7,1835.1,2342.2,2373.8,1424.7,1046.7,1459.3,5301.1,2205.4,1086.9
,,,,,,,,4792,1275.8,1560.1,5359.4,1925.0,2462.8,2429.3,1520.1,1074.6,1495.6,5476.2,2280.5,1144.1
,,,,,,,,4793,1339.8,1645.8,5716.3,2007.0,2609.3,2556.1,1598.6,1137.8,1588.5,5773.7,2398.0,1220.0
,,,,,,,,4794,1407.5,1734.6,5943.4,2091.1,2678.4,2700.8,1632.5,1177.5,1660.9,6021.0,2484.8,1270.5
,,,,,,,,4795,1394.8,1776.1,5987.9,2145.5,2716.8,2721.8,1685.6,1204.4,1667.3,6066.1,2526.7,1295.8
,,,,,,,,4796,1406.4,1741.8,5882.1,2084.4,2742.1,2681.9,1666.4,1175.5,1637.8,5968.6,2506.4,1256.1
,,,,,,,,4797,1340.8,1674.9,5718.0,1992.0,2595.1,2580.0,1567.3,1128.3,1560.1,5662.3,2395.9,1189.4
,,,,,,,,4798,1251.9,1593.9,5361.6,1880.1,2439.5,2489.8,1477.1,1084.6,1507.7,5493.7,2307.4,1134.5
,,,,,,,,4799,1219.0,1514.6,5147.7,1832.4,2339.7,2384.8,1438.0,1033.3,1418.6,5178.5,2203.6,1101.2
,,,,,,,,4800,1186.8,1458.5,5059.4,1784.3,2268.2,2274.6,1388.8,1019.2,1416.2,5160.8,2144.0,1055.1
,,,,,,,,4801,1105.9,1365.2,4603.3,1645.5,2138.7,2149.3,1281.1,943.2,1302.8,4685.9,1950.9,994.8
,,,,,,,,4802,1023.3,1288.6,4408.1,1572.1,2020.2,1982.4,1211.6,876.2,1225.6,4400.0,1847.8,941.9
,,,,,,,,4803,984.1,1212.6,4113.6,1474.9,1929.0,1890.4,1143.5,831.9,1173.5,4244.2,1790.9,878.9
,,,,,,,,4804,953.5,1187.5,4136.0,1449.8,1885.4,1866.9,1133.4,811.3,1131.0,4194.7,1751.8,874.5
,,,,,,,,4805,1010.1,1237.5,4293.5,1506.6,1959.3,1950.5,1203.4,856.3,1173.6,4270.6,1840.8,917.4
,,,,,,,,4806,1103.6,1382.4,4682.8,1643.4,2166.6,2153.0,1318.8,953.6,1324.1,4803.3,2003.9,994.8
,,,,,,,,4807,1225.6,1547.2,5212.3,1810.3,2390.9,2367.1,1453.8,1027.7,1441.1,5251.5,2239.2,1104.0
,,,,,,,,4808,1298.9,1648.9,5533.9,1957.2,2527.4,2578.0,1555.3,1137.2,1541.5,5616.6,2377.7,1186.7
,,,,,,,,4809,1377.2,1690.3,5867.7,2011.7,2671.2,2614.5,1609.1,1164.6,1618.4,5929.1,2467.2,1216.0
,,,,,,,,4810,1354.6,1673.0,5629.4,2033.5,2611.8,2603.4,1601.4,1160.2,1577.1,5796.1,2421.1,1213.6
,,,,,,,,4811,1270.0,1597.5,5396.7,1928.7,2533.0,2488.7,1527.3,1105.4,1534.8,5513.3,2330.5,1158.4
,,,,,,,,4812,1248.9,1536.3,5158.7,1850.5,2398.7,2417.9,1479.9,1036.6,1444.4,5257.2,2198.9,1110.3
,,,,,,,,4813,1204.5,1491.2,5092.6,1794.1,2348.1,2356.7,1424.6,1036.0,1417.0,5093.8,2188.6,1092.4
,,,,,,,,4814,1180.3,1471.8,4997.4,1772.6,2281.1,2349.1,1432.0,1022.9,1419.5,5180.4,2166.1,1065.6
,,,,,,,,4815,1224.8,1497.3,5229.4,1796.0,2334.8,2375.4,1433.2,1050.8,1432.6,5272.0,2187.8,1088.5
,,,,,,,,4816,1271.1,1559.9,5418.1,1909.0,2478.5,2430.7,1506.9,1079.9,1477.8,5444.9,2301.3,1144.2
,,,,,,,,4817,1324.9,1672.6,5576.9,1983.9,2553.2,2581.1,1573.6,1139.0,1577.8,5777.7,2415.0,1216.8
,,,,,,,,4818,1394.5,1747.7,5931.5,2087.2,2734.9,2723.2,1644.8,1186.2,1635.1,6020.2,2484.8,1260.9
,,,,,,,,4819,1401.9,1775.1,5973.2,2117.1,2767.7,2714.6,1656.7,1211.4,1669.5,6158.6,2569.7,1285.0
,,,,,,,,4820,1407.6,1729.3,5884.8,2096.9,2729.0,2668.4,1673.9,1200.4,1654.4,5979.8,2552.3,1250.4
,,,,,,,,4821,1335.4,1640.6,5606.7,2023.4,2595.1,2613.3,1602.0,1132.9,1580.8,5705.0,2387.4,1207.6
,,,,,,,,4822,1256.0,1575.4,5341.4,1912.4,2435.4,2446.5,1521.4,1085.0,1500.7,5525.5,2275.9,1161.3
,,,,,,,,4823,1229.1,1523.5,5155.4,1818.8,2358.8,2361.2,1450.2,1048.3,1458.6,5244.3,2205.3,1090.2
,,,,,,,,4824,1176.2,1493.6,5035.0,1773.0,2324.8,2319.4,1393.6,1000.6,1420.9,5148.1,2165.2,1072.3
,,,,,,,,4825,1018.2,1288.7,4398.7,1563.5,2014.7,2006.1,1208.2,873.9,1225.9,4371.2,1865.8,927.5
,,,,,,,,4826,960.4,1225.9,4100.4,1465.6,1873.0,1871.3,1162.3,836.0,1139.9,4187.7,1747.9,892.1
,,,,,,,,4827,919.1,1165.3,3888.9,1379.1,1789.8,1786.0,1084.9,780.9,1076.1,3913.3,1644.6,830.5
,,,,,,,,4828,892.9,1125.3,3870.5,1370.4,1767.3,1759.9,1075.2,780.1,1056.1,3843.5,1652.5,829.2
,,,,,,,,4829,942.8,1182.7,4058.3,1425.7,1832.6,1823.5,1121.1,812.5,1118.3,4026.0,1733.8,844.7
,,,,,,,,4830,1049.3,1313.6,4455.4,1550.3,2043.5,2036.6,1236.6,896.5,1235.2,4460.7,1860.5,923.8
,,,,,,,,4831,1138.6,1431.8,4902.3,1727.2,2259.6,2244.8,1378.6,992.3,1342.4,4993.0,2100.8,1053.0
,,,,,,,,4832,1233.4,1540.3,5241.6,1878.7,2419.9,2388.3,1450.0,1052.4,1457.9,5365.1,2253.2,1106.6
,,,,,,,,4833,1263.4,1605.6,5424.8,1900.5,2453.8,2460.9,1495.0,1080.6,1498.0,5574.2,2285.6,1142.9
,,,,,,,,4834,1259.2,1573.7,5292.1,1882.0,2454.2,2473.6,1518.3,1067.6,1517.7,5444.6,2252.9,1132.8
,,,,,,,,4835,1201.5,1502.1,5178.0,1807.2,2328.1,2365.3,1431.9,1024.8,1422.0,5249.1,2201.6,1103.4
,,,,,,,,4836,1174.4,1455.9,4963.2,1752.9,2257.5,2283.9,1378.0,985.7,1362.6,4950.9,2067.4,1054.4
,,,,,,,,4837,1137.8,1405.7,4751.7,1680.9,2174.7,2188.6,1351.6,948.0,1336.0,4846.7,2058.2,1005.4
,,,,,,,,4838,1109.2,1390.9,4702.3,1655.3,2194.1,2151.7,1323.0,959.3,1336.5,4763.5,2011.0,1006.0
,,,,,,,,4839,1136.8,1434.2,4824.8,1697.2,2251.0,2212.9,1357.4,980.2,1343.6,4981.3,2077.1,1045.1
,,,,,,,,4840,1178.0,1486.0,5088.3,1794.8,2339.5,2293.4,1416.8,1003.8,1423.3,5092.1,2132.7,1073.4
,,,,,,,,4841,1241.8,1581.7,5265.3,1866.0,2456.2,2407.3,1503.7,1076.8,1474.6,5354.6,2263.1,1131.4
,,,,,,,,4842,1320.3,1638.7,5582.1,1948.1,2531.1,2507.8,1551.6,1133.3,1548.4,5634.7,2369.4,1169.7
,,,,,,,,4843,1344.3,1652.2,5614.4,1970.0,2582.3,2624.4,1573.5,1140.6,1564.1,5729.8,2381.0,1197.2
,,,,,,,,4844,1301.9,1641.6,5553.9,1937.0,2514.6,2577.7,1565.4,1101.6,1561.9,5733.8,2379.2,1186.7
,,,,,,,,4845,1253.1,1573.9,5397.2,1886.7,2452.3,2414.0,1486.8,1084.2,1483.5,5483.6,2278.3,1144.8
,,,,,,,,4846,1204.7,1478.5,4997.9,1792.7,2289.8,2337.0,1424.2,1025.6,1425.8,5071.1,2170.0,1060.7
,,,,,,,,4847,1147.5,1446.1,4889.9,1714.6,2191.3,2230.0,1337.2,965.4,1338.8,4983.3,2082.0,1039.2
,,,,,,,,4848,1104.7,1384.2,4777.1,1660.3,2171.0,2140.7,1334.3,943.7,1328.8,4847.1,2005.6,1016.6
,,,,,,,,4849,1017.8,1278.1,4424.4,1526.4,2014.1,1977.8,1238.0,883.1,1224.5,4481.7,1851.8,934.4
,,,,,,,,4850,968.1,1223.3,4103.9,1440.5,1915.0,1890.1,1162.8,828.3,1161.7,4255.7,1755.8,885.7
,,,,,,,,4851,933.4,1158.4,3936.8,1393.9,1775.7,1811.9,1094.7,783.1,1101.3,4030.8,1682.5,822.5
,,,,,,,,4852,916.7,1121.6,3863.1,1366.7,1732.9,1735.0,1073.8,769.5,1058.1,3854.5,1624.3,808.2
,,,,,,,,4853,949.8,1173.5,4000.2,1420.9,1821.5,1816.6,1116.2,804.3,1110.4,4049.6,1709.3,842.8
,,,,,,,,4854,1046.0,1308.5,4395.4,1569.7,2045.8,2046.7,1225.8,882.6,1241.2,4461.1,1902.5,946.8
,,,,,,,,4855,1143.6,1426.8,4870.5,1710.4,2204.9,2243.4,1363.6,967.1,1364.7,4956.7,2066.4,1022.9
,,,,,,,,4856,1223.2,1557.3,5202.7,1835.9,2382.8,2394.2,1456.1,1067.0,1476.3,5402.6,2213.8,1112.4
,,,,,,,,4857,1273.4,1580.2,5362.7,1896.1,2526.8,2466.5,1517.7,1078.4,1539.8,5473.7,2294.7,1167.1
,,,,,,,,4858,1262.2,1587.0,5429.6,1921.1,2476.5,2434.7,1515.1,1068.7,1513.0,5492.7,2288.8,1148.6
,,,,,,,,4859,1212.1,1498.5,5221.4,1820.7,2368.7,2336.4,1439.7,1033.8,1454.8,5239.1,2199.0,1104.1
,,,,,,,,4860,1167.0,1445.0,4991.5,1758.7,2233.0,2230.8,1381.1,975.0,1359.3,4985.4,2076.9,1056.8
,,,,,,,,4861,1138.0,1426.1,4791.8,1707.7,2174.1,2166.0,1340.9,958.6,1318.6,4825.0,2054.7,1030.6
,,,,,,,,4862,1137.9,1419.3,4740.0,1682.5,2190.4,2196.4,1336.3,946.3,1314.8,4910.1,2021.7,1005.7
,,,,,,,,4863,1128.0,1421.2,4886.2,1715.3,2242.8,2190.6,1372.1,984.5,1362.2,4959.5,2055.8,1027.1
,,,,,,,,4864,1202.4,1504.1,5135.6,1800.3,2306.3,2312.6,1427.8,1018.0,1427.6,5139.2,2123.4,1072.9
,,,,,,,,4865,1264.0,1568.1,5388.3,1900.9,2461.0,2461.9,1488.5,1073.6,1490.9,5484.0,2253.8,1129.6
,,,,,,,,4866,1315.3,1627.3,5543.6,1947.4,2517.6,2568.9,1558.7,1132.6,1547.2,5674.9,2394.7,1194.5
,,,,,,,,4867,1339.9,1671.2,5615.1,2024.0,2617.9,2612.1,1575.5,1154.0,1566.5,5701.7,2397.3,1210.9
,,,,,,,,4868,1313.7,1618.0,5598.7,1963.9,2580.7,2521.6,1556.2,1133.5,1555.3,5652.6,2365.7,1170.2
,,,,,,,,4869,1246.6,1558.3,5355.8,1860.3,2467.9,2402.4,1472.9,1069.5,1493.5,5476.1,2246.1,1138.8
,,,,,,,,4870,1194.4,1503.0,5011.8,1761.5,2346.6,2316.8,1402.2,1014.0,1395.7,5078.8,2173.4,1091.2
,,,,,,,,4871,1135.6,1439.0,4871.5,1698.7,2242.2,2221.7,1341.9,981.0,1361.7,4870.3,2069.9,1021.0
,,,,,,,,4872,1107.1,1401.4,4787.7,1646.4,2177.3,2142.4,1306.8,945.9,1337.8,4752.2,2005.8,1001.1
,,,,,,,,4873,1091.7,1384.9,4704.3,1639.3,2133.1,2108.5,1300.4,942.9,1305.2,4768.6,1999.6,989.7
,,,,,,,,4874,1032.8,1281.6,4382.8,1551.9,1995.9,2011.5,1227.0,879.3,1216.0,4411.8,1893.2,936.2
,,,,,,,,4875,979.1,1225.7,4154.0,1466.0,1905.9,1932.1,1162.4,835.0,1154.6,4260.9,1755.7,897.9
,,,,,,,,4876,963.5,1209.0,4092.6,1424.4,1872.8,1854.7,1151.4,811.4,1133.8,4157.2,1740.3,881.8
,,,,,,,,4877,1009.7,1272.0,4283.3,1516.8,1941.3,1952.2,1181.3,870.3,1178.8,4306.8,1838.3,922.8
,,,,,,,,4878,1107.3,1379.0,4729.2,1647.1,2142.9,2162.9,1297.9,933.1,1298.6,4762.2,2016.9,991.8
,,,,,,,,4879,1206.2,1517.2,5140.6,1849.4,2409.7,2355.2,1470.5,1030.6,1454.1,5283.6,2194.1,1111.9
,,,,,,,,4880,1337.2,1642.8,5527.7,1988.3,2535.9,2530.4,1558.1,1120.3,1547.2,5641.6,2356.7,1206.8
,,,,,,,,4881,1374.9,1709.1,5800.0,2019.8,2673.9,2680.4,1638.8,1181.2,1610.4,5929.8,2431.1,1247.0
,,,,,,,,4882,1360.0,1694.3,5786.2,2018.5,2636.4,2623.8,1614.7,1150.0,1590.4,5837.8,2428.2,1232.0
,,,,,,,,4883,1273.9,1613.3,5511.7,1951.7,2504.4,2533.0,1516.7,1097.3,1514.7,5541.0,2344.3,1180.5
,,,,,,,,4884,1220.2,1525.4,5270.7,1859.4,2399.0,2379.3,1459.4,1052.8,1448.3,5386.7,2221.4,1098.6
,,,,,,,,4885,1214.6,1491.7,5021.3,1810.2,2335.5,2326.4,1405.1,1037.6,1416.5,5236.1,2136.2,1090.6
,,,,,,,,4886,1211.0,1478.2,5067.5,1769.2,2346.7,2294.9,1424.3,1006.3,1423.2,5133.5,2157.0,1068.8
,,,,,,,,4887,1207.0,1519.9,5210.1,1845.6,2366.6,2356.6,1430.4,1040.8,1444.8,5213.0,2183.0,1109.0
,,,,,,,,4888,1285.2,1570.5,5361.5,1924.0,2466.4,2445.3,1489.2,1093.5,1512.3,5513.7,2290.7,1137.6
,,,,,,,,4889,1354.4,1655.4,5751.3,1979.1,2597.2,2609.8,1584.5,1129.7,1563.7,5775.5,2436.9,1202.3
,,,,,,,,4890,1382.8,1731.0,5875.5,2065.0,2726.7,2694.6,1675.9,1194.7,1642.4,6041.1,2484.3,1261.4
,,,,,,,,4891,1429.1,1787.6,6085.3,2124.2,2754.3,2796.0,1668.9,1208.9,1704.4,6156.1,2542.4,1287.3
,,,,,,,,4892,1386.9,1756.6,5986.3,2079.3,2730.7,2711.0,1650.9,1183.5,1661.3,6100.2,2500.6,1272.6
,,,,,,,,4893,1347.6,1670.6,5684.6,2029.6,2591.3,2611.2,1578.6,1136.3,1564.8,5805.3,2407.2,1213.4
,,,,,,,,4894,1282.2,1589.4,5369.9,1895.3,2449.1,2459.0,1488.3,1082.4,1484.2,5507.4,2293.8,1158.2
,,,,,,,,4895,1203.5,1541.6,5180.7,1850.0,2363.1,2332.3,1453.7,1040.0,1458.3,5212.6,2211.2,1093.0
,,,,,,,,4896,1188.0,1492.7,5013.7,1784.1,2272.1,2332.0,1391.4,1002.0,1384.7,5075.1,2156.5,1074.3
,,,,,,,,4897,1109.6,1391.9,4731.7,1643.2,2163.9,2106.7,1317.0,928.8,1300.0,4750.4,1994.7,977.4
,,,,,,,,4898,1048.5,1307.2,4442.0,1569.6,2042.1,2007.8,1223.7,887.7,1227.2,4514.9,1871.9,947.8
,,,,,,,,4899,994.0,1245.9,4162.1,1471.5,1893.7,1883.3,1163.2,846.8,1175.0,4303.2,1756.4,896.7
,,,,,,,,4900,964.3,1190.5,4110.2,1436.7,1849.0,1889.5,1145.9,822.0,1156.6,4206.1,1763.2,864.2
,,,,,,,,4901,999.8,1258.6,4231.4,1503.7,1981.2,1986.5,1183.3,852.1,1185.1,4328.2,1808.4,903.4
,,,,,,,,4902,1099.1,1385.1,4645.6,1676.6,2131.3,2161.0,1318.5,934.0,1324.8,4756.1,2027.3,1011.5
,,,,,,,,4903,1207.2,1508.1,5248.1,1833.0,2392.7,2358.2,1455.1,1055.2,1432.9,5360.0,2195.4,1110.8
,,,,,,,,4904,1331.7,1633.6,5657.4,2001.4,2601.3,2537.0,1556.9,1114.3,1570.0,5626.2,2370.0,1186.7
,,,,,,,,4905,1373.1,1692.3,5782.6,2022.9,2658.4,2681.9,1609.6,1158.3,1627.7,5868.5,2460.2,1241.9
,,,,,,,,4906,1343.0,1709.1,5751.6,1998.0,2659.8,2586.2,1578.5,1155.4,1588.6,5886.2,2464.9,1214.1
,,,,,,,,4907,1275.7,1612.8,5465.6,1913.8,2524.9,2491.6,1518.1,1102.1,1523.4,5519.8,2306.1,1153.4
,,,,,,,,4908,1228.2,1542.4,5311.0,1829.9,2438.0,2396.8,1482.2,1052.5,1452.5,5330.5,2249.9,1127.3
,,,,,,,,4909,1198.4,1515.4,5114.9,1817.7,2308.3,2368.9,1435.2,1011.9,1436.7,5227.7,2163.7,1086.1
,,,,,,,,4910,1178.2,1480.1,5009.4,1793.6,2354.1,2307.4,1406.6,1034.2,1402.0,5128.7,2148.5,1095.6
,,,,,,,,4911,1204.1,1503.9,5256.1,1837.4,2375.7,2378.9,1443.7,1043.4,1455.2,5209.3,2233.5,1105.3
,,,,,,,,4912,1275.9,1573.3,5465.6,1876.6,2464.9,2453.5,1512.1,1079.6,1492.6,5514.9,2309.3,1154.3
,,,,,,,,4913,1331.2,1685.7,5672.2,2021.5,2615.8,2621.6,1569.6,1129.5,1585.5,5787.6,2412.1,1195.1
,,,,,,,,4914,1393.1,1767.2,5957.2,2119.2,2696.6,2700.9,1660.0,1209.8,1671.3,5983.3,2513.2,1272.5
,,,,,,,,4915,1414.8,1782.8,5965.0,2103.0,2804.9,2749.5,1694.2,1201.4,1672.9,6128.0,2577.0,1300.5
,,,,,,,,4916,1408.0,1750.3,5928.9,2114.3,2706.6,2701.8,1658.6,1198.4,1658.8,5947.7,2527.4,1272.8
,,,,,,,,4917,1327.4,1667.2,5656.4,2014.4,2579.1,2629.6,1602.9,1148.2,1581.2,5760.3,2393.9,1189.8
,,,,,,,,4918,1262.3,1570.6,5362.7,1908.4,2466.4,2435.8,1495.7,1072.6,1504.0,5465.3,2310.5,1144.5
,,,,,,,,4919,1223.2,1516.4,5211.4,1828.3,2351.6,2381.0,1460.7,1036.6,1457.3,5299.8,2177.1,1095.0
,,,,,,,,4920,1176.4,1466.4,5033.6,1772.9,2339.3,2335.0,1411.7,1005.7,1388.3,5093.1,2163.6,1068.0
,,,,,,,,4921,1090.6,1372.6,4640.0,1626.2,2111.2,2111.4,1320.7,924.7,1295.9,4724.2,1999.1,977.0
,,,,,,,,4922,1053.5,1309.0,4357.0,1558.3,2018.0,2006.3,1218.8,885.3,1230.7,4541.5,1858.9,930.1
,,,,,,,,4923,979.0,1217.0,4231.3,1493.0,1914.7,1897.5,1175.6,843.1,1177.6,4258.1,1761.4,885.2
,,,,,,,,4924,975.2,1215.8,4149.7,1456.0,1870.0,1879.1,1151.6,817.2,1138.8,4130.4,1719.9,864.2
,,,,,,,,4925,1000.6,1274.3,4243.0,1502.0,1975.3,1954.6,1213.9,866.6,1199.9,4366.7,1800.0,915.4
,,,,,,,,4926,1108.8,1367.4,4745.1,1677.3,2172.3,2169.0,1300.3,937.6,1313.6,4802.0,1981.0,997.1
,,,,,,,,4927,1243.0,1544.4,5136.6,1842.5,2407.9,2369.5,1456.5,1045.0,1465.2,5236.7,2192.1,1094.7
,,,,,,,,4928,1333.8,1650.9,5675.6,1958.8,2599.0,2563.3,1557.8,1146.8,1586.4,5682.6,2361.5,1177.2
,,,,,,,,4929,1378.0,1707.7,5839.2,2021.6,2692.0,2643.1,1606.6,1178.6,1600.7,5930.6,2454.8,1230.3
,,,,,,,,4930,1347.7,1708.7,5782.1,2018.5,2623.1,2660.9,1577.7,1150.9,1600.0,5889.0,2421.9,1233.1
,,,,,,,,4931,1285.1,1633.3,5439.0,1935.2,2498.2,2510.3,1531.5,1121.7,1545.9,5662.9,2332.1,1158.2
,,,,,,,,4932,1244.0,1536.6,5197.1,1842.1,2429.9,2385.3,1459.0,1047.6,1488.2,5304.8,2228.1,1109.6
,,,,,,,,4933,1205.1,1486.7,5144.7,1808.6,2373.9,2364.5,1413.5,1023.7,1442.1,5133.9,2161.6,1086.7
,,,,,,,,4934,1184.4,1499.0,5129.7,1799.3,2295.8,2295.3,1441.1,1019.7,1441.2,5177.7,2142.2,1092.8
,,,,,,,,4935,1236.0,1537.6,5217.1,1857.4,2378.8,2382.5,1451.0,1029.4,1445.5,5345.8,2224.5,1098.9
,,,,,,,,4936,1258.4,1575.3,5369.5,1936.2,2488.3,2491.7,1505.4,1102.2,1506.4,5502.8,2319.4,1134.5
,,,,,,,,4937,1331.8,1657.9,5693.9,2025.1,2605.4,2603.7,1575.6,1141.4,1590.1,5852.0,2398.9,1207.3
,,,,,,,,4938,1379.1,1727.8,5878.8,2101.6,2704.2,2697.3,1656.2,1196.3,1648.5,6071.3,2488.2,1280.0
,,,,,,,,4939,1432.2,1786.6,6122.8,2166.3,2739.4,2745.5,1677.3,1206.3,1682.9,6159.5,2542.1,1269.6
,,,,,,,,4940,1415.0,1744.9,6012.5,2101.7,2727.4,2686.3,1682.3,1209.0,1656.6,6026.5,2532.7,1280.5
,,,,,,,,4941,1338.0,1696.6,5729.8,1984.4,2600.0,2620.3,1595.9,1146.9,1576.0,5728.1,2401.1,1198.8
,,,,,,,,4942,1272.9,1568.5,5349.5,1892.9,2453.7,2504.8,1489.7,1071.5,1503.0,5566.9,2274.8,1130.5
,,,,,,,,4943,1234.2,1543.2,5201.8,1820.7,2345.7,2337.5,1426.9,1038.8,1460.9,5255.9,2208.9,1086.0
,,,,,,,,4944,1174.0,1463.0,4989.5,1770.0,2334.8,2337.9,1425.9,1016.7,1397.1,5192.5,2170.5,1076.0
,,,,,,,,4945,1085.3,1355.4,4710.7,1666.9,2135.6,2109.9,1303.7,939.0,1301.7,4752.0,2014.1,1001.6
,,,,,,,,4946,1055.9,1303.3,4447.0,1585.9,2020.0,2006.2,1233.5,893.8,1245.5,4442.3,1897.9,938.7
,,,,,,,,4947,991.3,1244.3,4199.0,1469.0,1935.2,1893.7,1182.0,834.7,1157.5,4224.5,1791.6,896.8
,,,,,,,,4948,959.7,1193.0,4089.5,1443.5,1855.4,1859.8,1142.8,825.9,1152.3,4190.4,1729.0,864.6
,,,,,,,,4949,997.5,1264.5,4348.4,1527.3,1971.9,1943.8,1210.6,863.7,1183.3,4352.5,1809.4,921.9
,,,,,,,,4950,1124.2,1388.5,4781.9,1684.4,2147.3,2151.6,1325.8,950.5,1297.9,4774.6,1991.6,1001.1
,,,,,,,,4951,1230.2,1522.2,5216.7,1848.3,2359.9,2383.7,1446.4,1048.7,1446.4,5236.3,2205.9,1091.4
,,,,,,,,4952,1325.3,1656.3,5572.1,1992.2,2581.2,2588.7,1552.5,1118.6,1557.6,5801.8,2360.3,1187.0
,,,,,,,,4953,1390.3,1701.0,5880.5,2070.8,2646.4,2692.7,1645.2,1160.2,1618.9,5832.1,2475.9,1232.2
,,,,,,,,4954,1371.9,1675.7,5702.4,2000.2,2627.1,2619.5,1595.2,1155.0,1591.1,5848.7,2424.7,1225.5
,,,,,,,,4955,1300.1,1610.1,5526.2,1944.4,2533.5,2517.7,1524.0,1100.6,1552.9,5643.7,2322.4,1168.4
,,,,,,,,4956,1239.2,1554.9,5275.6,1855.1,2409.8,2377.5,1469.6,1043.6,1470.7,5290.5,2216.6,1110.1
,,,,,,,,4957,1191.8,1493.1,5168.7,1830.3,2360.2,2341.2,1434.7,1044.1,1422.6,5197.6,2195.6,1094.5
,,,,,,,,4958,1212.3,1485.6,5038.1,1801.3,2311.7,2343.5,1422.3,1036.1,1429.5,5228.4,2152.8,1074.1
,,,,,,,,4959,1230.5,1510.1,5193.4,1855.2,2347.2,2391.0,1437.8,1056.4,1438.3,5333.8,2176.1,1106.6
,,,,,,,,4960,1264.8,1571.0,5482.3,1897.3,2455.6,2503.7,1505.5,1097.6,1495.6,5538.6,2283.1,1135.6
,,,,,,,,4961,1345.4,1684.1,5715.7,1994.5,2614.6,2585.8,1611.0,1141.6,1600.2,5791.6,2438.1,1226.9
,,,,,,,,4962,1380.7,1751.4,6026.5,2130.7,2721.9,2711.6,1677.6,1194.7,1678.6,6091.9,2536.1,1251.2
,,,,,,,,4963,1426.6,1793.0,6146.9,2154.6,2795.5,2777.4,1671.8,1218.7,1685.9,6197.3,2572.3,1288.2
,,,,,,,,4964,1397.5,1766.6,5927.8,2089.9,2766.8,2743.0,1683.3,1212.3,1641.1,6111.7,2510.0,1258.5
,,,,,,,,4965,1342.7,1670.9,5720.9,2024.9,2579.0,2603.5,1583.4,1141.5,1608.4,5759.0,2406.9,1211.0
,,,,,,,,4966,1256.9,1607.9,5438.3,1891.4,2485.2,2448.0,1505.1,1087.6,1500.7,5487.1,2317.3,1164.1
,,,,,,,,4967,1214.7,1513.9,5239.8,1849.7,2372.5,2410.8,1463.7,1046.9,1451.3,5348.8,2212.9,1088.4
,,,,,,,,4968,1197.8,1484.6,5010.0,1810.2,2339.7,2313.0,1393.8,1017.7,1431.3,5123.6,2163.4,1080.4
,,,,,,,,4969,1096.5,1379.0,4622.0,1638.1,2130.1,2151.2,1292.5,928.9,1327.1,4710.7,1973.4,998.1
,,,,,,,,4970,1043.4,1291.5,4399.2,1581.6,2013.4,2058.2,1252.0,888.3,1249.7,4489.7,1888.7,930.2
,,,,,,,,4971,979.8,1228.5,4137.8,1481.6,1949.8,1903.0,1181.6,846.5,1178.3,4289.6,1778.5,878.0
,,,,,,,,4972,962.2,1204.4,4071.8,1460.2,1864.4,1904.4,1141.2,834.3,1153.1,4247.1,1753.3,861.8
,,,,,,,,4973,1018.9,1281.0,4365.5,1540.1,1976.2,1944.5,1186.1,877.1,1213.9,4360.3,1847.5,905.8
,,,,,,,,4974,1121.7,1371.9,4664.1,1671.4,2174.4,2191.6,1325.0,938.9,1334.6,4740.8,2006.3,1003.7
,,,,,,,,4975,1228.4,1550.6,5232.4,1838.7,2416.8,2387.9,1448.4,1066.3,1465.3,5366.2,2218.9,1115.3
,,,,,,,,4976,1331.9,1672.2,5569.1,2014.8,2569.0,2599.8,1566.5,1148.5,1578.2,5707.2,2399.0,1178.9
,,,,,,,,4977,1385.9,1723.4,5883.4,2062.4,2632.9,2679.3,1619.7,1180.6,1648.1,5841.9,2466.6,1250.5
,,,,,,,,4978,1338.8,1705.9,5756.4,2050.5,2627.9,2615.8,1628.9,1141.1,1611.0,5917.2,2473.3,1213.1
,,,,,,,,4979,1303.2,1604.3,5525.5,1955.2,2539.3,2529.3,1548.7,1114.9,1553.1,5678.9,2309.8,1156.5
,,,,,,,,4980,1237.6,1568.2,5340.4,1861.7,2395.7,2447.8,1489.2,1061.0,1483.1,5419.6,2262.4,1110.0
,,,,,,,,4981,1192.9,1512.8,5057.3,1791.4,2365.2,2359.0,1412.1,1040.7,1433.1,5149.5,2148.0,1080.8
,,,,,,,,4982,1211.4,1489.7,5152.0,1786.6,2366.5,2355.8,1409.2,1021.9,1410.0,5210.4,2166.2,1069.4
,,,,,,,,4983,1227.7,1529.8,5239.3,1811.2,2417.2,2411.4,1473.5,1049.0,1464.7,5347.4,2211.8,1117.8
,,,,,,,,4984,1277.3,1614.7,5449.0,1933.7,2497.1,2507.4,1496.4,1080.8,1507.0,5530.8,2288.5,1136.3
,,,,,,,,4985,1348.6,1679.5,5720.1,1988.8,2615.7,2595.7,1618.9,1160.2,1613.3,5853.5,2395.3,1201.1
,,,,,,,,4986,1419.7,1748.5,5900.2,2081.3,2763.7,2761.1,1664.4,1190.2,1683.1,6071.4,2544.3,1271.7
,,,,,,,,4987,1411.0,1760.6,6014.8,2142.9,2785.0,2753.5,1676.8,1235.7,1705.3,6256.4,2569.8,1296.5
,,,,,,,,4988,1415.8,1748.5,5986.0,2122.5,2741.8,2698.2,1667.1,1209.8,1679.8,6013.7,2507.9,1247.1
,,,,,,,,4989,1331.7,1686.7,5674.0,2000.0,2631.5,2605.9,1612.8,1135.5,1592.7,5861.4,2403.1,1204.7
,,,,,,,,4990,1276.4,1585.1,5393.8,1897.3,2448.9,2509.3,1506.2,1093.8,1518.4,5436.3,2267.6,1160.5
,,,,,,,,4991,1225.6,1534.0,5127.5,1844.7,2407.6,2345.6,1468.2,1056.6,1445.8,5309.9,2201.5,1104.4
,,,,,,,,4992,1194.7,1481.7,5000.9,1785.8,2344.6,2302.3,1398.7,1026.8,1400.1,5087.2,2148.6,1077.5
,,,,,,,,4993,1048.1,1304.0,4355.0,1536.5,2044.8,2039.6,1230.9,877.7,1222.2,4547.2,1889.8,944.5
,,,,,,,,4994,994.0,1226.9,4219.2,1468.1,1930.0,1939.6,1150.2,842.4,1161.8,4198.9,1744.1,878.0
,,,,,,,,4995,917.9,1148.0,3902.6,1405.8,1827.4,1813.1,1105.2,784.2,1091.4,4003.5,1691.4,841.5
,,,,,,,,4996,904.4,1135.4,3869.3,1350.6,1755.5,1752.8,1082.2,789.1,1078.6,3964.4,1662.5,814.1
,,,,,,,,4997,967.8,1182.6,4080.6,1441.2,1853.3,1866.4,1119.8,807.9,1129.8,4123.3,1731.0,846.6
,,,,,,,,4998,1056.0,1318.8,4458.6,1570.4,2011.7,2032.5,1233.6,896.6,1245.5,4459.4,1891.2,932.0
,,,,,,,,4999,1151.4,1468.1,4956.2,1721.5,2287.9,2243.9,1387.8,1000.7,1388.3,5082.2,2080.7,1032.9
,,,,,,,,5000,1244.1,1558.4,5324.3,1894.3,2434.0,2460.1,1478.0,1055.7,1498.6,5475.4,2279.3,1134.7
,,,,,,,,5001,1286.4,1597.0,5552.9,1942.6,2539.9,2492.3,1542.2,1100.1,1529.9,5668.1,2330.5,1168.2
,,,,,,,,5002,1282.0,1585.1,5475.8,1929.2,2476.5,2466.3,1521.7,1079.9,1501.5,5452.2,2296.5,1155.0
,,,,,,,,5003,1208.2,1525.6,5215.5,1835.1,2401.6,2377.7,1467.1,1054.9,1447.5,5337.0,2185.4,1085.5
,,,,,,,,5004,1157.0,1480.2,4975.9,1731.7,2286.8,2300.0,1399.4,1013.4,1382.3,5085.9,2074.3,1046.4
,,,,,,,,5005,1125.3,1413.9,4811.6,1699.2,2222.6,2201.9,1351.0,978.0,1344.5,4976.2,2066.4,1011.4
,,,,,,,,5006,1124.6,1420.8,4880.3,1698.6,2217.1,2174.8,1327.5,970.8,1328.7,4898.3,2045.1,1024.7
,,,,,,,,5007,1139.4,1455.6,4935.9,1738.8,2259.5,2233.7,1364.5,975.2,1353.7,5008.7,2058.4,1031.7
,,,,,,,,5008,1220.0,1499.9,5130.2,1821.5,2333.0,2308.1,1415.7,1025.0,1406.1,5190.9,2143.1,1075.5
,,,,,,,,5009,1255.5,1571.5,5328.4,1904.9,2460.5,2432.6,1491.2,1091.5,1510.9,5530.7,2263.4,1127.5
,,,,,,,,5010,1334.1,1638.0,5590.4,1985.5,2574.3,2597.5,1560.1,1133.8,1586.1,5709.7,2364.0,1185.7
,,,,,,,,5011,1354.4,1657.5,5754.3,2002.8,2614.2,2587.7,1621.2,1158.0,1596.8,5809.1,2405.9,1205.7
,,,,,,,,5012,1329.4,1672.0,5661.7,1989.9,2546.9,2580.6,1580.6,1144.6,1555.1,5669.0,2385.4,1207.7
,,,,,,,,5013,1256.1,1565.2,5306.4,1884.2,2491.9,2489.4,1482.9,1090.0,1492.0,5539.8,2268.7,1124.1
,,,,,,,,5014,1197.1,1505.5,5172.8,1796.8,2314.6,2368.4,1408.8,1037.5,1422.9,5136.4,2170.6,1090.8
,,,,,,,,5015,1153.7,1453.7,4899.9,1748.5,2245.3,2238.3,1373.8,977.6,1365.9,5002.7,2046.7,1043.3
,,,,,,,,5016,1133.0,1394.3,4822.9,1676.4,2169.1,2162.0,1315.9,972.9,1322.8,4882.5,2006.9,1004.6
,,,,,,,,5017,1037.3,1320.1,4454.5,1568.6,2027.5,2010.4,1250.6,885.0,1240.5,4484.9,1894.3,937.8
,,,,,,,,5018,989.9,1226.3,4161.3,1468.8,1897.2,1902.9,1186.4,854.3,1173.8,4297.5,1767.4,887.8
,,,,,,,,5019,924.6,1164.4,3976.1,1405.9,1812.2,1815.8,1092.5,803.6,1095.9,4057.5,1653.2,829.2
,,,,,,,,5020,918.8,1141.5,3859.8,1382.4,1801.2,1807.9,1091.7,793.1,1094.8,3907.6,1627.5,834.1
,,,,,,,,5021,945.6,1195.4,4105.6,1438.7,1869.2,1881.9,1146.3,820.1,1139.7,4079.3,1724.1,866.2
,,,,,,,,5022,1043.7,1303.7,4469.2,1557.8,2030.9,2031.3,1230.0,891.3,1230.3,4530.5,1895.6,933.0
,,,,,,,,5023,1157.1,1447.2,4927.0,1764.9,2286.5,2264.5,1365.5,1007.4,1391.1,4995.1,2114.3,1029.7
,,,,,,,,5024,1257.4,1580.3,5340.0,1909.0,2422.6,2419.0,1470.8,1075.1,1486.4,5416.8,2279.4,1129.5
,,,,,,,,5025,1298.7,1626.6,5582.2,1927.9,2524.5,2560.9,1530.4,1091.8,1538.0,5653.9,2353.9,1147.8
,,,,,,,,5026,1285.1,1618.4,5438.8,1945.6,2467.9,2509.1,1539.6,1101.9,1518.2,5481.2,2318.4,1154.3
,,,,,,,,5027,1221.5,1536.6,5244.5,1824.1,2383.1,2396.3,1450.4,1036.6,1448.3,5361.2,2193.6,1091.5
,,,,,,,,5028,1164.7,1478.8,4995.2,1778.1,2282.1,2256.5,1382.6,1003.9,1378.4,5141.8,2133.2,1039.4
,,,,,,,,5029,1126.1,1415.1,4892.3,1730.6,2199.0,2213.1,1364.4,971.6,1345.2,4889.9,2063.6,1014.4
,,,,,,,,5030,1148.9,1402.8,4815.5,1707.7,2213.8,2196.2,1354.9,969.1,1355.5,4855.0,2027.4,1014.7
,,,,,,,,5031,1159.3,1453.5,4910.5,1712.7,2231.8,2236.9,1390.4,1001.1,1362.8,5001.1,2066.2,1054.5
,,,,,,,,5032,1193.5,1502.4,5101.5,1822.6,2334.2,2341.1,1418.4,1020.8,1440.0,5135.2,2160.6,1066.7
,,,,,,,,5033,1252.5,1599.2,5412.6,1919.8,2464.9,2472.9,1512.4,1099.3,1508.4,5521.6,2251.4,1126.5
,,,,,,,,5034,1335.3,1652.0,5570.9,1999.2,2608.9,2555.2,1561.5,1133.9,1573.4,5802.8,2390.4,1191.6
,,,,,,,,5035,1329.0,1689.5,5743.2,2009.8,2604.7,2617.9,1607.1,1146.2,1623.3,5822.9,2405.4,1212.1
,,,,,,,,5036,1343.9,1670.2,5569.5,2001.1,2619.9,2572.3,1556.9,1126.5,1553.8,5707.7,2402.3,1198.5
,,,,,,,,5037,1257.5,1605.1,5458.9,1918.5,2467.1,2455.0,1501.2,1080.0,1523.4,5481.7,2313.4,1135.7
,,,,,,,,5038,1210.6,1510.6,5131.5,1817.9,2380.1,2359.4,1440.5,1025.4,1423.4,5281.4,2155.3,1073.6
,,,,,,,,5039,1139.4,1430.6,4940.4,1747.7,2221.9,2269.0,1372.2,996.2,1378.5,4999.9,2055.6,1047.8
,,,,,,,,5040,1118.1,1425.9,4776.9,1680.0,2169.9,2218.0,1354.9,963.5,1331.0,4845.0,2017.6,1015.4
,,,,,,,,5041,1096.6,1383.4,4726.4,1671.0,2160.7,2170.4,1321.9,940.5,1322.6,4741.2,1969.4,1009.3
,,,,,,,,5042,1060.6,1323.1,4429.8,1576.0,2030.8,2069.1,1261.5,892.6,1235.5,4508.0,1895.2,934.0
,,,,,,,,5043,993.9,1231.7,4178.2,1494.5,1944.5,1920.6,1186.3,860.1,1174.2,4300.1,1777.1,896.4
,,,,,,,,5044,985.4,1233.5,4105.5,1473.1,1919.1,1894.1,1148.7,840.4,1162.4,4244.0,1756.8,872.8
,,,,,,,,5045,1014.5,1272.0,4289.6,1543.6,1962.2,2010.9,1200.3,861.8,1217.1,4441.0,1809.1,924.0
,,,,,,,,5046,1108.0,1385.8,4815.7,1661.0,2202.5,2157.1,1318.4,947.8,1311.5,4776.0,2025.2,998.1
,,,,,,,,5047,1237.2,1560.7,5308.0,1874.7,2403.1,2424.9,1482.7,1059.8,1451.9,5430.8,2234.0,1118.6
,,,,,,,,5048,1318.7,1678.5,5676.7,2008.4,2597.5,2575.1,1580.0,1142.7,1590.2,5704.0,2432.4,1184.8
,,,,,,,,5049,1394.5,1708.9,5930.9,2098.2,2692.5,2682.6,1641.6,1171.3,1638.1,6040.6,2462.5,1248.6
,,,,,,,,5050,1381.3,1728.7,5734.8,2022.9,2655.5,2639.8,1623.1,1164.8,1632.2,5860.0,2426.7,1208.2
,,,,,,,,5051,1292.5,1635.6,5499.4,1955.0,2532.5,2527.0,1556.8,1107.7,1557.3,5585.7,2381.3,1156.5
,,,,,,,,5052,1245.2,1552.1,5376.3,1865.4,2421.1,2444.4,1497.0,1056.8,1494.1,5330.3,2212.5,1113.8
,,,,,,,,5053,1221.4,1520.1,5147.2,1816.7,2394.0,2385.1,1460.5,1028.7,1454.6,5201.4,2174.2,1078.1
,,,,,,,,5054,1209.2,1516.4,5085.3,1801.5,2334.0,2326.4,1452.8,1040.9,1448.0,5287.3,2184.3,1072.4
,,,,,,,,5055,1238.4,1524.4,5184.3,1829.8,2404.1,2401.5,1483.1,1052.7,1484.5,5413.5,2237.6,1119.3
,,,,,,,,5056,1269.8,1619.0,5415.7,1919.0,2523.9,2467.0,1530.5,1086.4,1534.0,5551.7,2336.0,1161.1
,,,,,,,,5057,1346.0,1675.0,5668.2,2033.7,2666.1,2610.2,1588.4,1145.0,1604.8,5884.1,2428.1,1228.3
,,,,,,,,5058,1416.9,1767.9,5984.5,2153.0,2724.8,2715.0,1666.9,1222.4,1688.9,6075.6,2570.1,1263.7
,,,,,,,,5059,1436.7,1811.6,6091.0,2161.6,2817.4,2843.1,1706.4,1224.7,1725.7,6162.8,2552.3,1292.8
,,,,,,,,5060,1419.7,1747.6,6027.4,2108.7,2780.8,2727.6,1669.9,1206.0,1657.9,6109.0,2541.8,1287.1
,,,,,,,,5061,1341.1,1699.0,5828.4,2025.0,2670.3,2655.1,1607.5,1174.0,1617.7,5879.6,2417.7,1214.9
,,,,,,,,5062,1302.3,1612.6,5486.6,1904.0,2512.4,2468.5,1531.1,1110.3,1540.7,5543.0,2319.3,1142.0
,,,,,,,,5063,1236.6,1535.1,5182.7,1831.9,2416.6,2416.6,1466.9,1059.3,1473.9,5328.2,2196.8,1104.2
,,,,,,,,5064,1182.7,1503.1,5032.8,1824.0,2364.9,2346.9,1429.6,1016.0,1419.4,5233.2,2185.3,1070.9
,,,,,,,,5065,1110.9,1402.3,4706.5,1647.9,2195.4,2138.9,1319.1,944.6,1312.8,4877.9,2014.4,998.8
,,,,,,,,5066,1043.2,1305.5,4535.4,1592.6,2029.6,2029.0,1268.6,902.8,1244.3,4561.4,1871.4,934.3
,,,,,,,,5067,1002.0,1254.4,4240.9,1503.4,1969.3,1914.5,1190.5,854.7,1177.9,4258.0,1778.0,896.0
,,,,,,,,5068,983.3,1231.2,4166.6,1455.6,1899.9,1918.8,1175.1,841.3,1176.5,4225.3,1770.9,885.1
,,,,,,,,5069,1033.8,1287.5,4415.0,1545.9,1981.6,1995.0,1223.9,875.3,1220.0,4420.1,1844.4,923.8
,,,,,,,,5070,1114.9,1388.2,4827.8,1667.1,2208.3,2156.2,1334.8,969.4,1336.1,4853.7,1986.5,1014.3
,,,,,,,,5071,1253.3,1573.8,5329.5,1849.6,2452.5,2391.8,1464.1,1072.2,1492.2,5377.5,2215.8,1102.8
,,,,,,,,5072,1342.6,1668.0,5669.2,2032.9,2621.3,2626.1,1598.8,1133.4,1601.2,5852.4,2414.6,1189.5
,,,,,,,,5073,1398.0,1750.6,5843.8,2067.2,2688.4,2671.3,1668.1,1190.3,1637.7,5934.6,2481.9,1230.7
,,,,,,,,5074,1348.7,1718.8,5748.0,2059.7,2639.6,2685.8,1641.0,1157.9,1608.2,5872.1,2461.9,1227.3
,,,,,,,,5075,1319.6,1654.2,5508.0,1983.1,2555.3,2583.9,1566.9,1129.5,1559.3,5647.5,2347.6,1159.7
,,,,,,,,5076,1263.9,1579.8,5334.4,1893.1,2426.1,2471.5,1508.3,1085.2,1483.5,5384.4,2217.3,1114.3
,,,,,,,,5077,1232.2,1518.8,5244.4,1816.5,2346.3,2396.0,1431.6,1047.8,1455.1,5319.2,2163.7,1088.4
,,,,,,,,5078,1208.9,1502.2,5165.1,1821.8,2348.8,2365.6,1450.7,1032.5,1422.4,5235.8,2152.2,1098.2
,,,,,,,,5079,1223.1,1543.4,5206.8,1855.5,2401.4,2380.2,1457.8,1060.5,1453.4,5422.4,2248.8,1113.3
,,,,,,,,5080,1281.8,1609.5,5556.2,1931.9,2532.0,2515.3,1537.9,1097.2,1533.5,5605.3,2289.2,1149.4
,,,,,,,,5081,1352.2,1710.3,5740.0,2062.1,2637.8,2652.4,1608.3,1178.3,1597.9,5803.0,2447.3,1229.9
,,,,,,,,5082,1401.4,1757.6,6037.5,2152.2,2727.4,2800.4,1672.0,1229.4,1703.1,6217.0,2511.4,1263.2
,,,,,,,,5083,1431.9,1828.5,6112.9,2153.4,2804.3,2839.1,1725.9,1247.5,1717.4,6186.4,2598.2,1293.9
,,,,,,,,5084,1416.6,1750.3,6058.7,2116.4,2768.7,2772.8,1665.4,1203.0,1694.9,6161.2,2507.3,1287.5
,,,,,,,,5085,1369.0,1699.2,5835.8,2014.2,2668.9,2651.6,1605.9,1145.3,1613.1,5863.0,2456.0,1217.1
,,,,,,,,5086,1284.6,1633.8,5529.5,1947.7,2533.4,2483.0,1537.3,1113.1,1526.7,5621.6,2307.1,1147.8
,,,,,,,,5087,1235.2,1553.5,5289.1,1877.1,2418.5,2426.8,1464.4,1052.4,1475.7,5300.6,2231.5,1102.6
,,,,,,,,5088,1188.2,1483.4,5099.8,1816.9,2368.4,2312.3,1446.6,1024.1,1412.1,5188.8,2171.1,1087.5
,,,,,,,,5089,1113.6,1378.8,4713.8,1694.8,2192.9,2206.7,1340.5,967.4,1315.6,4813.6,1999.4,990.4
,,,,,,,,5090,1068.9,1338.0,4430.0,1562.6,2065.3,2091.5,1255.8,903.2,1255.4,4552.4,1916.2,935.4
,,,,,,,,5091,989.9,1251.6,4263.6,1488.1,1948.6,1941.2,1204.9,861.5,1204.0,4312.3,1810.6,891.4
,,,,,,,,5092,968.0,1229.3,4138.4,1477.6,1927.6,1898.6,1160.3,841.8,1168.6,4209.5,1754.8,880.7
,,,,,,,,5093,1025.2,1287.0,4417.4,1553.7,2010.4,1992.4,1221.3,889.2,1218.9,4441.9,1849.5,917.3
,,,,,,,,5094,1128.1,1405.7,4781.4,1676.8,2207.9,2162.0,1356.6,959.5,1326.8,4879.8,2006.6,1021.8
,,,,,,,,5095,1233.7,1539.5,5222.4,1872.6,2425.5,2450.4,1464.6,1051.0,1464.7,5450.9,2250.5,1120.7
,,,,,,,,5096,1327.3,1663.8,5676.0,2030.9,2658.5,2654.6,1588.7,1142.3,1607.3,5882.7,2412.7,1200.0
,,,,,,,,5097,1371.5,1756.5,5955.5,2084.6,2735.4,2692.7,1656.4,1204.7,1666.5,5994.6,2497.9,1229.9
,,,,,,,,5098,1351.7,1719.6,5868.9,2051.1,2674.4,2647.3,1622.5,1169.3,1630.2,6026.2,2441.9,1219.9
,,,,,,,,5099,1297.3,1649.5,5618.0,1952.0,2557.0,2556.7,1540.7,1112.2,1581.6,5710.6,2322.9,1183.7
,,,,,,,,5100,1261.9,1582.1,5420.9,1860.0,2425.5,2451.2,1488.1,1061.4,1499.5,5368.5,2230.7,1108.6
,,,,,,,,5101,1217.9,1505.8,5256.5,1842.2,2400.6,2387.0,1469.7,1032.1,1431.3,5277.3,2153.4,1107.8
,,,,,,,,5102,1220.1,1543.4,5157.6,1801.1,2375.5,2398.6,1454.2,1029.4,1458.9,5193.6,2194.6,1095.2
,,,,,,,,5103,1238.8,1547.5,5327.6,1856.7,2425.5,2442.5,1465.8,1066.7,1486.3,5356.2,2209.7,1095.6
,,,,,,,,5104,1299.7,1625.5,5485.2,1946.7,2549.2,2489.8,1525.3,1119.7,1551.3,5674.0,2294.6,1170.5
,,,,,,,,5105,1344.7,1725.8,5804.9,2044.3,2638.9,2640.5,1605.5,1168.5,1624.5,5885.5,2439.9,1205.9
,,,,,,,,5106,1401.3,1768.7,6034.9,2152.5,2756.0,2791.1,1708.1,1208.0,1684.1,6176.4,2528.2,1289.1
,,,,,,,,5107,1464.9,1793.0,6122.5,2174.3,2842.4,2854.1,1721.1,1243.7,1744.8,6169.6,2595.0,1306.1
,,,,,,,,5108,1418.5,1799.2,5981.0,2154.8,2812.9,2783.5,1690.6,1203.5,1691.9,6119.1,2542.2,1269.1
,,,,,,,,5109,1359.4,1724.8,5811.5,2044.6,2642.6,2657.0,1636.8,1175.9,1640.5,5933.1,2400.2,1230.9
,,,,,,,,5110,1297.6,1632.3,5548.4,1920.2,2495.8,2481.9,1517.1,1106.6,1526.0,5635.6,2287.5,1146.8
,,,,,,,,5111,1235.8,1568.7,5331.6,1859.8,2424.2,2428.1,1475.5,1048.3,1452.5,5309.7,2183.9,1115.3
,,,,,,,,5112,1208.5,1499.2,5087.2,1829.8,2339.9,2341.8,1417.5,1028.6,1443.4,5267.8,2184.1,1077.5
,,,,,,,,5113,1132.5,1404.9,4822.4,1664.9,2194.0,2168.4,1318.6,951.0,1327.8,4883.6,2021.3,998.2
,,,,,,,,5114,1073.7,1343.1,4566.1,1578.6,2088.4,2081.5,1259.0,918.7,1259.8,4575.9,1880.4,954.5
,,,,,,,,5115,1014.9,1259.2,4226.6,1514.1,1969.2,1944.7,1179.3,871.2,1204.6,4354.4,1780.5,898.6
,,,,,,,,5116,975.4,1245.3,4191.2,1482.0,1948.5,1914.9,1178.2,831.9,1181.1,4312.3,1773.2,879.5
,,,,,,,,5117,1038.5,1277.2,4408.6,1554.7,2031.8,2010.0,1224.3,871.0,1219.6,4432.3,1817.3,922.4
,,,,,,,,5118,1143.1,1420.1,4821.7,1691.2,2188.1,2188.9,1324.3,960.1,1342.1,4867.1,2024.9,1020.9
,,,,,,,,5119,1249.5,1573.9,5365.2,1866.3,2444.3,2466.6,1481.0,1061.6,1472.8,5443.6,2260.7,1104.8
,,,,,,,,5120,1356.4,1672.1,5819.1,2046.3,2615.3,2635.6,1593.5,1166.8,1617.8,5850.2,2374.6,1220.7
,,,,,,,,5121,1390.8,1754.3,6008.6,2064.2,2749.6,2716.8,1682.0,1202.9,1679.4,6100.3,2525.1,1250.1
,,,,,,,,5122,1378.1,1699.2,5796.1,2043.2,2667.1,2672.8,1625.2,1188.7,1652.5,5922.3,2446.9,1235.6
,,,,,,,,5123,1313.6,1644.3,5636.9,1993.0,2573.7,2561.4,1585.2,1122.6,1573.2,5662.2,2349.3,1182.5
,,,,,,,,5124,1257.3,1596.5,5311.3,1915.6,2486.1,2430.9,1477.3,1091.3,1510.0,5452.6,2240.1,1124.8
,,,,,,,,5125,1219.8,1537.5,5209.8,1849.0,2392.9,2396.8,1457.6,1044.1,1476.8,5377.0,2206.7,1108.4
,,,,,,,,5126,1219.2,1511.2,5141.6,1842.0,2373.6,2346.2,1453.5,1029.9,1441.0,5254.1,2180.5,1090.1
,,,,,,,,5127,1229.5,1552.7,5223.8,1884.4,2425.8,2415.3,1499.0,1050.9,1486.4,5381.1,2215.5,1102.3
,,,,,,,,5128,1303.4,1639.8,5434.6,1919.0,2499.2,2534.4,1535.8,1124.4,1549.7,5658.6,2306.7,1148.0
,,,,,,,,5129,1365.0,1699.9,5794.3,2067.3,2626.5,2628.3,1633.4,1172.5,1645.9,5932.7,2421.5,1223.3
,,,,,,,,5130,1445.2,1782.3,5992.8,2165.0,2763.0,2793.1,1710.3,1206.6,1688.5,6127.8,2532.4,1290.1
,,,,,,,,5131,1470.2,1816.4,6207.7,2198.3,2799.3,2831.4,1732.3,1235.4,1748.4,6316.6,2559.4,1293.9
,,,,,,,,5132,1406.5,1783.0,5994.0,2149.3,2790.9,2794.8,1683.2,1227.8,1684.1,6093.8,2577.4,1273.3
,,,,,,,,5133,1348.4,1704.5,5836.2,2043.5,2622.9,2691.7,1633.3,1159.6,1641.3,5971.9,2443.7,1232.5
,,,,,,,,5134,1305.5,1596.7,5584.5,1936.3,2502.0,2517.5,1522.6,1117.4,1526.4,5633.5,2316.2,1163.0
,,,,,,,,5135,1244.6,1549.9,5223.0,1888.1,2413.2,2424.4,1480.4,1069.4,1456.3,5375.5,2215.7,1108.0
,,,,,,,,5136,1204.1,1534.5,5153.8,1812.5,2366.5,2346.4,1456.6,1045.5,1442.9,5280.4,2190.9,1068.2
,,,,,,,,5137,1139.4,1412.7,4830.9,1689.4,2224.5,2207.5,1343.5,953.0,1352.8,4920.7,1995.4,1007.1
,,,,,,,,5138,1049.8,1347.1,4484.9,1608.1,2087.9,2090.3,1266.0,919.6,1248.4,4540.7,1900.0,957.7
,,,,,,,,5139,1015.4,1259.0,4233.5,1504.1,1984.9,1984.9,1196.4,874.9,1200.2,4418.5,1808.6,901.3
,,,,,,,,5140,982.0,1249.7,4228.8,1472.1,1924.5,1918.5,1162.1,854.8,1190.4,4284.4,1759.1,872.8
,,,,,,,,5141,1023.3,1305.7,4358.3,1557.5,2004.6,2028.5,1223.9,881.4,1231.9,4431.5,1848.5,916.2
,,,,,,,,5142,1139.9,1432.3,4773.2,1700.7,2219.6,2203.8,1364.1,962.6,1346.3,4867.7,2003.2,1009.6
,,,,,,,,5143,1252.3,1569.2,5271.3,1880.2,2478.9,2479.1,1471.5,1084.4,1497.2,5457.6,2241.3,1107.2
,,,,,,,,5144,1352.1,1689.1,5726.1,2054.1,2608.2,2648.8,1605.8,1165.5,1624.2,5836.8,2420.5,1192.2
,,,,,,,,5145,1408.1,1755.5,5866.6,2103.8,2756.2,2720.6,1658.7,1182.8,1682.0,6024.5,2501.3,1237.8
,,,,,,,,5146,1375.6,1725.8,5935.5,2079.7,2711.0,2687.0,1665.2,1198.2,1639.2,6046.7,2487.2,1237.0
,,,,,,,,5147,1333.0,1637.2,5559.8,1972.4,2559.1,2545.4,1572.5,1119.6,1577.3,5811.0,2342.4,1170.8
,,,,,,,,5148,1282.2,1594.0,5438.5,1911.3,2490.7,2479.1,1507.2,1095.1,1506.7,5397.8,2232.6,1141.3
,,,,,,,,5149,1233.9,1544.5,5149.1,1828.5,2378.0,2408.6,1482.9,1065.9,1483.1,5346.2,2192.6,1106.5
,,,,,,,,5150,1227.0,1535.5,5269.6,1827.4,2368.8,2354.4,1438.1,1060.2,1462.7,5308.0,2206.7,1103.6
,,,,,,,,5151,1246.1,1538.6,5262.3,1876.5,2444.8,2449.7,1503.9,1063.8,1480.1,5384.6,2195.9,1110.9
,,,,,,,,5152,1311.8,1643.0,5463.8,1934.7,2569.5,2531.6,1563.2,1115.2,1555.6,5634.9,2312.0,1143.5
,,,,,,,,5153,1382.5,1714.9,5750.3,2026.1,2685.3,2675.2,1632.5,1162.3,1640.0,5897.0,2464.0,1229.3
,,,,,,,,5154,1433.6,1787.3,6031.7,2117.0,2756.3,2778.7,1722.8,1216.1,1724.1,6269.8,2535.6,1271.8
,,,,,,,,5155,1457.3,1795.4,6222.0,2181.4,2870.7,2864.3,1751.9,1265.1,1752.0,6308.3,2578.0,1297.9
,,,,,,,,5156,1428.7,1812.1,6079.6,2144.2,2809.8,2804.4,1710.9,1213.6,1684.1,6157.9,2571.1,1279.7
,,,,,,,,5157,1378.1,1704.2,5878.3,2072.8,2696.5,2689.3,1641.1,1180.8,1646.3,5874.9,2420.0,1236.1
,,,,,,,,5158,1300.4,1615.9,5517.5,1953.4,2518.7,2569.1,1551.6,1102.7,1548.0,5597.9,2325.4,1166.9
,,,,,,,,5159,1258.3,1580.8,5298.9,1886.9,2414.9,2458.8,1491.8,1055.3,1466.9,5429.0,2237.9,1119.2
,,,,,,,,5160,1228.3,1522.2,5088.8,1836.1,2374.9,2394.6,1430.2,1039.5,1430.8,5325.2,2183.1,1096.7
,,,,,,,,5161,1059.6,1327.3,4559.7,1590.2,2078.2,2098.7,1279.2,916.6,1272.9,4617.6,1912.1,936.1
,,,,,,,,5162,1016.4,1236.9,4317.1,1517.2,1933.6,1957.1,1199.4,849.6,1194.5,4355.4,1804.4,902.3
,,,,,,,,5163,951.8,1187.3,4059.7,1407.5,1872.3,1846.8,1144.0,820.4,1129.1,4142.3,1708.6,838.8
,,,,,,,,5164,930.2,1176.4,3913.0,1417.0,1805.1,1836.3,1103.9,798.3,1103.3,4066.2,1663.9,836.8
,,,,,,,,5165,984.7,1204.4,4142.9,1483.6,1890.5,1915.2,1170.1,832.9,1168.9,4242.6,1741.6,867.2
,,,,,,,,5166,1077.5,1353.0,4564.0,1617.1,2082.4,2088.8,1268.3,913.7,1284.4,4562.8,1884.1,958.7
,,,,,,,,5167,1181.3,1492.8,5039.3,1775.6,2275.1,2329.2,1399.9,1012.4,1410.6,5103.7,2086.8,1064.7
,,,,,,,,5168,1288.1,1597.5,5392.4,1927.1,2457.0,2482.1,1523.2,1084.5,1541.7,5516.7,2245.4,1127.6
,,,,,,,,5169,1302.3,1631.0,5617.8,1978.3,2589.2,2582.5,1572.7,1137.0,1562.2,5754.6,2369.9,1180.0
,,,,,,,,5170,1287.5,1604.6,5491.9,1950.3,2506.8,2512.3,1527.5,1130.4,1567.0,5689.0,2339.2,1163.6
,,,,,,,,5171,1236.1,1578.2,5343.9,1872.5,2429.1,2464.6,1505.7,1055.5,1499.7,5418.0,2206.9,1102.0
,,,,,,,,5172,1207.4,1495.4,5082.0,1769.6,2323.7,2350.2,1429.2,1037.2,1406.2,5185.3,2145.7,1077.2
,,,,,,,,5173,1171.9,1447.1,4936.3,1740.4,2252.4,2243.7,1379.1,994.9,1363.3,4992.3,2072.0,1029.2
,,,,,,,,5174,1166.8,1462.6,4845.2,1749.0,2257.0,2288.4,1394.9,997.4,1356.1,5030.9,2030.6,1021.2
,,,,,,,,5175,1164.3,1469.6,5030.5,1745.1,2275.6,2276.1,1397.8,1000.6,1412.7,5148.5,2086.9,1056.8
,,,,,,,,5176,1215.8,1547.4,5252.0,1814.4,2415.6,2429.3,1481.8,1064.1,1458.5,5389.0,2195.1,1106.8
,,,,,,,,5177,1296.3,1624.0,5424.4,1933.8,2499.8,2495.2,1539.2,1118.9,1526.6,5514.3,2296.5,1141.0
,,,,,,,,5178,1333.1,1683.3,5785.8,2027.7,2656.2,2650.2,1616.9,1151.3,1605.2,5918.8,2375.3,1210.7
,,,,,,,,5179,1371.2,1721.4,5804.3,2062.4,2652.1,2686.2,1653.1,1172.9,1614.5,5899.6,2478.2,1224.1
,,,,,,,,5180,1345.3,1674.2,5769.3,2047.8,2636.9,2609.5,1597.9,1164.6,1616.2,5896.9,2429.5,1219.2
,,,,,,,,5181,1300.1,1599.1,5441.4,1926.7,2501.7,2507.0,1525.0,1102.3,1550.3,5605.4,2305.1,1166.6
,,,,,,,,5182,1213.0,1520.5,5242.0,1849.2,2381.6,2376.8,1479.1,1040.1,1449.5,5368.6,2165.6,1091.1
,,,,,,,,5183,1191.1,1463.8,4935.8,1755.3,2307.9,2280.6,1388.0,997.4,1387.0,5046.6,2099.3,1037.7
,,,,,,,,5184,1158.2,1425.7,4845.6,1712.0,2241.9,2268.8,1365.9,978.6,1371.6,4904.9,2062.3,1030.9
,,,,,,,,5185,1071.6,1331.8,4467.3,1579.5,2100.9,2067.2,1257.0,904.1,1263.8,4591.4,1914.6,935.8
,,,,,,,,5186,1002.8,1249.0,4325.4,1504.9,1986.9,1975.5,1211.5,868.1,1189.9,4422.5,1772.3,886.3
,,,,,,,,5187,948.0,1196.5,4031.4,1441.0,1881.3,1867.4,1120.7,805.6,1137.7,4147.0,1697.2,842.3
,,,,,,,,5188,923.7,1180.4,3948.2,1400.1,1853.7,1843.0,1112.5,796.5,1097.6,4042.7,1646.8,822.9
,,,,,,,,5189,977.3,1219.8,4171.5,1456.6,1937.7,1886.8,1148.2,833.9,1164.3,4242.8,1740.0,861.7
,,,,,,,,5190,1073.8,1359.0,4532.5,1598.6,2077.7,2123.3,1274.8,925.2,1288.1,4658.9,1884.5,942.8
,,,,,,,,5191,1173.2,1468.8,5102.0,1766.9,2292.4,2324.8,1402.9,1005.9,1410.5,5090.5,2139.1,1039.7
,,,,,,,,5192,1280.7,1616.4,5406.6,1900.9,2483.1,2473.7,1533.0,1099.6,1532.6,5637.3,2306.9,1127.3
,,,,,,,,5193,1328.3,1675.7,5679.6,1963.7,2565.3,2558.8,1590.3,1145.5,1587.2,5683.0,2326.5,1173.2
,,,,,,,,5194,1317.2,1617.4,5624.6,1942.9,2536.8,2520.6,1539.7,1137.1,1542.4,5727.9,2304.3,1164.1
,,,,,,,,5195,1264.0,1554.6,5270.7,1905.4,2473.3,2447.3,1505.0,1060.6,1496.2,5471.3,2258.6,1122.5
,,,,,,,,5196,1188.7,1515.6,5135.5,1778.9,2372.8,2360.0,1431.7,1016.1,1417.3,5197.2,2130.3,1078.0
,,,,,,,,5197,1151.2,1436.8,4997.8,1760.0,2253.5,2275.4,1406.2,1011.2,1383.1,5035.6,2038.7,1039.1
,,,,,,,,5198,1142.8,1437.9,4955.2,1731.6,2271.0,2274.1,1370.2,996.6,1374.6,5079.6,2060.2,1035.7
,,,,,,,,5199,1175.3,1489.2,5025.4,1755.3,2291.3,2341.8,1401.7,1005.7,1409.5,5116.1,2116.3,1064.6
,,,,,,,,5200,1240.0,1552.2,5240.5,1842.3,2423.4,2420.4,1482.7,1071.3,1448.9,5370.3,2166.1,1103.1
,,,,,,,,5201,1310.2,1642.9,5457.0,1952.1,2547.0,2513.8,1530.5,1113.5,1532.0,5590.0,2285.8,1144.9
,,,,,,,,5202,1362.6,1700.2,5733.7,2040.2,2608.1,2660.3,1606.6,1176.0,1620.5,5806.5,2412.5,1213.5
,,,,,,,,5203,1396.1,1745.3,5928.9,2088.8,2729.6,2676.5,1618.4,1197.6,1663.4,6016.4,2434.0,1207.5
,,,,,,,,5204,1353.0,1691.0,5827.1,2020.9,2666.2,2627.2,1637.7,1159.6,1624.9,5940.6,2413.4,1193.5
,,,,,,,,5205,1315.2,1610.4,5437.6,1932.9,2560.3,2528.7,1566.4,1122.4,1534.9,5631.3,2290.5,1163.0
,,,,,,,,5206,1234.3,1521.7,5208.4,1835.1,2370.4,2390.1,1465.5,1046.6,1482.1,5410.0,2172.0,1099.6
,,,,,,,,5207,1184.7,1493.5,4992.4,1760.6,2277.2,2296.1,1412.8,1015.9,1425.1,5159.8,2115.1,1052.4
,,,,,,,,5208,1133.8,1439.7,4863.4,1729.0,2238.7,2264.5,1363.6,999.1,1370.1,5014.4,2053.1,1034.5
,,,,,,,,5209,1129.0,1429.0,4762.8,1716.4,2225.7,2237.1,1350.3,974.6,1349.2,4857.0,2006.3,1001.3
,,,,,,,,5210,1080.5,1348.3,4508.7,1632.9,2085.5,2121.6,1271.2,912.8,1275.5,4610.4,1923.5,942.1
,,,,,,,,5211,1017.7,1290.2,4351.1,1529.6,1976.6,1982.7,1212.0,867.6,1213.2,4462.5,1793.0,897.3
,,,,,,,,5212,995.7,1250.8,4287.0,1481.1,1969.0,1976.3,1194.9,862.0,1199.7,4298.1,1778.0,875.0
,,,,,,,,5213,1029.9,1294.5,4494.6,1551.8,2022.5,2069.0,1249.3,894.9,1250.6,4511.6,1867.4,938.9
,,,,,,,,5214,1141.7,1412.3,4933.0,1726.3,2265.6,2227.6,1346.5,996.1,1374.8,5004.2,2051.1,1013.9
,,,,,,,,5215,1250.4,1578.5,5322.2,1899.7,2502.8,2452.9,1491.4,1097.5,1516.6,5490.6,2240.8,1139.1
,,,,,,,,5216,1369.5,1735.0,5846.0,2058.8,2702.0,2713.1,1654.8,1182.2,1626.6,6009.9,2458.5,1202.5
,,,,,,,,5217,1407.0,1754.9,6005.4,2138.3,2742.7,2768.0,1664.0,1230.1,1661.5,6212.1,2475.7,1248.4
,,,,,,,,5218,1409.2,1722.0,5961.1,2114.4,2731.0,2752.1,1667.4,1207.9,1644.5,5974.9,2455.4,1242.3
,,,,,,,,5219,1344.4,1663.8,5725.9,2022.2,2579.9,2608.7,1612.5,1144.5,1605.4,5764.9,2368.5,1199.8
,,,,,,,,5220,1295.0,1601.7,5452.5,1914.3,2511.6,2532.2,1539.5,1112.1,1509.0,5573.2,2299.1,1150.5
,,,,,,,,5221,1246.0,1563.4,5250.9,1862.2,2440.1,2425.9,1470.5,1058.4,1480.5,5324.5,2232.7,1111.7
,,,,,,,,5222,1221.3,1562.3,5240.4,1850.5,2422.4,2408.9,1455.7,1064.4,1490.9,5311.4,2168.7,1081.3
,,,,,,,,5223,1245.6,1555.8,5416.6,1893.9,2445.0,2464.1,1508.2,1095.4,1515.8,5537.5,2211.9,1105.6
,,,,,,,,5224,1321.8,1637.7,5667.7,1954.5,2589.5,2537.5,1579.9,1125.2,1573.9,5685.5,2355.5,1181.0
,,,,,,,,5225,1374.4,1748.8,5808.5,2055.6,2694.1,2735.8,1632.9,1203.2,1652.2,6088.0,2437.4,1209.5
,,,,,,,,5226,1427.4,1834.1,6167.4,2182.4,2847.5,2787.7,1740.1,1234.2,1706.4,6329.5,2565.7,1281.8
,,,,,,,,5227,1479.3,1823.7,6246.4,2221.8,2852.6,2898.4,1752.1,1259.6,1765.7,6350.4,2599.5,1321.7
,,,,,,,,5228,1442.5,1831.5,6125.4,2183.6,2857.4,2824.0,1706.6,1237.6,1724.0,6262.0,2559.1,1266.3
,,,,,,,,5229,1367.6,1750.4,5813.7,2096.6,2691.7,2665.7,1626.7,1176.5,1668.9,5976.9,2463.6,1213.4
,,,,,,,,5230,1323.7,1639.2,5565.2,1972.8,2544.3,2591.3,1554.1,1118.8,1554.1,5742.7,2351.2,1159.5
,,,,,,,,5231,1268.2,1561.9,5304.0,1873.9,2428.7,2487.9,1500.5,1091.2,1503.5,5386.9,2204.4,1127.9
,,,,,,,,5232,1238.1,1514.0,5161.6,1853.6,2379.2,2375.7,1465.5,1046.9,1444.3,5275.2,2164.5,1077.5
,,,,,,,,5233,1141.7,1437.3,4780.4,1689.4,2199.6,2248.8,1368.6,989.3,1344.1,4999.5,2027.4,996.7
,,,,,,,,5234,1081.1,1365.0,4579.6,1608.5,2113.6,2115.7,1296.1,923.0,1288.9,4711.8,1925.1,964.1
,,,,,,,,5235,1017.1,1258.2,4399.0,1530.8,1995.1,2026.1,1206.9,878.9,1222.0,4492.3,1790.7,904.4
,,,,,,,,5236,993.9,1237.1,4260.9,1521.6,1970.4,1990.3,1204.1,856.0,1208.1,4332.5,1796.8,897.1
,,,,,,,,5237,1051.5,1319.5,4476.3,1586.8,2080.1,2033.4,1265.1,894.6,1248.9,4554.4,1838.6,918.1
,,,,,,,,5238,1167.2,1430.9,4870.8,1745.5,2274.9,2272.7,1361.2,974.3,1370.0,4985.1,2056.4,1015.8
,,,,,,,,5239,1290.8,1568.5,5427.6,1905.5,2518.7,2480.4,1528.6,1088.6,1518.6,5573.3,2284.2,1121.5
,,,,,,,,5240,1385.9,1704.6,5858.6,2076.0,2686.1,2716.9,1650.2,1171.8,1638.3,6020.2,2448.4,1220.7
,,,,,,,,5241,1402.8,1753.7,6021.2,2119.2,2768.1,2808.2,1671.9,1220.4,1677.2,6125.9,2485.1,1261.9
,,,,,,,,5242,1385.7,1743.1,5889.6,2085.1,2733.6,2725.2,1673.1,1214.9,1678.6,6145.1,2443.4,1253.5
,,,,,,,,5243,1356.5,1702.8,5729.1,2017.2,2640.1,2624.1,1596.1,1138.7,1616.5,5836.9,2367.9,1181.7
,,,,,,,,5244,1276.4,1607.8,5447.0,1954.6,2479.6,2491.7,1526.0,1098.1,1509.8,5521.2,2275.7,1122.6
,,,,,,,,5245,1262.9,1550.5,5319.1,1897.0,2437.1,2461.4,1502.8,1064.0,1468.8,5471.8,2208.3,1105.3
,,,,,,,,5246,1256.2,1546.1,5205.3,1850.5,2451.2,2443.3,1460.9,1067.7,1480.5,5434.0,2193.1,1087.9
,,,,,,,,5247,1282.0,1574.1,5433.0,1878.9,2509.9,2455.8,1531.2,1100.4,1499.4,5485.5,2236.4,1127.6
,,,,,,,,5248,1329.7,1637.6,5624.9,1964.0,2543.9,2602.0,1570.1,1147.6,1570.4,5749.3,2335.9,1175.1
,,,,,,,,5249,1375.8,1757.8,5868.2,2054.9,2737.3,2745.0,1664.2,1177.8,1673.3,6066.5,2462.5,1220.4
,,,,,,,,5250,1444.4,1825.1,6264.0,2187.0,2827.8,2858.2,1714.1,1253.8,1746.7,6363.7,2536.9,1278.4
,,,,,,,,5251,1462.6,1858.5,6310.1,2200.2,2897.2,2926.0,1750.4,1258.8,1752.5,6356.0,2653.6,1323.7
,,,,,,,,5252,1443.0,1804.8,6261.7,2201.5,2833.8,2832.3,1713.2,1245.5,1727.3,6275.9,2579.4,1268.6
,,,,,,,,5253,1401.6,1712.9,5892.6,2113.4,2700.0,2742.2,1655.8,1199.2,1662.1,6037.1,2486.9,1211.8
,,,,,,,,5254,1321.1,1633.2,5564.7,1999.4,2562.9,2565.4,1569.4,1134.0,1562.6,5740.7,2359.4,1160.9
,,,,,,,,5255,1282.9,1588.8,5342.2,1922.3,2453.0,2459.5,1490.8,1084.7,1525.4,5468.2,2214.4,1124.5
,,,,,,,,5256,1244.9,1540.7,5214.9,1858.0,2389.4,2415.2,1470.6,1050.0,1480.6,5378.0,2158.2,1095.4
,,,,,,,,5257,1134.9,1421.5,4937.4,1738.4,2224.0,2271.3,1383.8,980.5,1365.2,5003.2,1998.0,998.6
,,,,,,,,5258,1082.6,1353.4,4623.0,1622.0,2113.0,2144.2,1301.8,941.2,1291.2,4653.3,1933.7,947.6
,,,,,,,,5259,1014.4,1291.8,4419.6,1539.4,1996.5,2034.0,1234.1,887.3,1240.5,4512.7,1831.0,897.3
,,,,,,,,5260,1015.9,1272.9,4233.8,1490.0,1999.0,1949.3,1197.2,870.8,1195.6,4328.9,1771.7,886.7
,,,,,,,,5261,1047.9,1317.2,4413.5,1582.5,2073.8,2066.8,1260.1,914.9,1253.6,4511.1,1870.2,929.6
,,,,,,,,5262,1160.5,1443.1,4870.4,1707.3,2253.8,2248.1,1360.3,985.7,1388.1,5009.8,2037.2,1013.9
,,,,,,,,5263,1285.8,1584.1,5395.3,1903.5,2494.6,2481.5,1515.1,1100.2,1523.9,5522.0,2250.3,1141.0
,,,,,,,,5264,1391.6,1747.2,5895.0,2089.2,2683.3,2713.1,1664.1,1180.6,1662.4,5921.8,2402.5,1227.9
,,,,,,,,5265,1417.3,1793.1,6099.0,2133.7,2812.8,2777.1,1718.0,1242.8,1725.0,6170.7,2482.9,1244.8
,,,,,,,,5266,1416.4,1735.8,6043.3,2121.6,2769.5,2763.8,1657.8,1202.6,1677.6,6039.2,2459.8,1252.5
,,,,,,,,5267,1356.9,1702.7,5714.1,2010.5,2615.4,2642.8,1620.6,1148.8,1618.3,5934.1,2388.0,1193.6
,,,,,,,,5268,1302.6,1634.7,5436.9,1914.1,2503.5,2555.4,1554.0,1104.4,1518.2,5537.0,2275.1,1125.6
,,,,,,,,5269,1247.1,1555.2,5371.5,1869.8,2486.4,2442.8,1494.0,1089.4,1488.7,5458.4,2211.0,1109.3
,,,,,,,,5270,1246.8,1550.3,5284.0,1891.6,2466.4,2441.5,1473.9,1057.6,1485.0,5439.0,2202.9,1101.1
,,,,,,,,5271,1279.7,1609.0,5461.3,1899.6,2453.1,2482.5,1524.9,1104.5,1508.6,5583.7,2238.8,1138.1
,,,,,,,,5272,1319.0,1671.6,5605.8,1983.3,2629.9,2570.9,1595.8,1123.0,1562.7,5689.7,2356.9,1170.9
,,,,,,,,5273,1416.5,1760.8,6012.9,2115.9,2766.1,2723.5,1659.3,1190.0,1675.6,6129.2,2466.4,1230.3
,,,,,,,,5274,1469.1,1838.0,6249.1,2208.0,2836.3,2815.4,1741.6,1238.3,1761.4,6396.9,2577.7,1300.3
,,,,,,,,5275,1484.5,1841.6,6281.6,2214.7,2927.1,2924.7,1787.7,1280.7,1767.3,6412.5,2622.9,1322.0
,,,,,,,,5276,1462.9,1801.8,6110.1,2173.6,2887.9,2896.4,1715.4,1251.5,1731.7,6421.6,2607.1,1306.3
,,,,,,,,5277,1403.8,1750.7,5921.9,2101.4,2701.0,2723.2,1664.9,1195.9,1665.2,6121.8,2432.4,1238.6
,,,,,,,,5278,1337.9,1635.1,5584.3,1959.9,2578.0,2612.6,1584.8,1151.7,1594.0,5715.8,2305.4,1172.9
,,,,,,,,5279,1261.6,1607.7,5327.1,1888.4,2480.1,2507.4,1528.3,1090.1,1508.7,5485.7,2227.6,1123.0
,,,,,,,,5280,1248.7,1569.0,5197.3,1879.4,2417.2,2433.8,1456.7,1077.6,1457.8,5340.5,2168.6,1093.1
,,,,,,,,5281,1135.9,1459.5,4893.6,1731.5,2277.4,2221.8,1369.0,989.8,1379.2,4940.1,2035.9,1016.4
,,,,,,,,5282,1075.2,1370.7,4670.1,1611.5,2107.8,2107.5,1293.8,937.9,1282.9,4768.6,1920.8,945.4
,,,,,,,,5283,1031.1,1296.2,4403.5,1555.6,2017.5,2012.0,1239.7,881.7,1235.4,4453.9,1815.7,901.5
,,,,,,,,5284,1004.0,1246.0,4361.3,1499.0,1954.3,1974.2,1195.1,878.8,1200.3,4441.9,1756.1,884.1
,,,,,,,,5285,1058.7,1339.3,4554.0,1576.3,2076.9,2040.2,1262.5,922.2,1261.7,4616.9,1880.4,927.4
,,,,,,,,5286,1177.1,1435.8,4924.1,1751.3,2254.6,2236.4,1400.7,982.7,1372.4,4981.2,2026.7,1016.9
,,,,,,,,5287,1297.9,1607.9,5380.4,1954.0,2519.0,2540.7,1523.5,1112.0,1547.3,5595.3,2261.1,1136.8
,,,,,,,,5288,1404.1,1725.5,5928.7,2091.9,2717.9,2690.0,1657.9,1176.0,1630.7,6038.0,2444.9,1221.6
,,,,,,,,5289,1451.1,1800.8,6130.5,2140.2,2840.2,2812.8,1702.7,1226.8,1696.4,6131.4,2509.9,1246.1
,,,,,,,,5290,1433.3,1743.4,6070.4,2099.6,2788.7,2790.8,1671.7,1225.3,1709.7,6110.3,2521.6,1231.9
,,,,,,,,5291,1374.9,1678.5,5746.3,2052.7,2614.1,2662.5,1613.6,1162.4,1612.3,5936.8,2396.2,1207.9
,,,,,,,,5292,1278.9,1625.9,5508.1,1967.7,2529.6,2551.9,1550.4,1117.0,1548.0,5566.6,2271.1,1142.2
,,,,,,,,5293,1249.9,1589.0,5290.9,1888.5,2469.5,2440.0,1505.4,1073.3,1523.1,5391.8,2250.4,1108.1
,,,,,,,,5294,1239.9,1567.0,5394.6,1909.0,2482.4,2457.7,1498.4,1069.3,1500.5,5501.4,2235.9,1110.8
,,,,,,,,5295,1291.7,1621.8,5491.7,1901.5,2515.0,2536.6,1514.0,1084.3,1510.1,5590.2,2242.4,1122.6
,,,,,,,,5296,1319.7,1658.1,5595.5,2024.8,2600.3,2642.1,1572.6,1152.0,1577.1,5818.5,2375.8,1180.8
,,,,,,,,5297,1405.3,1775.6,6032.0,2108.0,2727.1,2710.0,1650.2,1212.3,1675.8,6096.4,2486.5,1221.4
,,,,,,,,5298,1450.0,1828.3,6303.9,2214.2,2834.3,2904.6,1750.4,1269.8,1747.6,6291.3,2607.0,1274.3
,,,,,,,,5299,1482.6,1841.4,6285.4,2259.8,2923.5,2887.2,1805.3,1280.9,1798.1,6389.0,2661.7,1331.0
,,,,,,,,5300,1483.4,1843.1,6310.7,2173.4,2900.2,2894.0,1745.8,1257.7,1745.3,6426.3,2543.0,1298.4
,,,,,,,,5301,1389.1,1727.1,5991.6,2118.9,2729.7,2734.8,1656.2,1200.9,1692.8,6152.6,2472.7,1226.1
,,,,,,,,5302,1312.9,1684.3,5690.5,1970.0,2582.7,2590.6,1565.7,1137.6,1607.5,5773.8,2364.2,1165.5
,,,,,,,,5303,1291.5,1586.3,5488.9,1894.0,2509.3,2524.6,1508.4,1100.9,1503.1,5621.7,2250.0,1117.6
,,,,,,,,5304,1252.3,1548.5,5236.5,1845.7,2410.6,2398.7,1470.1,1073.5,1490.3,5392.2,2160.4,1082.5
,,,,,,,,5305,1169.2,1434.5,4897.1,1715.0,2244.6,2273.0,1395.6,984.7,1376.9,4994.8,2037.9,1013.1
,,,,,,,,5306,1095.3,1359.1,4702.0,1655.7,2161.7,2171.7,1304.4,945.3,1309.5,4693.5,1925.7,971.5
,,,,,,,,5307,1033.0,1277.1,4339.6,1572.4,2036.5,1998.9,1227.5,888.9,1247.6,4478.3,1823.3,906.9
,,,,,,,,5308,1017.0,1252.0,4259.7,1538.5,1961.2,1997.7,1212.4,873.4,1230.6,4410.5,1789.8,892.0
,,,,,,,,5309,1068.7,1316.0,4465.4,1575.9,2108.8,2110.0,1267.3,902.5,1268.0,4604.1,1841.6,944.3
,,,,,,,,5310,1176.9,1476.9,4994.8,1727.9,2296.8,2267.5,1405.8,1008.5,1396.2,5046.6,2054.4,1029.0
,,,,,,,,5311,1301.8,1598.3,5513.5,1932.3,2499.3,2562.7,1525.7,1107.7,1543.5,5609.1,2288.7,1149.8
,,,,,,,,5312,1372.1,1737.6,5909.6,2073.6,2711.0,2754.1,1660.3,1195.3,1668.0,6134.1,2423.3,1214.7
,,,,,,,,5313,1419.1,1809.3,6147.5,2185.9,2800.8,2817.3,1719.8,1224.0,1727.4,6252.9,2517.6,1246.1
,,,,,,,,5314,1401.3,1795.1,6002.6,2138.1,2788.5,2820.2,1687.3,1217.6,1685.8,6231.8,2505.0,1260.3
,,,,,,,,5315,1346.8,1682.1,5813.4,2014.1,2628.9,2665.0,1605.4,1168.4,1617.2,5952.1,2370.7,1179.8
,,,,,,,,5316,1297.2,1611.8,5552.2,1962.1,2537.0,2578.5,1568.7,1120.6,1559.1,5732.9,2314.7,1154.0
,,,,,,,,5317,1256.3,1602.5,5403.5,1917.9,2489.2,2469.6,1516.3,1080.8,1526.9,5574.3,2233.8,1122.1
,,,,,,,,5318,1252.0,1585.0,5388.4,1885.6,2475.5,2496.8,1498.3,1073.1,1514.0,5522.8,2196.7,1116.1
,,,,,,,,5319,1276.0,1592.8,5437.7,1949.5,2485.1,2517.5,1549.8,1089.0,1552.2,5569.3,2288.4,1116.0
,,,,,,,,5320,1338.2,1688.9,5726.2,2004.2,2656.6,2587.8,1605.0,1157.8,1574.4,5747.2,2353.2,1167.2
,,,,,,,,5321,1422.4,1751.7,6055.7,2120.0,2734.1,2733.4,1670.3,1215.6,1673.6,6119.6,2477.7,1232.2
,,,,,,,,5322,1462.3,1829.2,6209.4,2196.8,2914.3,2852.1,1780.6,1267.0,1740.0,6381.5,2592.2,1308.2
,,,,,,,,5323,1517.2,1854.8,6380.7,2244.1,2923.2,2949.6,1770.5,1291.7,1767.4,6421.9,2615.6,1307.9
,,,,,,,,5324,1465.8,1859.3,6339.4,2211.4,2921.0,2915.2,1749.3,1277.0,1738.1,6453.7,2569.4,1285.3
,,,,,,,,5325,1393.6,1763.8,5940.1,2106.6,2717.5,2752.7,1671.4,1194.5,1680.2,6178.2,2484.8,1249.5
,,,,,,,,5326,1332.8,1682.9,5668.1,1995.1,2624.3,2621.5,1610.3,1155.0,1574.9,5808.8,2321.3,1157.4
,,,,,,,,5327,1284.7,1587.3,5426.1,1938.5,2491.4,2526.7,1539.1,1113.2,1521.3,5589.5,2222.4,1130.2
,,,,,,,,5328,1251.3,1551.3,5337.0,1863.7,2422.8,2453.9,1502.0,1063.7,1475.8,5368.1,2195.3,1087.3
,,,,,,,,5329,1088.5,1356.8,4668.5,1643.2,2149.2,2117.0,1316.4,946.4,1294.7,4745.0,1902.3,945.1
,,,,,,,,5330,1039.2,1288.7,4405.0,1571.4,2044.8,2027.5,1233.0,899.2,1242.7,4492.3,1808.4,914.2
,,,,,,,,5331,991.9,1235.9,4139.2,1474.9,1928.4,1932.5,1180.9,832.1,1155.8,4282.2,1707.1,844.6
,,,,,,,,5332,959.1,1206.4,4130.5,1430.5,1897.5,1878.6,1154.0,823.1,1158.2,4181.0,1676.2,844.7
,,,,,,,,5333,1005.9,1259.1,4306.5,1513.4,1995.0,1978.8,1185.2,853.6,1190.7,4306.7,1769.7,867.5
,,,,,,,,5334,1088.9,1362.7,4721.8,1636.5,2125.2,2188.3,1328.1,954.1,1301.2,4739.9,1951.0,970.9
,,,,,,,,5335,1220.9,1536.1,5178.7,1836.0,2375.5,2374.2,1440.3,1047.9,1476.0,5351.4,2127.3,1061.5
,,,,,,,,5336,1297.0,1644.8,5542.1,1956.4,2611.6,2608.0,1584.8,1145.8,1561.3,5800.9,2300.5,1140.5
,,,,,,,,5337,1363.5,1707.9,5806.3,2053.7,2650.9,2685.7,1636.8,1161.0,1605.6,5920.3,2375.0,1198.7
,,,,,,,,5338,1354.0,1662.6,5746.6,1987.8,2604.0,2646.5,1614.9,1142.9,1582.4,5745.8,2381.6,1189.1
,,,,,,,,5339,1285.8,1628.8,5519.3,1908.3,2526.1,2525.0,1552.7,1091.6,1555.2,5608.0,2264.0,1116.3
,,,,,,,,5340,1240.7,1558.3,5204.6,1859.1,2413.4,2386.4,1486.9,1057.9,1483.3,5302.2,2135.4,1089.2
,,,,,,,,5341,1206.7,1510.5,5038.4,1801.0,2352.0,2318.4,1418.2,1026.5,1425.4,5137.3,2117.3,1043.9
,,,,,,,,5342,1176.3,1505.4,4994.1,1791.7,2352.9,2297.4,1407.4,1032.0,1438.1,5244.2,2098.7,1035.4
,,,,,,,,5343,1218.4,1523.1,5080.7,1821.3,2397.1,2400.9,1443.9,1044.9,1437.7,5287.0,2129.6,1055.1
,,,,,,,,5344,1270.1,1558.2,5444.6,1870.5,2441.1,2470.6,1488.7,1078.7,1518.7,5470.0,2197.7,1097.7
,,,,,,,,5345,1318.4,1658.5,5702.6,1986.3,2623.9,2636.6,1574.8,1131.2,1576.1,5863.2,2339.8,1159.3
,,,,,,,,5346,1385.5,1715.8,5820.9,2098.1,2711.4,2756.0,1677.6,1198.2,1642.0,5973.6,2467.9,1202.9
,,,,,,,,5347,1431.9,1770.9,6074.9,2125.7,2774.5,2799.4,1694.1,1219.6,1691.0,6187.5,2471.1,1253.9
,,,,,,,,5348,1408.4,1746.2,5962.0,2087.8,2723.3,2738.3,1683.5,1198.2,1685.1,6036.0,2415.2,1218.0
,,,,,,,,5349,1314.5,1684.3,5700.2,1983.3,2585.0,2595.6,1567.6,1136.0,1574.6,5813.7,2304.0,1174.5
,,,,,,,,5350,1281.3,1565.4,5366.0,1909.9,2457.7,2466.8,1520.7,1074.2,1526.5,5443.1,2182.3,1106.1
,,,,,,,,5351,1200.2,1503.8,5160.8,1793.6,2343.4,2342.4,1446.6,1057.0,1428.2,5339.7,2153.1,1072.2
,,,,,,,,5352,1184.7,1486.2,5091.5,1769.2,2294.3,2285.1,1395.8,1009.0,1420.9,5180.5,2063.6,1026.2
,,,,,,,,5353,1094.8,1391.1,4625.8,1647.2,2138.3,2149.3,1324.9,933.4,1311.2,4757.5,1927.8,972.3
,,,,,,,,5354,1049.0,1316.7,4436.3,1573.5,2053.9,2009.3,1226.3,889.8,1226.3,4581.8,1802.1,919.7
,,,,,,,,5355,983.6,1238.3,4144.1,1493.9,1909.0,1953.9,1164.4,849.6,1160.2,4306.0,1734.5,846.7
,,,,,,,,5356,971.5,1219.4,4119.0,1434.9,1867.9,1895.4,1159.7,840.9,1147.3,4228.4,1686.2,854.4
,,,,,,,,5357,1019.9,1266.0,4238.7,1511.0,1963.6,1948.0,1194.5,870.2,1188.3,4405.8,1775.0,880.9
,,,,,,,,5358,1115.4,1388.9,4737.7,1651.3,2182.3,2154.1,1314.8,960.1,1341.0,4833.8,1918.6,953.9
,,,,,,,,5359,1223.7,1524.4,5234.6,1851.6,2427.5,2391.3,1483.2,1067.1,1457.1,5385.8,2112.3,1071.7
,,,,,,,,5360,1303.1,1673.1,5560.7,1997.2,2595.7,2574.9,1593.1,1141.1,1583.2,5719.8,2287.2,1157.5
,,,,,,,,5361,1372.6,1689.9,5848.5,2075.7,2643.3,2640.1,1610.8,1181.6,1638.9,5999.8,2393.3,1178.8
,,,,,,,,5362,1348.5,1675.9,5671.4,2003.3,2664.6,2626.0,1622.9,1154.3,1601.0,5906.2,2370.9,1175.3
,,,,,,,,5363,1285.9,1625.1,5411.1,1924.3,2540.4,2566.8,1522.0,1107.6,1543.1,5667.6,2258.2,1119.0
,,,,,,,,5364,1227.1,1547.7,5213.9,1871.2,2428.3,2390.8,1462.1,1056.9,1497.6,5381.0,2185.1,1067.3
,,,,,,,,5365,1216.4,1485.0,5140.8,1815.2,2365.1,2355.2,1431.6,1018.5,1448.1,5229.4,2069.7,1041.5
,,,,,,,,5366,1201.7,1495.8,5107.6,1777.8,2368.8,2333.3,1445.9,1015.4,1436.3,5248.9,2081.7,1044.0
,,,,,,,,5367,1211.5,1513.4,5197.8,1808.4,2415.5,2403.7,1453.4,1053.1,1436.4,5368.1,2116.2,1058.4
,,,,,,,,5368,1274.4,1609.4,5437.6,1896.3,2487.1,2471.8,1526.3,1104.8,1536.1,5492.0,2196.1,1103.1
,,,,,,,,5369,1352.2,1673.0,5721.3,2034.5,2633.9,2628.3,1620.0,1145.8,1575.0,5762.1,2346.7,1184.6
,,,,,,,,5370,1417.1,1744.2,5886.4,2093.9,2700.6,2704.1,1681.1,1212.5,1678.7,6149.3,2456.0,1218.6
,,,,,,,,5371,1428.2,1756.9,6100.9,2136.4,2802.6,2802.1,1705.2,1238.2,1697.1,6227.0,2499.5,1230.8
,,,,,,,,5372,1406.4,1762.8,5910.1,2108.5,2774.1,2747.3,1681.2,1192.9,1692.6,6058.7,2439.9,1235.2
,,,,,,,,5373,1357.1,1661.7,5674.4,1997.3,2644.6,2613.9,1605.9,1158.4,1607.2,5835.1,2306.5,1183.3
,,,,,,,,5374,1271.7,1571.9,5316.9,1894.7,2468.9,2479.7,1521.6,1106.5,1508.1,5454.6,2209.6,1100.8
,,,,,,,,5375,1201.2,1537.6,5173.5,1851.8,2361.6,2407.5,1458.1,1063.0,1440.9,5254.8,2117.9,1058.1
,,,,,,,,5376,1185.8,1478.4,5043.8,1784.5,2343.7,2325.9,1402.9,1025.6,1407.5,5112.4,2093.3,1034.2
,,,,,,,,5377,1174.7,1488.0,4915.9,1755.6,2293.8,2301.6,1410.9,1006.1,1416.8,5131.0,2055.1,1018.7
,,,,,,,,5378,1125.5,1400.6,4658.1,1654.8,2166.5,2152.5,1339.9,952.5,1332.3,4872.1,1907.3,954.1
,,,,,,,,5379,1041.7,1324.5,4419.2,1554.3,2070.2,2067.6,1242.3,909.7,1247.8,4571.5,1850.5,917.0
,,,,,,,,5380,1038.9,1293.3,4410.0,1538.1,2032.2,2013.6,1230.5,898.3,1248.4,4538.6,1779.5,908.7
,,,,,,,,5381,1088.2,1335.1,4616.4,1626.4,2104.9,2112.7,1279.8,924.5,1297.9,4656.0,1892.8,944.7
,,,,,,,,5382,1191.6,1491.4,4958.9,1769.6,2327.3,2318.9,1432.9,1021.0,1432.6,5135.2,2054.5,1040.1
,,,,,,,,5383,1327.6,1617.2,5600.4,1979.1,2578.6,2566.8,1569.3,1132.2,1547.3,5648.6,2256.8,1145.9
,,,,,,,,5384,1399.5,1785.0,6042.6,2129.8,2757.6,2768.9,1706.2,1200.9,1693.1,6239.9,2452.6,1232.2
,,,,,,,,5385,1467.5,1817.0,6142.7,2180.5,2836.0,2863.7,1769.7,1243.3,1761.9,6324.2,2519.0,1276.5
,,,,,,,,5386,1448.2,1814.8,6117.7,2167.3,2810.2,2852.2,1712.4,1245.4,1733.8,6229.7,2482.1,1251.0
,,,,,,,,5387,1384.0,1716.7,5855.9,2061.2,2707.0,2698.5,1633.7,1179.9,1637.4,6017.7,2404.4,1201.9
,,,,,,,,5388,1337.4,1627.8,5558.9,2000.1,2583.5,2590.1,1598.7,1121.0,1591.3,5679.1,2334.8,1140.0
,,,,,,,,5389,1277.2,1622.5,5416.0,1925.4,2482.9,2517.7,1544.4,1109.6,1538.0,5520.3,2214.5,1107.1
,,,,,,,,5390,1295.2,1574.5,5500.3,1915.2,2529.2,2494.9,1549.8,1095.3,1545.3,5523.4,2255.7,1104.7
,,,,,,,,5391,1304.1,1633.2,5540.1,1938.1,2581.1,2570.6,1581.6,1134.8,1574.2,5673.7,2250.6,1127.6
,,,,,,,,5392,1363.2,1692.0,5775.0,2043.0,2702.9,2663.1,1634.1,1180.3,1643.3,5970.9,2383.7,1171.1
,,,,,,,,5393,1412.8,1789.2,6054.8,2117.1,2807.2,2783.8,1686.7,1229.0,1729.5,6229.8,2480.4,1249.0
,,,,,,,,5394,1484.5,1873.0,6358.2,2254.4,2902.4,2972.0,1791.6,1293.3,1765.5,6495.5,2571.1,1321.0
,,,,,,,,5395,1507.1,1906.1,6376.7,2288.5,3025.0,3023.0,1803.2,1294.3,1804.4,6629.3,2637.5,1313.2
,,,,,,,,5396,1502.8,1848.0,6335.9,2255.5,2949.4,2941.2,1780.3,1302.8,1795.8,6574.7,2634.5,1283.0
,,,,,,,,5397,1433.3,1795.2,6011.7,2117.1,2809.6,2795.7,1697.1,1242.5,1692.0,6297.4,2496.4,1255.1
,,,,,,,,5398,1342.3,1686.4,5735.2,2020.2,2675.7,2683.8,1645.0,1153.4,1623.1,5908.5,2391.0,1181.7
,,,,,,,,5399,1320.3,1642.7,5538.2,1943.6,2573.4,2552.2,1561.7,1117.4,1538.0,5610.7,2259.6,1132.7
,,,,,,,,5400,1261.4,1592.0,5389.3,1911.3,2506.7,2501.0,1504.8,1104.8,1512.6,5464.6,2212.5,1110.4
,,,,,,,,5401,1185.5,1484.6,5084.2,1784.0,2280.0,2302.5,1421.8,1009.9,1427.3,5080.0,2052.8,1013.1
,,,,,,,,5402,1103.5,1403.3,4803.8,1685.4,2160.7,2182.7,1338.8,955.0,1323.9,4867.9,1937.8,967.6
,,,,,,,,5403,1057.0,1315.0,4490.1,1606.3,2056.4,2045.3,1268.7,914.3,1251.9,4645.8,1857.6,908.5
,,,,,,,,5404,1033.4,1302.9,4355.7,1551.2,2061.2,2059.9,1224.2,899.6,1238.4,4483.1,1825.4,910.8
,,,,,,,,5405,1076.9,1359.3,4632.2,1646.3,2148.3,2150.4,1289.2,945.6,1288.9,4738.7,1865.4,952.6
,,,,,,,,5406,1174.9,1494.7,5015.2,1791.8,2340.2,2365.9,1404.7,1022.2,1409.8,5211.2,2066.2,1037.0
,,,,,,,,5407,1320.7,1643.1,5637.2,1961.2,2550.7,2593.1,1564.5,1141.8,1560.5,5769.1,2291.6,1133.9
,,,,,,,,5408,1441.7,1797.0,6088.1,2147.3,2754.5,2819.9,1716.6,1232.0,1715.3,6154.3,2501.2,1247.5
,,,,,,,,5409,1477.5,1824.4,6154.5,2199.1,2855.2,2861.9,1779.6,1273.2,1762.2,6367.8,2557.8,1283.2
,,,,,,,,5410,1449.6,1801.1,6172.6,2153.9,2880.7,2862.0,1713.7,1256.5,1728.6,6313.5,2531.4,1261.0
,,,,,,,,5411,1407.7,1749.7,5909.4,2114.7,2759.1,2689.2,1673.8,1183.9,1662.2,6012.8,2391.9,1213.3
,,,,,,,,5412,1320.2,1680.2,5710.2,2001.0,2597.4,2638.9,1577.7,1151.5,1610.3,5805.2,2318.2,1148.2
,,,,,,,,5413,1274.5,1637.0,5470.5,1921.9,2518.6,2524.9,1540.5,1112.4,1522.6,5653.3,2272.8,1134.1
,,,,,,,,5414,1282.3,1606.5,5515.9,1902.4,2515.7,2546.9,1556.3,1101.2,1527.8,5669.6,2238.4,1117.8
,,,,,,,,5415,1295.9,1635.9,5598.4,1967.0,2594.6,2540.0,1564.8,1140.5,1579.8,5774.2,2258.8,1124.8
,,,,,,,,5416,1347.3,1693.1,5880.2,2070.0,2643.8,2696.8,1631.0,1187.4,1628.2,5985.4,2385.2,1194.4
,,,,,,,,5417,1419.2,1778.0,6047.8,2149.1,2818.6,2840.6,1713.4,1249.4,1712.2,6336.8,2504.0,1252.7
,,,,,,,,5418,1513.2,1887.8,6321.6,2275.9,2925.9,2974.1,1795.3,1287.6,1789.7,6497.1,2573.1,1305.9
,,,,,,,,5419,1539.4,1896.4,6490.2,2268.8,3007.8,3026.7,1805.7,1301.0,1811.5,6640.9,2627.5,1334.7
,,,,,,,,5420,1499.8,1889.0,6427.4,2248.8,2937.6,2936.0,1801.1,1306.3,1786.0,6574.4,2593.9,1315.9
,,,,,,,,5421,1455.1,1821.1,6052.8,2159.5,2853.0,2819.7,1722.0,1242.0,1730.9,6176.1,2520.7,1234.1
,,,,,,,,5422,1378.4,1724.2,5871.4,2059.5,2666.7,2715.1,1617.3,1159.9,1652.6,5966.8,2389.1,1179.7
,,,,,,,,5423,1294.3,1642.3,5580.7,1940.7,2580.3,2582.0,1551.5,1117.0,1584.8,5677.8,2274.0,1149.5
,,,,,,,,5424,1266.8,1601.2,5367.4,1928.4,2507.3,2488.9,1525.6,1113.9,1543.7,5552.1,2214.0,1111.1
,,,,,,,,5425,1176.2,1499.0,5032.8,1753.2,2325.3,2325.9,1418.8,1014.4,1420.2,5184.1,2051.5,1035.0
,,,,,,,,5426,1125.7,1409.5,4786.4,1708.1,2231.9,2228.0,1344.4,969.5,1346.4,4884.4,1961.2,981.4
,,,,,,,,5427,1063.3,1329.2,4487.4,1581.0,2069.9,2065.6,1268.0,912.1,1270.4,4624.6,1818.2,912.0
,,,,,,,,5428,1045.8,1306.3,4390.8,1577.7,2057.8,2056.9,1246.6,901.8,1259.8,4566.1,1803.5,894.3
,,,,,,,,5429,1096.0,1371.4,4667.5,1634.1,2132.2,2117.8,1302.3,929.3,1314.5,4759.4,1862.6,944.7
,,,,,,,,5430,1195.4,1482.6,5013.9,1773.7,2346.8,2380.4,1450.1,1042.4,1434.5,5226.3,2088.8,1035.3
,,,,,,,,5431,1331.3,1651.2,5584.1,1988.7,2626.8,2631.2,1571.6,1151.9,1596.8,5809.2,2314.9,1143.3
,,,,,,,,5432,1431.1,1762.2,6093.0,2157.2,2831.7,2805.0,1719.7,1246.1,1728.4,6272.1,2446.6,1255.1
,,,,,,,,5433,1457.9,1826.4,6221.5,2192.1,2919.1,2872.2,1777.4,1271.5,1741.7,6415.5,2578.6,1286.5
,,,,,,,,5434,1458.9,1799.9,6100.3,2165.9,2821.0,2826.5,1740.5,1247.1,1722.4,6362.1,2539.9,1269.3
,,,,,,,,5435,1376.0,1724.8,6019.5,2086.9,2707.6,2771.7,1674.3,1220.0,1696.1,6049.4,2396.9,1193.1
,,,,,,,,5436,1320.2,1685.2,5735.0,2029.9,2591.5,2609.2,1579.4,1141.1,1589.2,5879.3,2307.1,1157.4
,,,,,,,,5437,1316.5,1624.3,5545.0,1947.9,2549.5,2518.3,1547.2,1128.9,1549.8,5657.6,2250.2,1116.2
,,,,,,,,5438,1289.2,1600.3,5510.4,1922.3,2558.3,2551.7,1529.0,1101.7,1541.9,5707.3,2260.5,1116.1
,,,,,,,,5439,1305.8,1661.1,5629.1,1955.7,2607.8,2555.7,1567.6,1123.9,1599.0,5683.7,2291.3,1132.7
,,,,,,,,5440,1354.3,1728.1,5747.5,2044.6,2663.2,2721.9,1652.8,1167.6,1644.8,6046.5,2394.3,1203.6
,,,,,,,,5441,1462.8,1832.9,6185.5,2171.5,2871.7,2844.7,1706.2,1248.4,1746.3,6314.8,2501.6,1236.4
,,,,,,,,5442,1506.4,1896.9,6368.4,2251.6,2997.3,2968.3,1827.9,1313.0,1823.6,6595.1,2633.5,1324.9
,,,,,,,,5443,1555.5,1912.2,6482.0,2320.4,3057.7,2996.4,1820.9,1317.5,1829.0,6713.1,2665.8,1347.6
,,,,,,,,5444,1502.1,1891.4,6380.2,2251.9,2997.4,2984.7,1786.6,1294.1,1805.0,6529.4,2612.6,1310.8
,,,,,,,,5445,1452.1,1787.3,6135.7,2171.6,2859.6,2799.9,1745.2,1242.2,1726.2,6214.6,2530.0,1260.1
,,,,,,,,5446,1351.6,1689.8,5849.6,2068.0,2712.4,2699.8,1665.5,1187.4,1629.1,6019.3,2374.6,1181.8
,,,,,,,,5447,1333.4,1655.7,5661.9,1993.7,2550.0,2611.7,1570.6,1119.3,1592.5,5726.0,2256.4,1153.0
,,,,,,,,5448,1278.8,1597.7,5477.1,1940.4,2519.4,2532.0,1530.9,1095.8,1519.5,5624.1,2194.8,1094.8
,,,,,,,,5449,1191.4,1494.0,5034.6,1789.3,2337.6,2339.7,1432.6,1030.6,1421.0,5243.6,2083.9,1031.2
,,,,,,,,5450,1121.6,1419.0,4731.3,1709.5,2234.3,2207.5,1364.3,982.8,1363.9,4871.8,1957.6,979.2
,,,,,,,,5451,1076.9,1324.7,4516.8,1620.1,2084.6,2084.5,1274.1,909.3,1281.7,4710.4,1844.8,913.8
,,,,,,,,5452,1047.0,1298.0,4410.4,1576.5,2051.8,2054.1,1262.1,892.5,1264.4,4566.2,1784.8,919.4
,,,,,,,,5453,1082.9,1356.3,4587.3,1648.0,2163.9,2132.3,1323.7,953.3,1298.8,4841.7,1885.8,939.8
,,,,,,,,5454,1204.0,1486.6,5033.7,1780.2,2356.5,2335.2,1443.7,1024.2,1424.5,5304.7,2108.0,1035.3
,,,,,,,,5455,1337.4,1678.4,5680.8,1968.4,2630.8,2599.1,1577.1,1164.8,1594.2,5849.5,2282.3,1133.3
,,,,,,,,5456,1436.7,1793.1,6064.4,2163.2,2781.9,2815.8,1734.8,1232.1,1736.5,6308.4,2449.4,1245.9
,,,,,,,,5457,1474.0,1846.2,6340.3,2225.7,2882.4,2937.2,1796.7,1281.2,1804.3,6380.0,2551.5,1300.6
,,,,,,,,5458,1452.1,1807.7,6238.4,2221.4,2838.6,2865.7,1738.4,1253.7,1755.5,6385.3,2499.0,1268.3
,,,,,,,,5459,1385.2,1772.5,5976.2,2135.5,2755.4,2737.8,1687.7,1214.0,1697.9,6165.7,2455.3,1220.9
,,,,,,,,5460,1349.8,1690.0,5647.0,1996.4,2608.1,2626.7,1606.5,1168.4,1593.7,5938.8,2345.7,1163.9
,,,,,,,,5461,1290.4,1606.8,5462.5,1941.7,2581.0,2577.8,1570.7,1131.6,1543.6,5626.0,2264.0,1124.3
,,,,,,,,5462,1297.9,1615.2,5470.0,1962.3,2515.2,2580.0,1554.3,1123.6,1535.4,5697.6,2268.7,1121.8
,,,,,,,,5463,1326.5,1674.2,5685.9,1985.4,2564.4,2640.1,1596.5,1139.4,1575.1,5720.0,2291.7,1137.7
,,,,,,,,5464,1362.1,1713.5,5786.2,2047.1,2692.2,2748.2,1677.8,1197.5,1669.8,6045.8,2395.9,1187.2
,,,,,,,,5465,1465.9,1835.6,6112.6,2165.4,2827.3,2819.3,1728.9,1251.9,1741.5,6326.5,2499.0,1239.8
,,,,,,,,5466,1510.7,1883.2,6412.0,2289.1,3003.5,2987.5,1835.3,1328.7,1820.9,6653.7,2622.0,1304.5
,,,,,,,,5467,1547.2,1949.6,6473.9,2293.2,3066.2,3020.6,1875.7,1337.3,1878.2,6705.0,2680.2,1320.4
,,,,,,,,5468,1530.0,1894.5,6458.7,2286.3,2971.9,3020.6,1833.7,1321.2,1844.4,6675.4,2611.8,1304.7
,,,,,,,,5469,1457.3,1817.4,6266.5,2152.8,2856.7,2850.7,1730.3,1271.4,1722.9,6335.7,2545.1,1261.3
,,,,,,,,5470,1398.7,1739.7,5823.1,2091.0,2736.5,2690.2,1649.9,1192.7,1654.6,6053.8,2390.9,1192.7
,,,,,,,,5471,1325.5,1643.4,5658.7,2005.8,2561.5,2571.0,1591.2,1143.0,1603.8,5713.4,2280.9,1136.2
,,,,,,,,5472,1288.1,1621.6,5541.9,1933.7,2532.2,2536.1,1534.6,1099.2,1521.3,5621.4,2235.2,1102.1
,,,,,,,,5473,1215.3,1509.4,5048.8,1813.5,2337.6,2343.4,1444.2,1041.0,1450.6,5303.0,2086.8,1029.7
,,,,,,,,5474,1140.0,1429.4,4842.4,1687.1,2255.0,2226.8,1365.8,986.1,1363.9,4902.1,1979.3,972.7
,,,,,,,,5475,1060.5,1326.0,4522.0,1604.7,2089.7,2138.9,1277.1,928.3,1275.1,4739.5,1872.7,922.7
,,,,,,,,5476,1060.8,1314.8,4421.3,1570.0,2069.1,2071.0,1276.2,913.5,1264.6,4562.1,1838.4,908.8
,,,,,,,,5477,1110.6,1387.7,4680.1,1628.3,2197.6,2148.1,1312.8,961.3,1325.9,4869.1,1873.3,955.8
,,,,,,,,5478,1215.9,1528.4,5179.6,1832.0,2381.9,2402.2,1465.9,1047.7,1428.4,5325.1,2091.3,1028.1
,,,,,,,,5479,1341.5,1669.6,5723.2,2016.4,2650.2,2640.2,1596.5,1170.7,1618.5,5876.6,2308.3,1156.1
,,,,,,,,5480,1441.6,1790.6,6163.3,2170.8,2864.9,2823.1,1737.3,1254.7,1730.6,6313.8,2479.0,1239.4
,,,,,,,,5481,1475.0,1881.4,6290.9,2254.4,2915.3,2914.3,1770.1,1269.6,1769.4,6537.0,2538.8,1278.7
,,,,,,,,5482,1469.2,1844.8,6352.8,2191.4,2933.8,2926.5,1781.7,1290.6,1773.7,6489.1,2517.7,1285.5
,,,,,,,,5483,1402.6,1763.4,5920.1,2149.2,2789.1,2801.2,1701.4,1231.9,1700.7,6176.8,2462.4,1200.7
,,,,,,,,5484,1358.8,1709.8,5733.2,2000.6,2659.3,2653.7,1627.3,1172.1,1604.7,5891.7,2319.4,1154.7
,,,,,,,,5485,1327.1,1629.9,5606.8,1947.8,2560.0,2588.0,1553.7,1131.4,1552.9,5679.0,2248.5,1123.0
,,,,,,,,5486,1320.0,1617.6,5563.9,1987.6,2591.3,2577.9,1560.2,1139.5,1544.4,5713.4,2281.9,1120.8
,,,,,,,,5487,1347.0,1651.8,5578.8,2022.7,2627.6,2632.3,1615.8,1148.7,1599.5,5750.5,2272.2,1159.2
,,,,,,,,5488,1377.3,1748.1,5905.5,2093.0,2702.7,2718.9,1684.2,1214.7,1669.8,6010.1,2410.9,1197.2
,,,,,,,,5489,1441.0,1850.7,6154.1,2216.0,2887.4,2892.4,1732.5,1264.7,1744.2,6351.3,2508.8,1242.4
,,,,,,,,5490,1509.8,1922.9,6447.2,2299.4,2985.1,3006.9,1811.9,1321.5,1843.8,6629.2,2666.2,1325.3
,,,,,,,,5491,1562.2,1958.9,6526.2,2349.7,3039.0,3041.7,1875.9,1343.2,1868.5,6691.0,2705.3,1343.1
,,,,,,,,5492,1539.2,1912.2,6422.8,2297.2,3010.5,3038.4,1836.5,1328.8,1839.2,6589.4,2633.4,1310.7
,,,,,,,,5493,1439.1,1843.4,6154.2,2208.9,2878.4,2851.5,1753.5,1273.3,1765.3,6414.8,2545.1,1266.6
,,,,,,,,5494,1399.7,1736.4,5865.9,2060.6,2734.9,2740.0,1664.7,1193.4,1686.0,6112.9,2383.1,1202.4
,,,,,,,,5495,1341.2,1664.8,5645.2,2024.0,2631.4,2638.2,1606.4,1151.0,1604.8,5864.5,2293.9,1146.0
,,,,,,,,5496,1303.4,1604.8,5459.9,1916.4,2557.7,2577.0,1555.7,1114.7,1574.5,5639.3,2253.4,1129.0
,,,,,,,,5497,1150.2,1403.8,4864.4,1703.1,2203.1,2248.5,1369.1,984.4,1351.2,4967.2,1939.1,976.0
,,,,,,,,5498,1088.1,1353.5,4602.0,1622.4,2086.5,2084.0,1278.4,916.2,1276.2,4734.6,1837.5,929.8
,,,,,,,,5499,1008.3,1257.6,4365.2,1538.5,2020.5,1972.3,1207.7,874.9,1204.0,4394.7,1756.0,883.3
,,,,,,,,5500,998.6,1235.0,4253.8,1478.7,1945.5,1964.3,1180.4,869.8,1211.2,4385.0,1702.1,867.3
,,,,,,,,5501,1041.6,1305.9,4361.8,1567.0,2019.6,2055.1,1236.7,901.8,1247.8,4607.4,1797.0,896.4
,,,,,,,,5502,1137.5,1433.1,4837.9,1721.6,2266.7,2215.4,1363.7,999.6,1357.9,5055.4,1948.1,987.3
,,,,,,,,5503,1278.7,1565.7,5371.6,1889.1,2470.6,2488.5,1499.7,1078.6,1520.3,5527.3,2188.6,1099.2
,,,,,,,,5504,1361.3,1704.3,5767.0,2045.5,2671.7,2676.8,1655.0,1174.2,1645.6,6033.6,2344.0,1158.2
,,,,,,,,5505,1399.5,1778.2,5975.6,2088.8,2737.2,2805.2,1693.7,1230.5,1686.9,6198.5,2448.0,1203.6
,,,,,,,,5506,1388.6,1764.7,5867.1,2075.9,2728.0,2749.1,1686.4,1197.0,1685.3,6098.1,2368.2,1190.7
,,,,,,,,5507,1316.1,1669.7,5748.5,2022.7,2593.2,2588.3,1593.1,1151.6,1600.1,5876.2,2303.8,1156.6
,,,,,,,,5508,1257.4,1603.3,5425.8,1888.4,2522.1,2510.2,1540.4,1101.7,1528.3,5634.1,2172.5,1081.0
,,,,,,,,5509,1253.3,1548.9,5205.7,1865.9,2449.8,2449.2,1508.1,1062.8,1485.9,5384.1,2150.0,1072.3
,,,,,,,,5510,1228.3,1536.9,5262.7,1875.7,2407.6,2397.1,1484.2,1080.3,1503.4,5337.5,2147.4,1047.4
,,,,,,,,5511,1264.9,1576.0,5343.2,1895.6,2494.7,2509.9,1502.9,1073.9,1501.8,5462.9,2195.6,1091.6
,,,,,,,,5512,1323.5,1618.4,5519.1,1995.6,2557.4,2548.8,1566.6,1124.9,1556.0,5684.5,2256.9,1138.9
,,,,,,,,5513,1363.3,1730.9,5835.2,2065.5,2693.0,2704.7,1638.7,1206.2,1644.6,5951.5,2408.8,1193.2
,,,,,,,,5514,1433.6,1799.9,6203.9,2154.9,2810.3,2850.8,1751.6,1264.6,1749.5,6224.8,2461.7,1242.1
,,,,,,,,5515,1455.1,1862.5,6148.0,2176.9,2855.0,2868.5,1754.5,1276.4,1787.2,6452.7,2544.2,1262.3
,,,,,,,,5516,1432.8,1787.9,6116.1,2151.6,2848.9,2817.5,1708.0,1248.0,1734.8,6306.9,2515.7,1240.7
,,,,,,,,5517,1366.3,1745.8,5804.3,2076.1,2731.4,2719.5,1642.5,1205.5,1641.2,6103.2,2377.9,1170.3
,,,,,,,,5518,1311.3,1632.4,5580.2,1941.5,2571.1,2605.2,1589.2,1122.4,1550.9,5670.7,2236.2,1119.1
,,,,,,,,5519,1275.4,1578.6,5396.4,1898.3,2467.5,2507.1,1500.0,1100.9,1504.5,5543.4,2162.9,1082.5
,,,,,,,,5520,1226.4,1535.1,5240.5,1824.0,2446.0,2410.6,1482.5,1043.1,1452.3,5277.2,2107.0,1052.2
,,,,,,,,5521,1144.0,1440.7,4831.4,1717.0,2254.4,2245.7,1389.0,973.9,1379.8,5002.6,1928.1,972.9
,,,,,,,,5522,1094.0,1366.9,4625.4,1634.7,2094.0,2118.3,1305.1,930.1,1304.5,4753.4,1829.0,937.1
,,,,,,,,5523,1009.6,1263.6,4330.1,1511.7,1992.4,1980.8,1239.2,883.3,1225.4,4398.9,1735.6,871.0
,,,,,,,,5524,995.2,1264.6,4245.2,1498.3,1976.2,1968.2,1218.9,873.3,1196.5,4375.9,1703.2,868.0
,,,,,,,,5525,1037.1,1328.1,4447.9,1581.7,2060.7,2039.4,1274.5,903.9,1247.6,4517.7,1793.0,910.5
,,,,,,,,5526,1161.3,1451.0,4878.7,1731.8,2269.3,2241.3,1391.8,989.5,1388.4,5023.3,1973.0,970.1
,,,,,,,,5527,1278.9,1587.1,5412.0,1928.4,2504.1,2470.4,1506.9,1112.8,1533.9,5547.2,2166.1,1089.8
,,,,,,,,5528,1353.9,1742.8,5894.1,2084.5,2715.0,2716.3,1637.9,1193.2,1656.0,5951.1,2326.8,1167.9
,,,,,,,,5529,1438.4,1764.9,6059.7,2155.6,2812.7,2817.8,1683.5,1210.7,1697.3,6177.6,2419.6,1225.0
,,,,,,,,5530,1389.5,1727.1,5947.4,2102.3,2795.4,2756.1,1692.3,1210.6,1696.0,6160.0,2432.4,1203.9
,,,,,,,,5531,1332.6,1667.2,5666.7,2033.2,2633.9,2607.9,1591.4,1171.5,1631.0,5810.3,2322.0,1135.8
,,,,,,,,5532,1295.3,1624.0,5488.0,1918.4,2558.3,2534.1,1554.1,1108.1,1525.8,5637.3,2182.8,1084.4
,,,,,,,,5533,1248.1,1571.6,5236.6,1846.4,2439.2,2435.6,1501.5,1090.9,1482.3,5433.1,2125.3,1080.7
,,,,,,,,5534,1247.7,1537.2,5202.6,1854.1,2465.3,2441.2,1504.1,1084.6,1492.6,5390.5,2100.1,1060.4
,,,,,,,,5535,1248.4,1574.0,5390.8,1918.2,2514.6,2491.9,1505.3,1102.6,1533.8,5596.8,2159.6,1077.9
,,,,,,,,5536,1328.5,1661.6,5649.7,2005.2,2610.5,2597.2,1564.7,1145.7,1590.2,5853.1,2269.8,1133.9
,,,,,,,,5537,1399.4,1738.7,5958.7,2061.0,2739.6,2766.4,1657.9,1192.8,1656.4,6063.8,2397.5,1183.5
,,,,,,,,5538,1454.9,1824.8,6130.0,2192.4,2876.1,2885.9,1740.8,1241.5,1739.5,6273.6,2460.9,1226.8
,,,,,,,,5539,1495.8,1863.0,6363.2,2218.3,2868.2,2892.0,1750.0,1265.8,1778.9,6507.3,2510.1,1284.0
,,,,,,,,5540,1460.5,1825.7,6244.0,2203.0,2866.9,2875.1,1752.4,1258.1,1725.3,6334.0,2458.2,1257.1
,,,,,,,,5541,1382.5,1741.1,5869.5,2077.5,2706.1,2737.8,1668.9,1201.4,1650.9,6150.3,2383.7,1187.3
,,,,,,,,5542,1336.4,1671.1,5564.8,1955.6,2611.9,2574.1,1593.4,1127.2,1575.9,5717.9,2228.3,1126.8
,,,,,,,,5543,1261.6,1600.8,5348.5,1923.5,2497.8,2518.7,1513.1,1106.9,1522.1,5490.7,2162.9,1078.0
,,,,,,,,5544,1217.7,1524.5,5273.7,1852.3,2427.7,2429.9,1485.4,1077.0,1500.3,5308.0,2120.7,1060.5
,,,,,,,,5545,1209.5,1534.0,5213.8,1845.0,2379.3,2417.3,1469.2,1050.1,1445.9,5386.7,2104.3,1039.8
,,,,,,,,5546,1171.8,1425.4,4838.1,1711.3,2285.5,2245.7,1404.0,1001.7,1400.9,5112.9,1990.3,988.7
,,,,,,,,5547,1105.2,1359.9,4602.6,1659.0,2147.2,2123.4,1312.3,956.0,1309.0,4807.3,1864.0,935.1
,,,,,,,,5548,1061.8,1326.7,4599.0,1607.7,2133.0,2091.0,1297.6,915.7,1300.7,4630.7,1858.9,913.6
,,,,,,,,5549,1122.5,1401.8,4736.6,1700.0,2218.7,2208.9,1356.9,965.1,1359.9,4876.7,1899.7,968.7
,,,,,,,,5550,1224.9,1537.9,5268.2,1845.0,2446.1,2418.3,1461.2,1064.0,1472.9,5360.3,2109.2,1035.3
,,,,,,,,5551,1381.4,1719.2,5811.7,2068.5,2721.5,2697.9,1634.8,1180.8,1636.9,5900.5,2330.1,1166.0
,,,,,,,,5552,1490.9,1815.0,6261.9,2193.3,2873.4,2927.5,1769.8,1253.2,1785.9,6457.4,2512.9,1239.9
,,,,,,,,5553,1497.1,1870.4,6502.5,2249.4,2984.1,2955.8,1807.8,1319.5,1810.2,6547.5,2584.6,1314.9
,,,,,,,,5554,1480.0,1879.8,6436.0,2257.9,2958.2,2951.0,1820.9,1310.7,1811.2,6578.1,2583.6,1274.9
,,,,,,,,5555,1446.1,1819.7,6161.9,2168.7,2805.5,2815.4,1730.6,1228.3,1738.6,6355.7,2473.9,1233.4
,,,,,,,,5556,1376.7,1708.9,5907.6,2085.7,2717.9,2691.8,1628.4,1185.5,1644.9,6050.9,2324.3,1179.6
,,,,,,,,5557,1327.7,1677.7,5639.5,2031.0,2636.6,2639.7,1585.9,1141.3,1584.7,5887.4,2285.2,1133.3
,,,,,,,,5558,1320.0,1680.5,5734.9,2010.4,2594.9,2619.7,1585.2,1133.7,1577.3,5783.5,2237.4,1147.1
,,,,,,,,5559,1339.6,1680.8,5745.4,2060.7,2679.2,2686.1,1645.1,1172.4,1626.9,6011.2,2342.1,1169.3
,,,,,,,,5560,1397.6,1751.9,5980.0,2142.8,2807.1,2742.7,1673.1,1239.5,1693.3,6152.7,2401.6,1192.0
,,,,,,,,5561,1481.9,1837.3,6348.7,2226.6,2947.7,2947.3,1769.5,1280.1,1797.7,6406.7,2553.2,1261.1
,,,,,,,,5562,1540.8,1966.0,6519.7,2299.2,3043.8,3107.0,1876.4,1327.2,1876.5,6871.1,2636.0,1338.8
,,,,,,,,5563,1567.7,1969.6,6782.4,2358.4,3117.9,3136.6,1917.8,1375.4,1924.9,6999.0,2667.7,1365.5
,,,,,,,,5564,1551.8,1964.7,6624.4,2339.4,3099.2,3079.3,1879.7,1334.6,1869.5,6696.6,2685.3,1331.0
,,,,,,,,5565,1489.3,1845.1,6405.8,2218.4,2961.9,2955.3,1778.2,1284.9,1774.1,6552.5,2542.6,1284.2
,,,,,,,,5566,1429.6,1745.1,5911.3,2090.6,2802.9,2743.9,1712.3,1216.6,1709.2,6096.6,2410.1,1215.1
,,,,,,,,5567,1334.4,1690.2,5803.7,2000.9,2639.8,2688.0,1634.4,1186.9,1632.5,6007.0,2280.3,1138.5
,,,,,,,,5568,1309.0,1670.6,5547.2,1986.1,2574.5,2589.5,1607.0,1130.1,1574.5,5697.2,2221.1,1138.6
,,,,,,,,5569,1209.5,1530.8,5170.8,1836.3,2388.9,2403.5,1484.2,1050.2,1457.0,5320.7,2107.9,1056.3
,,,,,,,,5570,1153.6,1434.8,4953.6,1728.8,2271.2,2324.3,1412.4,1003.3,1391.4,5012.7,1992.9,998.7
,,,,,,,,5571,1092.3,1380.0,4698.8,1660.2,2193.1,2195.7,1341.2,963.3,1338.9,4867.0,1864.4,934.5
,,,,,,,,5572,1081.4,1346.8,4655.7,1626.9,2107.1,2159.9,1290.0,941.0,1283.4,4754.6,1824.6,929.2
,,,,,,,,5573,1143.7,1421.7,4807.6,1669.3,2253.1,2247.6,1369.1,962.8,1357.3,4871.6,1928.4,955.1
,,,,,,,,5574,1225.5,1538.0,5284.8,1859.2,2456.5,2444.2,1494.6,1070.1,1495.2,5389.4,2090.2,1054.1
,,,,,,,,5575,1378.2,1704.8,5902.3,2057.0,2737.6,2664.0,1664.5,1194.0,1638.4,5920.6,2336.9,1164.7
,,,,,,,,5576,1482.3,1873.8,6218.6,2191.6,2942.7,2948.8,1764.7,1274.4,1785.6,6441.0,2550.6,1275.1
,,,,,,,,5577,1532.9,1890.8,6557.4,2298.3,3035.6,3053.2,1858.7,1307.1,1837.0,6736.3,2625.2,1317.0
,,,,,,,,5578,1495.9,1877.4,6499.4,2247.7,3015.0,2949.0,1816.4,1297.3,1809.0,6637.2,2594.3,1301.0
,,,,,,,,5579,1467.1,1801.9,6073.5,2150.7,2843.5,2829.9,1721.6,1269.2,1744.8,6337.2,2489.4,1238.1
,,,,,,,,5580,1371.7,1724.9,5920.9,2058.9,2737.8,2758.5,1669.1,1199.8,1669.5,6127.4,2382.1,1183.1
,,,,,,,,5581,1360.7,1659.3,5687.4,1987.6,2619.0,2630.7,1609.5,1179.7,1626.7,5795.0,2258.0,1136.8
,,,,,,,,5582,1354.7,1690.3,5701.6,2005.3,2672.5,2602.6,1623.5,1150.6,1624.9,5786.4,2302.9,1140.9
,,,,,,,,5583,1349.4,1698.7,5837.0,2041.0,2682.2,2677.8,1648.6,1198.3,1634.6,5956.4,2303.3,1165.1
,,,,,,,,5584,1431.2,1749.8,6045.0,2103.3,2823.2,2784.7,1686.1,1229.6,1715.8,6215.6,2403.8,1220.5
,,,,,,,,5585,1482.0,1885.6,6282.3,2263.9,2975.3,2959.9,1823.2,1301.2,1777.9,6454.4,2527.7,1258.4
,,,,,,,,5586,1564.4,1965.1,6568.5,2336.8,3123.0,3050.6,1866.2,1350.5,1852.7,6771.2,2664.5,1331.8
,,,,,,,,5587,1579.7,1983.4,6727.1,2376.1,3103.0,3131.9,1920.5,1387.1,1916.7,6971.9,2672.1,1345.8
,,,,,,,,5588,1552.8,1960.5,6574.5,2369.8,3071.8,3104.6,1891.6,1354.0,1864.6,6891.7,2638.4,1327.9
,,,,,,,,5589,1506.9,1856.6,6311.0,2244.8,2950.4,2968.5,1819.2,1301.5,1791.4,6451.2,2545.0,1262.7
,,,,,,,,5590,1436.8,1757.6,5979.9,2158.5,2813.1,2818.9,1707.4,1212.2,1715.8,6188.7,2388.9,1215.7
,,,,,,,,5591,1361.1,1680.6,5826.2,2022.9,2656.5,2707.2,1637.0,1174.1,1660.0,5907.3,2345.4,1163.5
,,,,,,,,5592,1335.4,1675.9,5687.7,1976.9,2634.9,2587.5,1591.3,1150.5,1593.4,5797.0,2281.2,1132.9
,,,,,,,,5593,1228.2,1543.4,5172.5,1880.1,2420.2,2454.5,1469.3,1085.1,1478.4,5473.0,2110.5,1055.6
,,,,,,,,5594,1156.8,1448.7,4991.6,1728.6,2290.8,2278.4,1404.8,1023.9,1396.4,5067.0,1982.1,998.7
,,,,,,,,5595,1110.3,1369.8,4647.8,1637.3,2194.1,2152.9,1332.8,952.6,1323.6,4832.8,1896.7,937.6
,,,,,,,,5596,1077.6,1367.4,4671.7,1607.4,2150.2,2165.7,1302.4,950.4,1295.6,4821.0,1843.7,919.6
,,,,,,,,5597,1146.6,1434.4,4816.7,1715.4,2222.5,2273.6,1355.5,989.5,1380.3,4918.8,1923.5,969.7
,,,,,,,,5598,1261.8,1536.6,5283.7,1840.5,2482.1,2439.3,1484.7,1086.9,1487.3,5385.4,2097.3,1063.7
,,,,,,,,5599,1363.6,1735.1,5830.4,2039.2,2745.5,2731.5,1641.8,1186.0,1642.2,6104.8,2369.5,1154.4
,,,,,,,,5600,1474.4,1877.8,6414.3,2252.9,2915.2,2956.2,1807.0,1271.3,1774.4,6508.3,2510.4,1251.8
,,,,,,,,5601,1554.8,1916.0,6618.9,2320.5,3008.3,3011.9,1845.4,1333.6,1864.6,6787.7,2611.6,1286.2
,,,,,,,,5602,1518.3,1884.5,6462.0,2254.0,3023.8,3025.7,1820.6,1303.3,1819.7,6728.8,2588.0,1286.9
,,,,,,,,5603,1471.4,1837.7,6188.5,2184.0,2840.9,2888.1,1747.2,1272.7,1745.9,6414.7,2434.2,1242.5
,,,,,,,,5604,1399.8,1730.9,5835.4,2059.1,2721.6,2767.9,1654.2,1219.3,1667.7,6079.7,2350.3,1185.5
,,,,,,,,5605,1344.7,1673.4,5719.5,2031.0,2707.2,2644.4,1629.9,1162.2,1611.0,5871.8,2285.6,1133.1
,,,,,,,,5606,1345.2,1661.4,5727.6,1989.2,2683.0,2636.3,1637.2,1165.8,1632.8,5955.9,2304.1,1137.8
,,,,,,,,5607,1375.8,1714.0,5857.6,2072.0,2695.7,2699.1,1636.0,1176.4,1651.4,6034.8,2356.7,1148.5
,,,,,,,,5608,1435.2,1809.0,5998.0,2162.6,2835.9,2849.7,1742.9,1255.3,1737.8,6267.3,2453.3,1200.6
,,,,,,,,5609,1499.0,1868.7,6338.1,2226.4,2956.1,2940.4,1787.2,1288.5,1828.4,6582.3,2564.1,1290.9
,,,,,,,,5610,1589.4,1961.4,6605.9,2334.9,3062.9,3113.3,1916.9,1363.9,1876.3,6867.3,2688.0,1352.0
,,,,,,,,5611,1604.5,1979.8,6864.0,2388.7,3171.0,3134.9,1906.9,1380.5,1934.3,6954.7,2709.2,1366.0
,,,,,,,,5612,1577.4,1955.4,6692.9,2348.2,3093.7,3098.4,1882.0,1361.9,1866.6,6895.3,2691.5,1333.6
,,,,,,,,5613,1490.0,1898.7,6366.9,2251.9,2958.6,3010.4,1833.3,1293.9,1834.1,6624.3,2549.6,1265.9
,,,,,,,,5614,1448.1,1779.0,6106.6,2172.5,2827.3,2841.9,1715.1,1247.5,1714.8,6308.2,2436.8,1197.6
,,,,,,,,5615,1373.1,1689.5,5805.2,2025.0,2676.5,2721.4,1657.9,1172.8,1651.2,6071.7,2298.8,1159.4
,,,,,,,,5616,1342.9,1659.8,5753.1,1998.0,2645.3,2611.1,1615.7,1158.3,1610.0,5886.7,2267.8,1147.2
,,,,,,,,5617,1226.3,1572.1,5297.0,1861.3,2438.5,2456.8,1478.1,1065.9,1516.1,5410.6,2123.3,1065.8
,,,,,,,,5618,1170.1,1450.6,4964.4,1746.2,2346.1,2326.1,1408.3,1021.2,1408.2,5207.5,2003.8,999.4
,,,,,,,,5619,1099.7,1389.9,4746.0,1669.1,2223.6,2186.2,1324.7,958.7,1324.8,4852.0,1865.5,948.1
,,,,,,,,5620,1103.7,1346.1,4681.0,1658.1,2131.6,2136.9,1330.1,934.9,1320.0,4749.8,1837.6,910.9
,,,,,,,,5621,1129.0,1417.5,4899.4,1734.5,2240.0,2280.0,1360.1,987.9,1390.8,5076.9,1951.8,958.8
,,,,,,,,5622,1260.8,1561.8,5399.6,1878.9,2502.0,2455.4,1491.7,1088.4,1487.7,5412.2,2101.5,1070.8
,,,,,,,,5623,1406.5,1729.0,5984.9,2082.5,2733.1,2724.4,1694.8,1209.7,1673.9,6138.7,2312.2,1181.1
,,,,,,,,5624,1477.2,1870.0,6421.0,2268.5,2918.9,2934.3,1809.3,1314.5,1822.4,6596.0,2561.2,1273.2
,,,,,,,,5625,1530.9,1911.4,6505.3,2303.1,3082.6,3047.3,1858.1,1348.7,1839.2,6683.4,2595.3,1301.2
,,,,,,,,5626,1508.3,1899.8,6521.5,2301.7,2974.5,3018.1,1824.1,1310.5,1838.3,6676.4,2568.7,1299.2
,,,,,,,,5627,1473.3,1823.5,6220.1,2180.4,2909.9,2885.4,1771.5,1287.0,1759.2,6342.5,2476.3,1235.8
,,,,,,,,5628,1413.6,1771.0,5936.8,2115.2,2753.7,2792.0,1692.6,1220.6,1673.1,6112.7,2336.7,1189.9
,,,,,,,,5629,1351.3,1689.6,5856.9,2070.8,2678.3,2721.5,1652.8,1164.4,1639.8,6051.1,2332.6,1152.9
,,,,,,,,5630,1339.7,1718.6,5768.7,2055.1,2669.8,2676.8,1638.5,1170.0,1610.5,5985.2,2276.9,1128.9
,,,,,,,,5631,1391.9,1736.9,5906.1,2077.3,2704.4,2761.7,1660.6,1190.8,1644.2,6142.7,2307.9,1164.7
,,,,,,,,5632,1444.2,1793.4,6110.4,2132.1,2848.8,2816.2,1742.9,1235.7,1736.8,6384.9,2443.4,1210.3
,,,,,,,,5633,1524.0,1867.9,6471.8,2289.9,2979.0,2955.0,1829.9,1295.7,1801.1,6685.1,2550.9,1280.6
,,,,,,,,5634,1576.7,1960.1,6646.8,2391.7,3082.6,3147.9,1897.1,1356.7,1917.0,6884.2,2664.5,1320.3
,,,,,,,,5635,1595.9,1993.4,6835.5,2421.2,3188.8,3159.7,1962.4,1395.5,1926.9,6994.5,2744.5,1356.5
,,,,,,,,5636,1586.9,1955.7,6799.2,2369.0,3158.6,3105.5,1929.8,1386.6,1892.1,6950.1,2651.7,1350.2
,,,,,,,,5637,1508.5,1876.2,6418.0,2263.3,3023.3,2999.5,1828.3,1295.0,1805.8,6668.2,2543.8,1269.0
,,,,,,,,5638,1454.8,1822.9,6097.4,2172.3,2815.1,2834.0,1751.8,1262.4,1751.8,6225.0,2454.6,1199.1
,,,,,,,,5639,1384.3,1719.0,5839.7,2075.8,2701.1,2761.5,1656.4,1181.7,1652.5,5978.4,2319.1,1149.1
,,,,,,,,5640,1327.2,1685.8,5677.3,2028.5,2616.7,2655.6,1624.1,1170.7,1623.0,5826.4,2272.8,1144.5
,,,,,,,,5641,1239.4,1563.6,5373.2,1877.6,2439.9,2482.4,1498.1,1082.0,1504.4,5442.9,2141.1,1040.4
,,,,,,,,5642,1173.3,1491.1,5091.6,1771.5,2311.2,2351.6,1445.4,1042.1,1416.6,5205.2,2021.2,986.0
,,,,,,,,5643,1106.1,1400.7,4744.1,1705.3,2244.8,2245.3,1354.8,961.7,1357.0,4900.7,1910.0,939.0
,,,,,,,,5644,1101.4,1383.4,4692.7,1636.0,2166.5,2202.0,1335.6,955.3,1331.7,4757.3,1848.0,931.9
,,,,,,,,5645,1154.8,1427.3,4883.3,1745.1,2284.0,2272.6,1373.4,993.2,1376.0,5047.3,1945.7,968.4
,,,,,,,,5646,1261.2,1583.1,5367.5,1882.1,2477.5,2476.5,1504.9,1103.0,1516.5,5535.3,2156.0,1053.1
,,,,,,,,5647,1397.5,1755.6,5929.7,2119.8,2794.0,2799.7,1705.5,1219.3,1686.5,6091.6,2375.7,1164.5
,,,,,,,,5648,1510.3,1856.8,6394.0,2251.5,2984.2,2961.5,1843.6,1326.3,1810.3,6555.9,2578.1,1262.4
,,,,,,,,5649,1534.5,1938.4,6573.3,2365.2,3112.3,3050.9,1860.3,1353.0,1880.0,6794.7,2612.7,1318.3
,,,,,,,,5650,1532.1,1922.0,6495.7,2291.6,3018.2,3081.8,1843.9,1317.7,1846.4,6801.2,2576.3,1279.0
,,,,,,,,5651,1461.6,1835.7,6299.7,2226.6,2896.7,2877.9,1788.2,1261.7,1751.5,6407.8,2500.8,1247.1
,,,,,,,,5652,1425.2,1760.3,5911.1,2129.4,2782.0,2778.8,1699.5,1230.5,1679.4,6243.1,2378.4,1180.6
,,,,,,,,5653,1352.2,1693.7,5799.2,2048.0,2672.7,2719.8,1648.3,1196.3,1668.5,6007.8,2316.7,1159.4
,,,,,,,,5654,1352.4,1685.4,5709.6,2028.7,2687.8,2676.7,1644.0,1189.8,1659.6,6056.5,2282.2,1154.5
,,,,,,,,5655,1387.2,1732.9,5963.5,2098.1,2742.8,2736.4,1688.7,1216.0,1657.3,6120.4,2320.5,1176.4
,,,,,,,,5656,1458.2,1835.2,6182.3,2196.9,2840.2,2902.9,1759.0,1252.5,1741.6,6366.1,2441.4,1207.3
,,,,,,,,5657,1524.8,1906.1,6473.8,2278.5,2991.5,3027.6,1846.2,1311.8,1810.7,6666.0,2547.8,1268.9
,,,,,,,,5658,1571.1,1968.0,6860.7,2372.4,3139.2,3130.2,1925.9,1398.6,1912.6,7057.1,2696.8,1350.3
,,,,,,,,5659,1607.6,2029.5,6892.2,2418.6,3198.0,3187.9,1976.6,1389.8,1980.7,7029.3,2742.9,1377.2
,,,,,,,,5660,1606.5,1990.5,6798.0,2392.8,3177.5,3163.7,1941.9,1402.1,1924.7,7089.2,2656.5,1336.4
,,,,,,,,5661,1511.3,1885.4,6400.2,2277.5,3003.6,2995.9,1816.6,1311.0,1812.0,6757.7,2565.9,1277.7
,,,,,,,,5662,1445.0,1831.2,6090.3,2156.8,2902.2,2896.1,1723.6,1270.4,1748.3,6417.6,2437.4,1202.6
,,,,,,,,5663,1395.4,1750.4,5816.5,2093.9,2750.7,2738.3,1660.7,1217.7,1675.5,6118.4,2354.7,1162.0
,,,,,,,,5664,1344.3,1707.7,5817.0,2032.2,2641.0,2675.8,1653.4,1159.3,1608.8,6018.6,2303.9,1129.4
,,,,,,,,5665,1197.1,1460.0,4965.6,1770.2,2341.2,2365.4,1426.4,1034.3,1437.6,5253.8,1998.4,1000.3
,,,,,,,,5666,1109.1,1380.1,4721.2,1681.9,2211.9,2230.5,1341.7,987.3,1343.6,4861.3,1894.4,941.4
,,,,,,,,5667,1064.8,1337.5,4449.4,1588.2,2104.8,2068.5,1295.3,921.7,1274.6,4685.1,1764.1,892.1
,,,,,,,,5668,1036.3,1316.8,4471.4,1574.4,2073.2,2037.7,1262.5,893.9,1261.5,4502.0,1745.1,864.1
,,,,,,,,5669,1098.7,1365.9,4658.8,1653.0,2126.5,2127.9,1297.4,951.6,1292.9,4725.3,1815.7,926.3
,,,,,,,,5670,1205.2,1477.0,5005.2,1813.7,2384.4,2388.1,1444.7,1034.2,1438.6,5206.6,2012.5,999.6
,,,,,,,,5671,1329.2,1639.6,5581.9,2003.1,2629.0,2626.2,1571.7,1161.7,1603.7,5847.2,2204.6,1105.6
,,,,,,,,5672,1407.9,1801.8,5986.0,2144.1,2815.6,2857.6,1740.2,1246.0,1708.3,6328.3,2396.4,1211.7
,,,,,,,,5673,1461.6,1840.5,6302.1,2227.1,2891.6,2942.4,1761.6,1273.6,1787.6,6433.3,2487.6,1226.1
,,,,,,,,5674,1462.2,1817.2,6175.3,2202.4,2898.9,2849.4,1758.6,1274.7,1768.6,6466.4,2420.0,1216.6
,,,,,,,,5675,1407.2,1739.7,5880.6,2115.4,2796.5,2746.0,1661.8,1217.5,1658.3,6037.8,2351.3,1184.5
,,,,,,,,5676,1313.9,1648.5,5616.8,2003.2,2665.9,2673.6,1608.3,1151.5,1583.4,5787.5,2241.3,1105.4
,,,,,,,,5677,1310.4,1632.7,5455.5,1948.7,2530.3,2596.6,1577.1,1122.4,1551.6,5642.4,2173.9,1096.5
,,,,,,,,5678,1271.6,1624.8,5422.8,1940.1,2578.9,2569.2,1543.9,1107.1,1536.3,5614.9,2174.9,1077.3
,,,,,,,,5679,1302.5,1637.5,5565.0,1960.8,2594.6,2638.7,1575.9,1141.7,1583.4,5820.7,2215.3,1095.0
,,,,,,,,5680,1369.8,1691.1,5785.6,2042.1,2673.4,2750.4,1654.0,1204.7,1674.3,6054.3,2287.2,1136.7
,,,,,,,,5681,1426.0,1820.4,6214.8,2176.2,2814.3,2875.8,1736.4,1263.7,1716.3,6341.0,2400.0,1219.8
,,,,,,,,5682,1500.6,1874.3,6371.8,2251.1,2938.1,3021.3,1831.4,1294.0,1838.3,6629.7,2510.7,1254.6
,,,,,,,,5683,1552.3,1903.2,6442.6,2278.3,3024.4,3075.4,1839.7,1322.0,1875.1,6772.5,2609.3,1297.3
,,,,,,,,5684,1525.0,1907.8,6347.9,2280.5,2948.3,3021.3,1841.6,1291.8,1795.5,6541.7,2532.0,1282.3
,,,,,,,,5685,1428.5,1818.2,6171.0,2161.9,2881.4,2821.3,1756.9,1270.4,1734.2,6254.3,2443.3,1220.6
,,,,,,,,5686,1375.2,1707.3,5885.0,2027.1,2672.0,2740.1,1643.2,1189.8,1639.1,6065.0,2336.2,1146.3
,,,,,,,,5687,1308.2,1649.1,5622.6,1944.6,2595.9,2564.0,1581.8,1125.2,1589.5,5741.7,2201.4,1112.6
,,,,,,,,5688,1277.3,1587.5,5455.3,1924.2,2544.4,2536.9,1556.0,1108.0,1542.5,5674.9,2171.7,1068.0
,,,,,,,,5689,1187.9,1498.3,5029.5,1802.8,2378.7,2348.9,1447.9,1047.0,1457.8,5217.0,1981.1,990.7
,,,,,,,,5690,1129.1,1419.0,4794.1,1673.0,2217.0,2205.8,1363.3,966.4,1367.9,4985.1,1895.7,951.5
,,,,,,,,5691,1066.8,1343.3,4515.5,1624.7,2137.7,2094.0,1302.2,933.1,1303.7,4642.3,1810.9,888.0
,,,,,,,,5692,1047.0,1297.3,4434.4,1579.8,2069.9,2083.9,1281.8,910.7,1250.7,4562.8,1742.5,884.5
,,,,,,,,5693,1112.0,1362.9,4642.3,1632.6,2150.1,2150.8,1333.6,965.0,1336.5,4751.8,1817.2,911.7
,,,,,,,,5694,1190.1,1482.4,5079.7,1814.6,2404.9,2355.6,1456.1,1037.6,1437.4,5342.2,2026.9,993.5
,,,,,,,,5695,1324.2,1686.6,5645.3,2020.7,2615.7,2617.9,1611.2,1166.1,1612.5,5799.5,2254.7,1130.0
,,,,,,,,5696,1457.7,1775.9,6100.2,2128.1,2812.8,2848.9,1754.1,1232.3,1713.8,6249.3,2381.1,1220.1
,,,,,,,,5697,1466.1,1869.1,6344.1,2215.2,2949.8,2901.1,1809.8,1305.5,1773.4,6513.6,2505.0,1238.1
,,,,,,,,5698,1452.6,1826.4,6234.0,2170.8,2905.2,2867.9,1786.9,1287.8,1766.0,6404.8,2433.0,1238.4
,,,,,,,,5699,1417.5,1728.9,5980.9,2093.6,2780.3,2753.0,1679.4,1214.0,1717.3,6104.0,2326.8,1174.7
,,,,,,,,5700,1347.7,1667.0,5708.7,2033.8,2649.3,2654.1,1606.3,1157.1,1629.2,5830.1,2266.8,1115.8
,,,,,,,,5701,1294.5,1645.0,5519.2,1958.7,2609.5,2583.9,1582.3,1117.1,1563.4,5763.9,2214.3,1083.5
,,,,,,,,5702,1316.6,1600.6,5529.7,1929.1,2550.6,2553.8,1574.8,1131.1,1581.6,5715.1,2181.3,1072.5
,,,,,,,,5703,1336.0,1658.0,5692.9,1985.0,2589.5,2646.2,1592.0,1161.4,1619.1,5884.8,2202.1,1113.5
,,,,,,,,5704,1368.1,1711.7,5860.4,2061.7,2737.4,2757.3,1649.6,1185.2,1687.7,6036.8,2340.4,1147.2
,,,,,,,,5705,1466.7,1830.5,6257.1,2148.7,2862.9,2878.6,1741.8,1247.5,1773.2,6439.4,2457.1,1210.8
,,,,,,,,5706,1528.7,1879.8,6503.6,2275.5,3044.1,2980.8,1842.9,1305.4,1822.4,6632.7,2511.2,1262.9
,,,,,,,,5707,1548.4,1903.0,6510.8,2287.8,3069.8,3080.8,1885.4,1351.2,1851.8,6698.3,2590.0,1280.1
,,,,,,,,5708,1510.2,1917.8,6458.2,2254.4,3048.7,2963.6,1838.0,1305.4,1855.2,6708.7,2528.4,1282.2
,,,,,,,,5709,1440.7,1842.0,6251.8,2160.3,2886.3,2841.1,1745.3,1263.4,1778.5,6323.3,2460.8,1200.8
,,,,,,,,5710,1381.2,1704.3,5815.4,2096.3,2693.5,2768.2,1643.5,1191.0,1682.1,6028.4,2318.4,1148.0
,,,,,,,,5711,1330.1,1674.6,5662.6,1971.2,2626.9,2597.3,1601.8,1145.0,1595.0,5805.4,2196.5,1112.6
,,,,,,,,5712,1295.7,1630.3,5449.5,1913.4,2514.3,2553.7,1542.8,1103.4,1534.8,5597.4,2137.2,1083.7
,,,,,,,,5713,1267.6,1598.0,5504.1,1935.8,2544.6,2522.8,1543.5,1126.3,1525.9,5542.4,2150.1,1071.5
,,,,,,,,5714,1193.0,1497.7,5072.3,1786.6,2427.9,2379.6,1459.0,1041.7,1449.0,5310.8,2018.2,1004.1
,,,,,,,,5715,1130.3,1426.5,4888.8,1704.6,2292.1,2291.6,1398.4,980.0,1367.3,5054.8,1886.8,942.8
,,,,,,,,5716,1122.3,1406.4,4790.1,1707.8,2219.6,2233.8,1351.8,978.5,1346.8,4891.5,1848.0,929.8
,,,,,,,,5717,1171.2,1466.3,4921.1,1765.3,2291.2,2315.3,1398.3,1022.0,1421.6,5123.2,1975.3,976.0
,,,,,,,,5718,1277.5,1616.3,5434.6,1932.4,2579.4,2562.2,1551.1,1118.2,1532.1,5732.2,2137.3,1064.1
,,,,,,,,5719,1440.0,1782.4,6119.0,2148.2,2823.1,2814.1,1713.8,1253.1,1696.7,6274.5,2366.4,1203.5
,,,,,,,,5720,1525.3,1895.2,6592.6,2313.5,3051.7,3066.0,1852.1,1343.9,1830.1,6676.5,2598.5,1286.7
,,,,,,,,5721,1582.8,2015.9,6756.3,2402.4,3164.6,3136.8,1932.3,1379.2,1936.7,7089.6,2666.4,1331.2
,,,,,,,,5722,1573.5,1978.1,6736.2,2359.8,3063.1,3078.1,1874.2,1348.1,1871.5,6913.6,2647.7,1316.1
,,,,,,,,5723,1497.3,1878.4,6329.5,2289.7,3022.1,3008.6,1824.4,1316.9,1813.7,6596.8,2474.5,1266.4
,,,,,,,,5724,1456.6,1798.5,6169.2,2181.4,2879.9,2861.8,1724.6,1265.8,1742.3,6258.3,2368.8,1205.8
,,,,,,,,5725,1386.9,1759.2,5854.3,2067.8,2786.9,2772.1,1663.4,1221.0,1698.6,6219.9,2339.2,1161.4
,,,,,,,,5726,1411.2,1752.0,5948.5,2103.7,2769.9,2780.7,1692.6,1210.8,1673.7,6102.2,2328.3,1151.5
,,,,,,,,5727,1423.0,1749.6,5965.1,2151.4,2785.7,2803.4,1702.5,1220.4,1710.0,6183.9,2401.6,1201.1
,,,,,,,,5728,1471.9,1839.6,6241.6,2218.5,2900.5,2932.6,1777.5,1284.6,1772.8,6417.1,2440.7,1233.9
,,,,,,,,5729,1541.2,1942.0,6708.8,2353.2,3078.0,3059.0,1890.0,1355.6,1898.3,6746.7,2620.2,1281.4
,,,,,,,,5730,1622.4,2006.2,6850.1,2469.9,3183.9,3197.6,1957.5,1413.3,1953.7,7218.3,2735.5,1361.8
,,,,,,,,5731,1679.0,2068.6,7080.4,2451.7,3298.6,3249.6,2003.7,1441.4,1979.0,7249.5,2779.4,1369.0
,,,,,,,,5732,1635.5,2015.2,6955.8,2467.2,3229.3,3190.0,1947.9,1421.4,1944.6,7194.2,2742.3,1377.1
,,,,,,,,5733,1568.8,1924.9,6597.2,2339.8,3059.0,3125.3,1896.1,1358.4,1863.8,6831.2,2563.0,1288.5
,,,,,,,,5734,1482.3,1848.4,6344.5,2221.3,2936.2,2902.1,1770.8,1297.4,1766.2,6544.4,2437.6,1248.4
,,,,,,,,5735,1434.6,1794.9,6020.9,2134.0,2830.8,2805.8,1692.4,1218.7,1684.9,6208.7,2375.4,1169.4
,,,,,,,,5736,1361.2,1704.7,5830.9,2048.0,2760.9,2735.3,1660.0,1192.6,1664.8,6055.7,2300.5,1139.5
,,,,,,,,5737,1289.0,1617.0,5533.5,1900.0,2529.4,2528.8,1561.1,1113.5,1565.7,5645.2,2164.7,1069.8
,,,,,,,,5738,1213.1,1502.2,5195.0,1826.8,2385.9,2406.2,1456.6,1054.0,1459.3,5426.1,2038.0,1015.8
,,,,,,,,5739,1160.0,1457.4,4841.3,1735.5,2306.0,2262.9,1405.1,999.9,1375.3,5019.2,1930.1,959.3
,,,,,,,,5740,1139.3,1404.7,4760.4,1705.9,2238.1,2242.3,1361.7,985.3,1378.4,5003.3,1875.5,952.0
,,,,,,,,5741,1177.8,1469.0,4991.4,1765.4,2329.6,2343.5,1431.4,1029.4,1441.4,5189.2,1946.9,975.2
,,,,,,,,5742,1297.0,1614.5,5452.2,1929.0,2599.6,2563.5,1543.3,1141.5,1571.6,5654.8,2129.6,1072.6
,,,,,,,,5743,1441.2,1818.7,6114.0,2183.2,2809.5,2831.1,1728.3,1251.2,1734.3,6377.2,2373.4,1178.1
,,,,,,,,5744,1552.2,1946.2,6523.3,2306.3,3048.9,3038.6,1883.8,1355.7,1856.6,6878.1,2614.6,1280.7
,,,,,,,,5745,1582.7,2013.3,6755.4,2400.7,3186.5,3130.1,1911.5,1408.5,1954.6,7004.1,2659.3,1328.4
,,,,,,,,5746,1581.7,1956.6,6701.2,2372.5,3114.7,3119.5,1919.3,1365.6,1928.3,6974.0,2599.5,1299.4
,,,,,,,,5747,1504.1,1870.4,6445.6,2284.5,3028.2,3015.7,1822.5,1307.8,1823.1,6650.0,2491.8,1260.1
,,,,,,,,5748,1446.5,1788.5,6191.4,2175.3,2910.8,2871.8,1726.5,1278.0,1729.1,6276.4,2432.5,1189.6
,,,,,,,,5749,1426.9,1750.6,5972.3,2136.5,2766.6,2776.1,1715.3,1236.9,1697.1,6274.0,2319.2,1160.4
,,,,,,,,5750,1407.2,1752.8,5893.6,2113.8,2774.0,2769.1,1686.8,1213.6,1691.3,6099.4,2300.7,1173.6
,,,,,,,,5751,1444.0,1792.6,6098.6,2128.5,2849.5,2814.0,1732.7,1230.2,1727.2,6316.9,2386.5,1189.8
,,,,,,,,5752,1498.8,1833.3,6264.4,2235.2,2985.3,2966.5,1785.0,1307.2,1820.6,6629.8,2500.3,1238.7
,,,,,,,,5753,1585.6,1946.2,6621.7,2319.1,3106.3,3133.9,1910.4,1373.2,1902.1,6932.3,2594.5,1316.2
,,,,,,,,5754,1619.9,2044.4,6880.7,2458.5,3270.5,3265.1,2001.5,1425.9,1957.5,7133.9,2763.7,1355.3
,,,,,,,,5755,1654.0,2077.7,7170.5,2496.6,3319.5,3321.1,2005.8,1444.2,2028.1,7417.3,2746.5,1365.1
,,,,,,,,5756,1658.6,2021.2,6920.4,2427.6,3240.6,3213.8,1974.7,1433.5,1985.3,7196.2,2721.9,1374.8
,,,,,,,,5757,1562.2,1939.4,6597.9,2328.6,3090.6,3066.3,1905.1,1351.0,1904.0,6918.1,2580.4,1321.3
,,,,,,,,5758,1481.0,1882.2,6256.2,2225.5,2979.7,2931.1,1810.8,1279.9,1820.9,6466.4,2446.0,1230.9
,,,,,,,,5759,1411.5,1796.9,6139.4,2112.2,2822.8,2834.9,1727.3,1232.7,1705.4,6352.6,2372.5,1170.8
,,,,,,,,5760,1377.1,1731.3,5873.7,2062.5,2785.4,2773.3,1670.0,1200.1,1696.3,6118.0,2313.9,1159.1
,,,,,,,,5761,1291.2,1610.0,5572.4,1930.5,2548.5,2584.3,1583.6,1127.7,1562.7,5628.7,2129.8,1077.4
,,,,,,,,5762,1228.1,1539.1,5222.2,1824.3,2442.6,2408.5,1490.3,1067.2,1471.4,5410.9,2052.2,1026.7
,,,,,,,,5763,1144.6,1432.4,4991.0,1724.2,2294.8,2272.9,1387.3,1023.5,1392.0,5168.6,1944.2,947.0
,,,,,,,,5764,1146.2,1422.0,4831.6,1711.4,2266.3,2232.8,1366.9,998.9,1373.7,5085.7,1909.3,938.2
,,,,,,,,5765,1178.5,1473.6,5035.4,1767.9,2367.4,2379.5,1440.4,1045.0,1424.7,5312.2,1972.3,993.2
,,,,,,,,5766,1322.3,1650.9,5568.1,1971.1,2576.1,2600.0,1593.7,1137.7,1591.1,5710.2,2166.2,1089.0
,,,,,,,,5767,1432.8,1817.8,6210.9,2191.1,2899.4,2901.9,1740.6,1246.3,1752.0,6445.1,2392.0,1200.1
,,,,,,,,5768,1570.6,1935.7,6650.6,2353.7,3076.3,3057.0,1867.0,1339.2,1887.0,6856.7,2561.4,1290.4
,,,,,,,,5769,1624.9,2029.9,6861.5,2390.5,3161.2,3201.6,1963.1,1390.0,1941.5,7155.0,2638.0,1331.6
,,,,,,,,5770,1599.2,1962.3,6659.2,2393.3,3116.2,3173.2,1920.6,1399.2,1945.7,6904.7,2626.6,1332.0
,,,,,,,,5771,1512.3,1919.1,6452.4,2303.1,2987.7,3033.6,1870.4,1334.4,1818.9,6709.1,2549.8,1269.5
,,,,,,,,5772,1445.6,1826.3,6121.9,2196.7,2857.7,2898.3,1737.4,1272.0,1778.6,6464.0,2405.6,1212.8
,,,,,,,,5773,1416.0,1778.0,6030.6,2137.0,2822.5,2788.7,1699.2,1237.0,1734.0,6255.5,2344.6,1178.0
,,,,,,,,5774,1405.3,1742.7,6068.5,2087.5,2761.6,2770.4,1695.8,1243.4,1730.5,6240.0,2351.9,1157.8
,,,,,,,,5775,1430.0,1823.1,6035.9,2129.5,2890.8,2852.0,1754.8,1256.9,1751.0,6366.4,2361.5,1204.7
,,,,,,,,5776,1483.9,1855.3,6318.2,2228.0,2957.4,2989.2,1828.6,1300.3,1809.7,6607.4,2457.1,1259.7
,,,,,,,,5777,1567.6,1980.7,6614.1,2338.9,3127.3,3128.2,1911.7,1374.2,1883.6,7048.3,2602.4,1288.5
,,,,,,,,5778,1636.6,2067.1,6986.6,2486.0,3311.5,3284.5,2018.9,1447.1,1972.7,7325.4,2741.3,1371.1
,,,,,,,,5779,1652.5,2066.5,7185.0,2512.4,3359.8,3287.1,2006.3,1441.5,2050.4,7454.1,2815.8,1373.4
,,,,,,,,5780,1656.8,2066.5,7079.2,2452.6,3284.9,3237.9,2017.8,1423.9,1973.6,7273.9,2717.7,1363.7
,,,,,,,,5781,1559.6,1943.0,6767.2,2376.1,3174.9,3119.1,1899.5,1383.0,1903.6,6943.3,2610.1,1303.5
,,,,,,,,5782,1500.9,1893.6,6384.5,2215.2,2970.4,3008.1,1789.1,1299.5,1792.8,6544.6,2501.9,1241.9
,,,,,,,,5783,1434.1,1818.0,6049.3,2123.4,2870.6,2860.7,1722.1,1244.6,1718.6,6364.0,2412.0,1195.8
,,,,,,,,5784,1405.3,1775.4,6009.2,2075.9,2734.8,2809.8,1691.7,1203.7,1715.2,6252.1,2301.1,1159.2
,,,,,,,,5785,1322.3,1611.9,5551.0,1971.1,2625.0,2573.3,1595.6,1127.6,1556.6,5782.7,2141.6,1075.3
,,,,,,,,5786,1231.7,1523.5,5228.5,1850.2,2441.8,2478.1,1512.2,1060.8,1512.7,5389.5,2033.4,1031.4
,,,,,,,,5787,1165.1,1451.4,4889.8,1738.5,2289.8,2293.3,1423.2,1016.8,1393.4,5186.7,1907.2,955.8
,,,,,,,,5788,1134.2,1419.0,4827.2,1706.3,2306.4,2268.2,1370.8,1005.7,1398.5,5047.4,1870.9,936.0
,,,,,,,,5789,1210.8,1499.0,5051.9,1820.7,2352.3,2368.0,1431.0,1038.1,1448.3,5358.4,1982.2,997.5
,,,,,,,,5790,1308.9,1635.9,5590.4,1987.1,2626.7,2616.1,1593.1,1159.8,1611.9,5793.4,2185.5,1100.9
,,,,,,,,5791,1441.7,1794.4,6229.6,2209.1,2850.5,2867.3,1769.5,1261.3,1743.2,6394.0,2431.2,1183.8
,,,,,,,,5792,1586.4,1938.0,6623.2,2385.4,3076.3,3099.1,1905.9,1384.0,1913.4,6923.0,2628.1,1288.3
,,,,,,,,5793,1635.7,2010.2,6973.0,2410.1,3197.2,3247.6,1986.2,1415.6,1980.6,7108.1,2695.4,1344.8
,,,,,,,,5794,1614.9,2013.5,6835.9,2423.8,3173.7,3225.7,1965.1,1401.6,1945.1,7102.8,2623.4,1338.0
,,,,,,,,5795,1516.2,1899.8,6461.2,2333.4,3035.2,3042.9,1877.8,1335.2,1849.8,6787.6,2500.8,1281.0
,,,,,,,,5796,1468.9,1841.8,6165.7,2213.9,2937.6,2916.2,1784.2,1284.3,1767.0,6377.3,2454.8,1219.1
,,,,,,,,5797,1444.3,1767.9,6149.0,2165.7,2841.2,2843.2,1737.6,1233.7,1750.2,6250.2,2350.8,1176.9
,,,,,,,,5798,1435.7,1769.4,6044.3,2105.5,2782.5,2794.4,1731.7,1220.4,1716.5,6208.0,2360.6,1173.2
,,,,,,,,5799,1435.8,1796.9,6174.2,2163.9,2891.8,2890.6,1759.5,1247.2,1729.9,6291.0,2429.2,1186.3
,,,,,,,,5800,1521.5,1884.3,6418.0,2276.7,2969.1,2989.2,1818.2,1321.0,1806.4,6731.9,2483.5,1248.4
,,,,,,,,5801,1574.2,2001.5,6814.6,2406.3,3136.8,3189.1,1902.5,1365.9,1922.4,7039.0,2608.1,1299.6
,,,,,,,,5802,1670.8,2070.5,6981.8,2520.5,3271.7,3270.2,2025.5,1468.5,2039.1,7351.3,2748.5,1391.5
,,,,,,,,5803,1667.5,2081.4,7116.9,2496.0,3343.5,3364.2,2052.8,1461.5,2044.0,7412.9,2820.8,1411.5
,,,,,,,,5804,1637.4,2098.7,7119.4,2500.7,3247.7,3326.7,2007.7,1457.1,2028.9,7353.5,2763.9,1357.0
,,,,,,,,5805,1587.1,2010.8,6780.1,2392.8,3169.4,3161.6,1925.2,1390.6,1908.1,6993.5,2658.0,1314.5
,,,,,,,,5806,1503.3,1867.2,6458.4,2245.7,2983.4,2988.4,1807.8,1317.4,1811.7,6593.7,2459.8,1249.9
,,,,,,,,5807,1431.5,1826.9,6145.1,2139.3,2888.5,2912.9,1755.3,1257.6,1734.7,6282.3,2413.8,1190.2
,,,,,,,,5808,1402.3,1753.1,6027.9,2103.4,2793.3,2835.6,1731.4,1238.4,1699.3,6292.0,2298.6,1165.7
,,,,,,,,5809,1316.8,1663.4,5614.4,1941.5,2634.1,2604.1,1604.0,1160.3,1582.7,5867.9,2149.0,1086.6
,,,,,,,,5810,1228.4,1534.8,5269.4,1837.0,2442.5,2489.1,1513.8,1072.4,1487.1,5540.9,2068.9,1014.0
,,,,,,,,5811,1183.5,1457.7,4988.6,1749.6,2335.9,2327.1,1416.5,1037.6,1444.1,5182.5,1946.8,957.6
,,,,,,,,5812,1149.5,1456.1,4931.6,1714.3,2317.5,2307.4,1411.4,998.2,1391.0,5126.8,1906.5,964.1
,,,,,,,,5813,1202.9,1516.1,5120.5,1835.9,2424.8,2417.6,1446.2,1058.9,1478.0,5260.3,2008.3,987.0
,,,,,,,,5814,1310.6,1658.2,5705.7,2007.8,2660.1,2669.2,1582.5,1150.7,1580.0,5809.3,2202.1,1094.6
,,,,,,,,5815,1482.5,1850.0,6184.6,2204.9,2915.3,2944.4,1788.9,1291.1,1780.6,6414.0,2447.3,1218.9
,,,,,,,,5816,1564.3,1968.0,6760.7,2349.4,3159.2,3186.9,1893.3,1386.3,1908.4,7067.3,2566.7,1315.5
,,,,,,,,5817,1650.6,2014.1,6943.2,2482.8,3278.7,3236.5,1959.4,1408.4,1951.5,7178.4,2695.3,1355.2
,,,,,,,,5818,1609.7,2019.4,6888.0,2455.0,3197.6,3221.7,1952.1,1387.1,1940.5,7084.0,2648.9,1340.1
,,,,,,,,5819,1560.0,1956.8,6558.8,2319.7,3089.2,3113.7,1864.2,1362.4,1851.6,6914.9,2555.7,1255.2
,,,,,,,,5820,1481.4,1842.3,6363.3,2211.5,2974.1,2978.2,1816.2,1296.7,1767.3,6615.5,2413.1,1223.2
,,,,,,,,5821,1426.2,1813.2,6033.0,2128.9,2889.7,2892.1,1718.9,1268.3,1715.0,6266.1,2400.1,1182.2
,,,,,,,,5822,1451.4,1802.2,6024.0,2122.1,2884.6,2860.7,1739.1,1243.2,1744.8,6287.0,2356.7,1164.1
,,,,,,,,5823,1475.6,1803.5,6164.1,2214.1,2925.8,2862.2,1773.0,1285.9,1788.8,6412.9,2407.7,1184.8
,,,,,,,,5824,1526.9,1910.6,6395.9,2265.2,2976.6,3025.9,1819.4,1332.8,1828.0,6774.2,2493.6,1261.5
,,,,,,,,5825,1577.3,1975.3,6749.7,2430.6,3202.1,3203.1,1963.4,1403.3,1951.5,7121.3,2668.9,1313.9
,,,,,,,,5826,1686.4,2064.6,7110.3,2493.6,3347.9,3287.1,2025.4,1437.1,1997.1,7332.9,2731.7,1366.0
,,,,,,,,5827,1709.1,2137.4,7150.6,2571.4,3420.2,3370.8,2079.7,1480.9,2030.7,7532.7,2800.3,1404.2
,,,,,,,,5828,1679.4,2112.5,7114.3,2485.2,3324.7,3280.0,2006.8,1457.4,2041.5,7420.6,2733.3,1375.0
,,,,,,,,5829,1579.2,2019.9,6803.0,2398.5,3224.2,3202.1,1912.5,1377.8,1919.2,7128.8,2667.9,1311.8
,,,,,,,,5830,1538.8,1926.3,6536.3,2287.5,3027.3,3009.7,1831.5,1340.4,1824.4,6734.6,2501.1,1261.9
,,,,,,,,5831,1463.5,1840.0,6153.5,2176.7,2927.3,2910.9,1790.4,1262.7,1758.0,6462.1,2429.5,1191.4
,,,,,,,,5832,1413.3,1774.8,6079.9,2123.3,2815.1,2842.6,1736.8,1235.0,1714.7,6185.3,2329.9,1154.6
,,,,,,,,5833,1242.7,1550.0,5209.3,1886.4,2453.9,2453.5,1514.0,1087.7,1512.7,5557.8,2037.6,1020.5
,,,,,,,,5834,1184.3,1488.7,4987.2,1776.9,2325.0,2372.9,1440.5,1040.9,1431.4,5146.7,1934.9,966.3
,,,,,,,,5835,1117.8,1376.5,4773.0,1662.4,2208.9,2230.4,1329.6,981.2,1364.3,4938.9,1810.7,916.9
,,,,,,,,5836,1083.1,1358.7,4649.7,1659.3,2195.5,2146.9,1321.6,965.7,1341.2,4895.4,1817.3,891.7
,,,,,,,,5837,1147.2,1414.5,4901.6,1726.3,2277.6,2303.6,1364.9,1004.6,1388.5,5050.6,1864.5,935.9
,,,,,,,,5838,1266.1,1578.9,5287.8,1901.1,2466.2,2505.9,1497.2,1089.3,1532.5,5552.0,2057.0,1027.8
,,,,,,,,5839,1367.3,1748.6,5984.4,2059.2,2764.3,2739.7,1685.9,1197.8,1662.3,6106.2,2270.1,1143.4
,,,,,,,,5840,1483.1,1875.5,6345.9,2221.6,2962.9,2995.2,1807.3,1291.9,1812.4,6654.1,2460.9,1222.3
,,,,,,,,5841,1562.7,1917.0,6507.9,2291.1,3032.4,3054.6,1882.8,1332.7,1890.0,6773.7,2559.9,1283.0
,,,,,,,,5842,1525.3,1887.2,6488.2,2258.8,3047.4,3066.6,1858.7,1327.1,1850.8,6675.1,2533.7,1249.6
,,,,,,,,5843,1459.3,1838.6,6199.3,2224.3,2935.4,2882.5,1768.8,1276.5,1798.5,6374.0,2425.1,1201.6
,,,,,,,,5844,1388.7,1760.3,6003.8,2082.1,2816.0,2798.5,1673.3,1205.3,1722.0,6123.0,2284.4,1138.3
,,,,,,,,5845,1348.3,1676.7,5817.3,2057.8,2738.4,2713.6,1626.2,1183.4,1646.8,5958.0,2211.5,1121.9
,,,,,,,,5846,1348.3,1716.5,5800.8,2009.5,2674.7,2688.4,1664.7,1190.0,1621.8,5906.7,2248.6,1122.0
,,,,,,,,5847,1398.6,1751.3,5809.0,2062.9,2735.0,2779.6,1689.3,1188.1,1680.0,6064.8,2233.1,1149.6
,,,,,,,,5848,1430.6,1788.1,6073.3,2171.1,2849.9,2891.4,1755.0,1244.3,1756.1,6419.8,2354.0,1196.7
,,,,,,,,5849,1508.0,1868.2,6347.0,2300.1,3046.5,2969.0,1853.1,1333.9,1856.7,6689.4,2459.9,1248.4
,,,,,,,,5850,1590.9,1979.4,6717.8,2347.6,3112.8,3131.2,1938.4,1395.7,1947.3,6954.4,2599.8,1281.0
,,,,,,,,5851,1608.3,1988.1,6758.4,2423.4,3209.0,3191.7,1971.6,1418.2,1931.8,7139.2,2623.2,1309.9
,,,,,,,,5852,1590.5,1963.3,6774.1,2392.3,3136.1,3194.2,1922.3,1391.0,1906.4,6978.2,2595.3,1311.9
,,,,,,,,5853,1521.7,1917.7,6475.5,2254.3,3006.9,2980.4,1855.8,1311.3,1825.8,6726.1,2487.6,1224.3
,,,,,,,,5854,1427.1,1816.5,6155.7,2186.7,2858.8,2880.0,1733.5,1257.3,1766.7,6372.2,2394.0,1175.3
,,,,,,,,5855,1390.2,1725.6,5835.0,2090.0,2718.6,2770.3,1680.3,1207.7,1668.3,6128.1,2230.9,1133.6
,,,,,,,,5856,1343.5,1684.5,5637.5,2042.9,2641.4,2646.7,1612.8,1182.9,1610.8,5920.8,2209.2,1102.4
,,,,,,,,5857,1270.9,1588.9,5400.1,1864.7,2482.8,2519.6,1526.5,1102.4,1536.2,5449.6,2063.7,1020.0
,,,,,,,,5858,1200.5,1464.5,4989.8,1767.1,2347.8,2327.3,1454.9,1025.1,1443.2,5208.7,1925.2,972.3
,,,,,,,,5859,1123.6,1420.0,4795.4,1659.8,2246.0,2252.0,1363.3,984.5,1361.3,4894.6,1833.9,925.7
,,,,,,,,5860,1095.2,1374.2,4656.4,1644.2,2168.5,2179.4,1349.5,964.9,1324.4,4824.0,1778.6,909.3
,,,,,,,,5861,1140.9,1433.4,4952.6,1749.4,2271.8,2312.5,1378.1,1000.9,1382.4,5125.9,1869.4,932.3
,,,,,,,,5862,1254.2,1560.4,5413.7,1871.7,2533.0,2477.9,1536.8,1100.5,1544.2,5512.4,2036.2,1040.8
,,,,,,,,5863,1397.0,1750.9,5926.7,2125.8,2782.5,2816.5,1691.5,1237.4,1689.6,6148.2,2262.2,1148.3
,,,,,,,,5864,1509.0,1868.5,6480.5,2296.3,3006.4,3034.2,1855.4,1315.3,1849.8,6677.1,2453.0,1221.2
,,,,,,,,5865,1582.4,1935.3,6661.8,2353.9,3069.7,3129.9,1896.2,1364.9,1905.5,6787.2,2574.1,1258.2
,,,,,,,,5866,1539.3,1897.4,6491.3,2284.0,3087.0,3041.3,1845.8,1335.0,1868.5,6866.9,2504.3,1269.4
,,,,,,,,5867,1471.3,1863.1,6199.1,2228.1,2951.4,2962.1,1816.4,1276.4,1772.6,6571.2,2397.2,1218.8
,,,,,,,,5868,1400.0,1744.8,6014.6,2144.5,2774.9,2801.7,1721.9,1218.1,1712.5,6223.9,2298.5,1156.8
,,,,,,,,5869,1358.2,1716.0,5769.9,2053.0,2749.9,2745.8,1645.5,1185.3,1680.4,6026.5,2237.5,1134.9
,,,,,,,,5870,1382.3,1707.0,5831.4,2037.8,2730.4,2749.7,1638.4,1183.7,1661.7,6081.2,2219.3,1127.2
,,,,,,,,5871,1385.0,1732.9,5980.3,2057.4,2781.7,2801.1,1681.3,1227.5,1700.3,6067.9,2249.8,1123.8
,,,,,,,,5872,1453.4,1788.0,6197.8,2197.9,2881.7,2855.1,1771.6,1253.3,1772.2,6477.1,2342.2,1185.2
,,,,,,,,5873,1522.5,1915.7,6492.8,2306.6,3076.7,3079.3,1854.4,1319.4,1873.9,6713.3,2479.8,1230.5
,,,,,,,,5874,1591.2,2010.4,6771.6,2377.6,3142.9,3149.4,1921.0,1398.1,1923.9,6980.9,2618.8,1292.3
,,,,,,,,5875,1599.0,2035.7,6940.3,2412.3,3240.3,3194.8,1948.0,1396.6,1964.4,7256.3,2658.3,1316.1
,,,,,,,,5876,1590.8,2018.6,6779.8,2397.9,3155.1,3203.3,1915.3,1397.7,1930.4,7131.3,2625.8,1315.9
,,,,,,,,5877,1534.8,1887.6,6510.9,2264.2,3007.3,2995.2,1845.8,1334.2,1830.8,6710.3,2459.9,1265.6
,,,,,,,,5878,1442.8,1812.1,6068.8,2151.1,2897.5,2922.2,1778.1,1257.8,1774.6,6428.9,2379.4,1196.3
,,,,,,,,5879,1408.3,1744.3,5852.6,2077.8,2765.3,2789.3,1673.2,1199.5,1660.2,6198.7,2263.2,1138.3
,,,,,,,,5880,1352.1,1715.8,5800.9,2023.2,2697.6,2656.3,1627.4,1173.5,1624.2,5963.0,2191.1,1114.0
,,,,,,,,5881,1359.8,1684.1,5670.8,1997.4,2655.5,2669.0,1648.7,1190.8,1613.1,5955.2,2216.3,1104.1
,,,,,,,,5882,1273.5,1576.8,5450.7,1909.5,2497.9,2543.2,1541.4,1120.5,1537.3,5567.4,2088.7,1047.9
,,,,,,,,5883,1192.0,1517.8,5058.5,1808.2,2421.6,2386.1,1465.3,1048.7,1469.3,5302.8,1947.3,975.7
,,,,,,,,5884,1182.2,1471.6,5028.8,1766.3,2383.8,2337.8,1433.0,1022.4,1419.9,5181.5,1907.4,966.6
,,,,,,,,5885,1225.4,1539.1,5181.7,1844.8,2478.7,2422.4,1502.8,1066.6,1478.4,5520.9,2034.0,1008.0
,,,,,,,,5886,1359.4,1675.6,5704.8,2019.3,2679.5,2698.9,1630.0,1186.5,1618.5,5916.7,2179.7,1090.0
,,,,,,,,5887,1509.0,1893.7,6393.1,2246.0,2956.1,2939.0,1836.6,1298.0,1793.1,6546.9,2438.2,1220.2
,,,,,,,,5888,1613.9,1999.1,6856.5,2437.5,3242.9,3213.1,1974.1,1417.4,1974.9,7204.1,2610.5,1320.8
,,,,,,,,5889,1682.0,2085.2,7032.3,2516.4,3356.6,3350.9,2019.5,1479.2,2050.1,7305.5,2722.8,1340.9
,,,,,,,,5890,1654.8,2067.2,6932.4,2465.1,3268.1,3274.2,2006.2,1452.2,1976.3,7192.0,2699.7,1333.0
,,,,,,,,5891,1579.1,1972.4,6786.3,2362.9,3116.0,3162.8,1925.6,1395.6,1934.9,7018.3,2550.0,1284.5
,,,,,,,,5892,1519.2,1879.1,6499.9,2269.7,3001.0,3039.0,1827.0,1322.5,1841.3,6614.0,2455.1,1228.8
,,,,,,,,5893,1464.3,1833.2,6204.6,2175.5,2954.3,2911.4,1780.7,1294.4,1795.7,6404.8,2381.9,1186.9
,,,,,,,,5894,1477.5,1831.0,6181.8,2166.6,2931.0,2912.9,1752.5,1275.9,1790.7,6444.4,2352.7,1190.8
,,,,,,,,5895,1512.3,1857.8,6406.8,2204.5,3007.5,3003.6,1787.8,1309.6,1816.0,6598.9,2406.8,1205.7
,,,,,,,,5896,1567.7,1924.4,6574.1,2363.1,3116.3,3056.4,1889.7,1342.6,1883.9,6918.3,2555.5,1251.8
,,,,,,,,5897,1647.0,2052.8,6913.2,2433.8,3251.3,3214.8,1967.1,1432.3,1993.5,7319.1,2627.3,1343.0
,,,,,,,,5898,1714.2,2155.4,7204.2,2551.2,3361.3,3369.6,2093.3,1511.2,2083.0,7581.2,2747.8,1383.9
,,,,,,,,5899,1740.0,2192.1,7286.5,2613.5,3451.7,3491.2,2113.3,1514.3,2091.1,7664.1,2870.5,1431.0
,,,,,,,,5900,1689.7,2116.5,7191.0,2551.9,3449.5,3443.3,2049.2,1496.8,2092.7,7589.6,2785.4,1398.5
,,,,,,,,5901,1636.1,2045.2,7032.8,2438.7,3222.5,3255.4,1964.9,1447.8,2003.6,7202.1,2667.9,1320.7
,,,,,,,,5902,1549.2,1943.3,6643.5,2341.7,3048.9,3105.3,1896.9,1374.5,1861.8,6877.8,2494.3,1259.6
,,,,,,,,5903,1497.3,1876.8,6357.0,2223.4,3006.5,3005.0,1799.4,1297.3,1800.6,6593.5,2454.7,1204.1
,,,,,,,,5904,1469.5,1832.8,6179.2,2164.8,2904.4,2877.7,1780.9,1271.1,1739.1,6507.1,2398.2,1183.9
,,,,,,,,5905,1339.4,1688.3,5818.7,2048.4,2729.8,2716.2,1637.7,1175.7,1657.1,6019.1,2186.2,1081.6
,,,,,,,,5906,1292.6,1580.5,5470.2,1916.3,2536.5,2571.4,1556.0,1109.7,1536.2,5643.4,2099.2,1029.2
,,,,,,,,5907,1209.1,1533.1,5143.7,1819.9,2424.0,2383.1,1490.5,1060.3,1491.4,5373.0,1987.9,985.3
,,,,,,,,5908,1198.7,1507.0,5090.2,1767.4,2333.8,2344.4,1464.0,1032.8,1430.8,5257.1,1935.4,956.5
,,,,,,,,5909,1241.8,1576.9,5275.9,1885.6,2470.7,2479.8,1526.4,1085.4,1512.3,5531.3,2024.5,996.2
,,,,,,,,5910,1380.4,1709.4,5861.4,2060.3,2698.2,2677.8,1634.8,1199.1,1640.2,6053.2,2184.8,1101.7
,,,,,,,,5911,1509.7,1901.2,6447.1,2230.7,3019.4,2985.0,1841.6,1306.9,1834.1,6659.6,2450.2,1222.1
,,,,,,,,5912,1642.8,2030.6,6886.1,2478.2,3239.3,3247.7,1967.6,1434.1,1989.1,7180.1,2661.0,1324.5
,,,,,,,,5913,1683.4,2094.5,7217.4,2524.0,3324.5,3381.9,2061.3,1452.5,2067.5,7496.5,2753.7,1376.3
,,,,,,,,5914,1638.3,2100.0,7108.5,2490.7,3276.7,3288.6,2042.8,1465.4,1990.5,7399.2,2660.6,1353.3
,,,,,,,,5915,1588.5,1977.9,6856.3,2399.3,3155.8,3208.4,1910.5,1374.0,1935.8,6966.0,2584.1,1294.2
,,,,,,,,5916,1513.4,1894.6,6437.3,2305.8,3015.3,3050.3,1861.7,1328.8,1872.2,6783.5,2471.3,1228.4
,,,,,,,,5917,1470.7,1864.9,6301.1,2230.7,2912.9,2939.3,1783.3,1303.9,1787.8,6614.1,2378.3,1186.1
,,,,,,,,5918,1480.8,1865.9,6343.6,2190.1,2930.9,2917.8,1777.8,1293.3,1764.2,6601.5,2399.9,1208.2
,,,,,,,,5919,1513.2,1864.9,6475.5,2274.9,2956.5,2949.9,1799.0,1319.7,1836.3,6623.4,2470.1,1202.1
,,,,,,,,5920,1550.4,1931.4,6647.4,2360.2,3088.3,3112.1,1896.6,1388.3,1929.7,6905.2,2515.2,1276.3
,,,,,,,,5921,1644.8,2048.0,7093.2,2449.7,3284.9,3306.8,1996.0,1459.8,2004.4,7253.5,2659.1,1342.1
,,,,,,,,5922,1714.4,2184.1,7248.0,2593.3,3383.9,3444.0,2105.3,1517.0,2086.9,7620.1,2806.5,1400.5
,,,,,,,,5923,1745.9,2218.4,7536.1,2597.1,3458.4,3538.8,2151.1,1520.0,2143.9,7647.6,2842.3,1442.6
,,,,,,,,5924,1713.0,2184.1,7366.1,2553.4,3429.9,3433.5,2091.3,1491.7,2081.6,7515.2,2804.1,1389.6
,,,,,,,,5925,1635.7,2032.4,7027.1,2435.2,3314.3,3260.0,2019.6,1423.6,1996.4,7250.8,2646.5,1341.0
,,,,,,,,5926,1567.9,1942.8,6657.0,2371.8,3135.3,3088.8,1928.6,1348.5,1879.3,6882.6,2503.2,1285.3
,,,,,,,,5927,1501.7,1884.4,6365.6,2235.9,2990.2,3023.6,1807.6,1317.8,1847.5,6625.3,2440.6,1205.7
,,,,,,,,5928,1444.8,1839.8,6135.2,2192.0,2870.5,2898.5,1772.5,1261.4,1779.2,6551.4,2373.5,1202.7
,,,,,,,,5929,1370.1,1700.2,5771.1,2073.4,2725.1,2694.1,1646.9,1187.4,1676.0,6115.8,2220.7,1097.6
,,,,,,,,5930,1296.0,1606.3,5499.2,1932.6,2544.6,2551.3,1554.5,1129.0,1589.9,5670.9,2088.3,1048.7
,,,,,,,,5931,1212.6,1513.9,5214.1,1814.0,2409.2,2421.4,1492.3,1078.6,1482.9,5381.4,1978.6,977.7
,,,,,,,,5932,1206.7,1513.1,5021.2,1770.0,2397.1,2398.7,1449.4,1062.5,1476.5,5293.0,1925.2,970.4
,,,,,,,,5933,1239.0,1558.6,5339.3,1881.3,2486.1,2464.6,1537.6,1087.5,1532.4,5520.7,2019.6,998.4
,,,,,,,,5934,1379.2,1701.9,5895.8,2036.1,2706.8,2709.3,1695.0,1197.8,1656.6,6153.7,2243.0,1119.4
,,,,,,,,5935,1515.6,1904.4,6389.9,2302.1,3045.7,3041.5,1867.1,1311.7,1856.2,6648.9,2487.7,1216.5
,,,,,,,,5936,1641.7,2025.1,7025.5,2453.8,3260.8,3228.4,2000.3,1424.5,1986.5,7360.7,2669.6,1329.7
,,,,,,,,5937,1685.7,2128.4,7171.5,2514.7,3418.5,3399.1,2081.3,1473.8,2047.0,7555.7,2715.7,1353.9
,,,,,,,,5938,1658.2,2073.9,7059.0,2526.1,3343.5,3294.6,2018.6,1458.9,2010.2,7332.0,2691.9,1341.6
,,,,,,,,5939,1624.6,2009.7,6848.7,2397.1,3201.8,3170.0,1924.3,1392.8,1960.6,7008.4,2599.8,1301.8
,,,,,,,,5940,1546.9,1933.8,6582.2,2314.3,3032.4,3090.4,1848.3,1341.9,1840.9,6762.3,2460.3,1225.7
,,,,,,,,5941,1495.9,1883.2,6364.1,2214.4,3002.3,2950.3,1787.7,1289.4,1821.2,6620.9,2385.5,1203.3
,,,,,,,,5942,1481.7,1846.8,6370.1,2228.4,2925.1,2970.3,1787.8,1284.1,1830.5,6554.9,2398.9,1183.6
,,,,,,,,5943,1535.2,1864.8,6353.2,2293.5,3034.2,2983.3,1853.8,1340.5,1859.9,6613.8,2453.7,1239.2
,,,,,,,,5944,1567.9,1958.6,6689.8,2359.5,3160.2,3106.2,1914.9,1379.4,1934.7,6922.8,2549.4,1293.7
,,,,,,,,5945,1667.4,2044.7,7080.2,2464.3,3263.9,3279.0,2032.2,1439.8,2009.9,7455.7,2653.3,1354.6
,,,,,,,,5946,1751.5,2141.8,7352.4,2615.1,3448.2,3484.5,2097.4,1533.0,2098.6,7573.7,2840.4,1402.3
,,,,,,,,5947,1781.1,2214.4,7588.1,2614.2,3499.2,3489.5,2124.2,1531.3,2138.8,7820.6,2840.8,1422.0
,,,,,,,,5948,1723.5,2165.9,7286.2,2572.9,3472.5,3436.7,2129.6,1511.6,2129.3,7744.9,2807.8,1417.7
,,,,,,,,5949,1636.0,2054.6,7009.3,2483.2,3325.3,3264.8,2044.7,1435.6,2033.1,7286.5,2658.2,1344.1
,,,,,,,,5950,1594.4,1997.3,6780.9,2395.7,3182.7,3180.5,1889.1,1380.6,1940.6,6975.9,2577.9,1270.5
,,,,,,,,5951,1492.0,1870.1,6436.6,2294.0,3040.9,3004.7,1841.0,1305.7,1853.6,6765.2,2424.3,1233.8
,,,,,,,,5952,1457.1,1836.8,6315.5,2227.9,2893.9,2974.7,1784.8,1277.0,1772.2,6442.3,2363.7,1185.5
,,,,,,,,5953,1376.3,1735.5,5843.2,2051.6,2777.1,2763.2,1672.8,1201.1,1682.4,6143.8,2224.4,1093.9
,,,,,,,,5954,1283.9,1647.2,5492.6,1926.2,2556.9,2628.5,1583.1,1125.4,1601.3,5724.2,2077.3,1055.4
,,,,,,,,5955,1238.8,1517.2,5164.4,1846.1,2486.7,2454.8,1486.3,1070.7,1502.9,5488.6,2009.4,999.1
,,,,,,,,5956,1201.7,1510.4,5074.1,1814.5,2378.5,2426.5,1477.1,1046.7,1458.2,5379.5,1916.5,977.8
,,,,,,,,5957,1260.6,1573.4,5321.1,1907.1,2500.4,2514.6,1541.8,1089.0,1545.3,5507.8,2055.5,1029.4
,,,,,,,,5958,1388.9,1741.4,5855.2,2077.0,2744.1,2798.3,1691.0,1211.6,1689.1,6151.9,2222.1,1109.4
,,,,,,,,5959,1534.7,1923.4,6589.0,2279.2,3050.5,3098.7,1840.3,1332.2,1881.5,6739.5,2468.1,1217.1
,,,,,,,,5960,1650.2,2052.3,6946.6,2463.9,3329.7,3314.6,1988.0,1462.0,2016.0,7246.1,2633.6,1340.2
,,,,,,,,5961,1722.6,2126.5,7159.6,2600.3,3444.7,3422.8,2084.9,1475.2,2085.9,7470.5,2776.1,1393.4
,,,,,,,,5962,1699.4,2093.5,7228.8,2535.8,3341.5,3395.3,2047.6,1499.6,2067.6,7382.3,2679.1,1371.5
,,,,,,,,5963,1627.5,1991.7,6771.1,2433.9,3182.9,3195.3,1970.2,1434.4,1966.8,7207.1,2631.1,1304.9
,,,,,,,,5964,1556.0,1947.8,6485.0,2306.7,3097.5,3045.7,1868.6,1336.7,1869.3,6835.7,2510.6,1249.2
,,,,,,,,5965,1489.8,1871.0,6352.7,2241.7,2986.8,3032.1,1836.6,1305.9,1819.9,6566.6,2439.4,1201.4
,,,,,,,,5966,1511.8,1886.8,6402.7,2244.7,2980.2,2952.7,1826.1,1315.5,1838.8,6707.9,2406.2,1221.4
,,,,,,,,5967,1518.9,1898.7,6572.6,2264.9,3047.1,3020.2,1855.1,1352.9,1882.9,6703.5,2424.3,1246.7
,,,,,,,,5968,1589.2,1971.3,6740.1,2364.6,3200.8,3168.5,1956.3,1402.5,1934.5,6997.8,2538.4,1275.9
,,,,,,,,5969,1697.6,2079.9,7034.1,2527.6,3362.5,3335.0,2053.9,1444.8,2007.5,7475.5,2691.6,1359.3
,,,,,,,,5970,1738.3,2214.4,7502.3,2659.2,3448.2,3442.6,2158.6,1539.8,2150.3,7773.2,2796.6,1390.0
,,,,,,,,5971,1782.8,2205.2,7467.9,2654.8,3577.3,3596.1,2158.6,1549.5,2154.4,7967.6,2842.3,1422.7
,,,,,,,,5972,1771.7,2167.5,7422.3,2655.4,3494.0,3472.2,2132.0,1515.3,2122.1,7778.4,2808.7,1406.0
,,,,,,,,5973,1678.0,2121.1,7206.7,2514.2,3351.8,3357.4,2039.4,1455.1,2023.2,7479.3,2685.8,1350.7
,,,,,,,,5974,1576.6,1993.6,6670.8,2349.1,3146.5,3125.6,1915.7,1390.2,1938.1,7139.1,2520.5,1283.8
,,,,,,,,5975,1518.0,1885.6,6432.6,2251.6,3030.1,3057.8,1873.4,1346.4,1832.8,6652.1,2426.2,1226.8
,,,,,,,,5976,1477.1,1842.2,6325.2,2256.5,2986.9,2950.7,1794.3,1300.3,1794.1,6540.8,2415.7,1184.5
,,,,,,,,5977,1393.2,1742.8,5960.2,2092.6,2767.1,2738.3,1671.2,1220.7,1690.4,6067.7,2248.8,1099.1
,,,,,,,,5978,1307.6,1635.7,5596.7,1959.7,2624.9,2576.7,1572.4,1158.1,1573.5,5844.2,2128.8,1046.8
,,,,,,,,5979,1245.7,1527.8,5299.4,1883.4,2462.7,2479.7,1504.9,1077.9,1496.2,5543.7,2017.0,992.0
,,,,,,,,5980,1227.5,1516.5,5158.5,1816.8,2451.2,2427.5,1488.2,1070.0,1485.3,5459.8,1944.1,967.3
,,,,,,,,5981,1255.1,1586.1,5332.5,1931.8,2541.8,2519.9,1532.8,1116.9,1551.8,5674.6,2049.6,1028.6
,,,,,,,,5982,1383.7,1757.3,5970.4,2108.2,2793.2,2808.1,1721.3,1225.0,1695.2,6103.8,2256.2,1127.9
,,,,,,,,5983,1533.6,1917.0,6532.6,2318.8,3075.7,3051.0,1885.6,1343.5,1874.3,6887.1,2499.1,1228.6
,,,,,,,,5984,1679.0,2073.1,7175.8,2523.6,3343.6,3338.6,2002.7,1467.3,2052.2,7334.9,2645.0,1329.4
,,,,,,,,5985,1719.8,2166.6,7350.5,2603.6,3470.4,3439.3,2121.9,1531.5,2076.4,7614.0,2794.2,1369.2
,,,,,,,,5986,1718.6,2146.6,7116.0,2532.2,3377.7,3404.9,2070.4,1477.5,2048.2,7547.9,2690.2,1372.8
,,,,,,,,5987,1605.1,2007.0,6993.0,2430.9,3266.0,3299.2,1983.0,1430.9,1975.8,7263.5,2613.2,1326.1
,,,,,,,,5988,1561.4,1942.5,6566.3,2313.9,3071.9,3131.1,1884.9,1383.1,1888.2,6860.6,2462.9,1265.6
,,,,,,,,5989,1496.2,1904.7,6369.9,2294.6,3035.3,3012.9,1848.8,1323.2,1835.7,6651.0,2429.4,1222.0
,,,,,,,,5990,1529.5,1901.7,6349.2,2277.4,3052.2,2976.8,1843.3,1322.4,1858.1,6626.0,2449.8,1198.5
,,,,,,,,5991,1532.1,1904.7,6596.5,2332.5,3046.8,3101.1,1849.0,1359.5,1875.1,6849.2,2469.8,1248.6
,,,,,,,,5992,1598.5,1987.5,6722.3,2402.5,3215.2,3178.5,1955.7,1414.5,1924.5,7191.2,2536.6,1276.3
,,,,,,,,5993,1687.4,2097.8,7060.3,2548.2,3359.6,3353.2,2061.9,1480.4,2030.2,7375.4,2702.4,1340.5
,,,,,,,,5994,1743.5,2194.9,7463.4,2603.2,3564.4,3546.7,2166.9,1553.8,2156.2,7866.1,2839.2,1418.5
,,,,,,,,5995,1777.0,2237.3,7520.1,2710.8,3529.4,3559.2,2178.5,1591.2,2184.7,7828.8,2848.3,1417.0
,,,,,,,,5996,1781.5,2182.4,7577.6,2661.2,3488.7,3555.6,2123.2,1562.6,2156.2,7865.4,2821.5,1418.2
,,,,,,,,5997,1681.2,2117.1,7199.9,2543.3,3416.4,3408.1,2056.0,1492.6,2069.2,7481.4,2693.8,1341.1
,,,,,,,,5998,1606.0,1974.4,6769.2,2398.8,3184.8,3231.6,1959.2,1403.8,1921.6,7149.9,2533.6,1281.8
,,,,,,,,5999,1542.8,1940.4,6499.0,2307.5,3031.2,3029.8,1874.6,1361.0,1886.9,6902.4,2449.4,1239.0
,,,,,,,,6000,1496.6,1846.4,6316.6,2239.1,3022.9,3020.3,1794.9,1310.0,1834.0,6600.8,2396.8,1205.1
,,,,,,,,6001,1303.8,1655.7,5531.7,1989.9,2637.2,2628.1,1613.6,1145.1,1600.6,5732.2,2105.7,1055.3
,,,,,,,,6002,1235.7,1560.0,5265.8,1874.9,2484.7,2481.6,1508.2,1099.3,1528.5,5582.6,1981.0,1006.1
,,,,,,,,6003,1182.6,1445.7,5059.7,1751.1,2357.0,2356.5,1445.2,1032.8,1439.3,5224.2,1858.5,950.4
,,,,,,,,6004,1141.6,1460.0,4886.4,1750.1,2271.7,2277.0,1417.8,1024.8,1423.6,5080.3,1825.9,911.0
,,,,,,,,6005,1198.0,1526.9,5186.0,1807.4,2408.0,2395.8,1450.6,1055.9,1482.7,5280.2,1918.0,972.0
,,,,,,,,6006,1302.8,1662.1,5607.5,1973.9,2602.9,2629.6,1626.2,1154.9,1608.4,5946.1,2126.0,1065.0
,,,,,,,,6007,1468.8,1830.4,6253.9,2162.3,2953.1,2926.6,1760.2,1293.7,1797.9,6482.4,2362.8,1161.2
,,,,,,,,6008,1597.9,1948.2,6725.9,2361.3,3113.1,3170.6,1951.5,1405.4,1948.7,7002.8,2512.5,1245.1
,,,,,,,,6009,1652.9,2016.0,6946.2,2423.8,3268.0,3218.3,2013.0,1413.7,1961.1,7284.7,2645.9,1290.9
,,,,,,,,6010,1588.3,2002.1,6850.7,2384.2,3233.2,3223.4,1961.9,1399.6,1989.7,7243.3,2538.5,1301.2
,,,,,,,,6011,1521.8,1940.1,6640.2,2298.8,3075.2,3119.0,1886.9,1343.7,1864.8,6877.1,2494.8,1246.0
,,,,,,,,6012,1467.7,1868.8,6188.6,2240.1,2935.4,2980.1,1805.8,1278.6,1811.1,6600.2,2390.1,1179.0
,,,,,,,,6013,1413.4,1779.5,6077.3,2181.3,2901.2,2860.7,1744.4,1274.6,1743.7,6326.7,2302.5,1161.6
,,,,,,,,6014,1435.0,1800.4,6085.2,2170.6,2838.9,2881.4,1762.1,1253.4,1719.4,6309.5,2296.1,1141.4
,,,,,,,,6015,1455.9,1829.7,6148.3,2160.8,2893.4,2880.5,1769.3,1263.9,1772.8,6366.4,2322.3,1163.7
,,,,,,,,6016,1501.0,1883.7,6452.4,2260.8,3063.8,3072.7,1871.7,1327.3,1874.9,6776.7,2417.9,1207.6
,,,,,,,,6017,1613.8,2024.1,6865.7,2398.4,3172.3,3158.5,1966.7,1396.6,1946.7,7148.0,2584.2,1262.0
,,,,,,,,6018,1661.7,2114.4,7106.9,2502.0,3379.4,3348.1,2009.4,1448.6,2024.2,7307.6,2689.7,1347.9
,,,,,,,,6019,1690.3,2152.8,7169.1,2565.3,3367.7,3382.6,2040.9,1485.5,2096.4,7605.1,2727.1,1366.6
,,,,,,,,6020,1679.4,2113.5,7055.6,2498.9,3291.5,3359.0,2040.1,1462.9,2012.8,7470.6,2668.8,1333.6
,,,,,,,,6021,1604.6,1980.6,6702.0,2383.2,3234.5,3210.7,1974.4,1408.9,1921.9,7112.1,2519.8,1293.1
,,,,,,,,6022,1501.9,1888.7,6516.9,2261.9,2999.8,3028.2,1855.1,1335.8,1829.7,6634.5,2402.2,1218.6
,,,,,,,,6023,1439.4,1802.1,6099.5,2150.5,2911.7,2908.3,1777.7,1263.6,1771.6,6455.5,2310.5,1149.4
,,,,,,,,6024,1407.1,1753.0,6091.8,2156.0,2820.3,2837.1,1750.8,1253.9,1713.7,6373.2,2280.0,1134.5
,,,,,,,,6025,1325.6,1665.3,5649.7,1978.6,2678.3,2652.3,1631.3,1167.4,1615.7,5862.8,2079.1,1048.7
,,,,,,,,6026,1265.4,1575.5,5303.5,1897.4,2466.3,2471.8,1503.6,1089.5,1506.7,5608.0,2001.1,982.2
,,,,,,,,6027,1193.2,1468.4,4984.9,1756.9,2347.6,2345.9,1460.6,1026.7,1443.5,5288.9,1857.6,936.7
,,,,,,,,6028,1169.7,1447.3,4897.2,1766.4,2317.0,2351.9,1407.7,1030.4,1415.4,5097.4,1865.3,925.4
,,,,,,,,6029,1222.6,1530.4,5158.2,1845.9,2406.0,2403.5,1479.6,1066.7,1489.1,5383.9,1922.5,975.2
,,,,,,,,6030,1338.7,1648.1,5598.9,2024.6,2634.5,2636.2,1635.8,1184.3,1628.3,5915.4,2115.9,1057.8
,,,,,,,,6031,1490.2,1833.6,6238.3,2230.2,2969.7,2919.0,1771.0,1274.9,1789.9,6534.9,2314.9,1170.7
,,,,,,,,6032,1584.6,1998.6,6785.3,2382.7,3147.0,3170.0,1920.0,1395.5,1929.4,7034.8,2563.1,1282.6
,,,,,,,,6033,1667.6,2063.0,7085.1,2486.2,3287.3,3282.4,1994.8,1452.9,2019.2,7331.3,2611.4,1311.4
,,,,,,,,6034,1621.3,2043.6,6899.2,2452.0,3224.3,3261.1,1961.8,1427.9,1956.8,7140.3,2584.5,1273.0
,,,,,,,,6035,1572.8,1934.2,6586.0,2323.1,3101.4,3127.8,1918.0,1376.0,1884.9,6911.0,2484.0,1231.9
,,,,,,,,6036,1507.1,1842.4,6313.9,2235.9,2939.3,2939.9,1804.0,1316.1,1828.3,6593.4,2388.5,1191.8
,,,,,,,,6037,1429.4,1826.2,6179.7,2189.4,2851.7,2850.7,1772.7,1257.4,1775.4,6419.8,2329.7,1142.5
,,,,,,,,6038,1451.1,1780.1,6028.4,2164.6,2859.4,2854.2,1773.5,1250.1,1736.2,6382.1,2272.8,1153.0
,,,,,,,,6039,1483.0,1850.9,6256.4,2177.4,2949.7,2917.6,1798.5,1281.9,1814.4,6496.3,2302.8,1176.9
,,,,,,,,6040,1507.7,1908.1,6461.2,2280.6,3059.2,3049.2,1841.8,1336.1,1867.3,6860.4,2440.8,1202.2
,,,,,,,,6041,1621.5,2037.5,6905.8,2434.1,3192.6,3244.0,1972.4,1407.1,1965.9,7126.8,2586.7,1277.3
,,,,,,,,6042,1703.1,2106.2,7071.7,2493.2,3385.1,3411.7,2026.5,1496.8,2049.5,7493.9,2672.4,1336.7
,,,,,,,,6043,1707.2,2117.6,7314.9,2561.7,3443.4,3409.6,2106.7,1499.5,2095.0,7666.3,2719.7,1377.4
,,,,,,,,6044,1666.8,2120.0,7247.5,2550.0,3325.9,3349.5,2076.3,1467.8,2030.3,7470.2,2663.0,1351.0
,,,,,,,,6045,1588.1,2039.5,6874.6,2430.3,3201.1,3244.8,1944.8,1432.5,1990.5,7238.5,2601.1,1280.0
,,,,,,,,6046,1526.0,1890.0,6554.3,2279.1,3023.2,3026.0,1850.2,1357.8,1857.9,6731.6,2436.7,1207.2
,,,,,,,,6047,1456.0,1809.9,6273.4,2204.1,2940.4,2965.5,1762.0,1282.1,1793.1,6592.7,2337.7,1181.3
,,,,,,,,6048,1412.3,1790.2,6074.2,2146.7,2825.7,2859.5,1763.4,1250.7,1721.9,6287.6,2271.0,1137.8
,,,,,,,,6049,1398.6,1787.4,6091.2,2137.2,2874.4,2797.9,1708.0,1243.5,1721.2,6315.3,2228.0,1110.0
,,,,,,,,6050,1331.3,1695.2,5621.4,2020.2,2667.8,2692.1,1658.0,1177.5,1654.9,6013.7,2120.5,1065.6
,,,,,,,,6051,1274.8,1571.0,5307.2,1873.6,2572.7,2561.8,1524.2,1117.6,1549.3,5704.5,1983.4,996.5
,,,,,,,,6052,1248.2,1556.6,5323.1,1886.2,2501.9,2492.9,1534.6,1096.9,1527.0,5599.7,1979.2,980.8
,,,,,,,,6053,1310.9,1627.2,5456.2,1935.5,2613.8,2605.9,1596.0,1131.3,1601.3,5743.8,2063.7,1033.5
,,,,,,,,6054,1441.7,1762.2,6040.4,2111.1,2890.1,2892.4,1747.2,1259.5,1730.1,6272.7,2231.4,1123.3
,,,,,,,,6055,1590.9,1956.1,6628.8,2338.0,3155.2,3176.7,1919.9,1389.7,1956.2,6923.3,2534.3,1258.4
,,,,,,,,6056,1724.1,2150.9,7281.4,2538.3,3451.2,3406.6,2089.8,1492.7,2074.0,7652.5,2706.5,1345.7
,,,,,,,,6057,1740.0,2180.5,7509.3,2675.3,3557.8,3507.1,2138.2,1535.3,2175.0,7720.9,2766.5,1381.7
,,,,,,,,6058,1719.3,2190.3,7433.6,2591.3,3485.5,3433.5,2119.2,1515.1,2093.5,7809.4,2737.0,1379.5
,,,,,,,,6059,1672.3,2077.7,7080.7,2526.2,3328.7,3371.7,2057.9,1475.9,2041.5,7491.6,2657.2,1337.9
,,,,,,,,6060,1615.4,2002.4,6852.9,2400.2,3178.6,3198.0,1954.2,1401.9,1965.1,7160.5,2564.7,1251.4
,,,,,,,,6061,1563.5,1938.2,6654.1,2337.8,3081.2,3127.5,1874.4,1351.3,1908.9,6921.3,2423.9,1224.5
,,,,,,,,6062,1541.1,1942.8,6561.9,2339.0,3072.2,3085.1,1908.6,1350.6,1894.0,6835.0,2482.1,1236.3
,,,,,,,,6063,1593.3,1941.0,6586.5,2331.2,3103.4,3157.4,1893.2,1393.3,1917.8,6951.2,2516.5,1233.8
,,,,,,,,6064,1657.4,2060.8,7050.2,2460.4,3244.2,3252.6,1983.0,1425.1,2001.0,7336.3,2616.5,1317.7
,,,,,,,,6065,1709.3,2160.7,7339.6,2584.0,3414.2,3432.4,2078.4,1494.4,2114.5,7759.0,2714.8,1374.5
,,,,,,,,6066,1790.8,2270.3,7553.1,2734.3,3628.1,3595.8,2225.6,1593.8,2177.0,7962.5,2840.2,1445.4
,,,,,,,,6067,1851.5,2287.3,7822.3,2753.5,3665.7,3680.9,2211.5,1631.1,2265.7,8141.6,2871.2,1439.9
,,,,,,,,6068,1795.8,2224.0,7600.0,2703.5,3641.7,3604.6,2230.2,1562.0,2193.9,8013.7,2852.7,1441.6
,,,,,,,,6069,1743.0,2176.9,7374.9,2609.5,3456.2,3442.5,2096.0,1500.1,2083.5,7577.0,2726.2,1361.5
,,,,,,,,6070,1655.1,2030.7,6961.4,2474.1,3306.5,3296.9,2026.9,1452.6,1993.3,7183.1,2637.3,1284.0
,,,,,,,,6071,1550.5,1942.0,6619.0,2377.8,3145.2,3116.0,1914.6,1370.3,1944.1,6900.9,2523.0,1238.5
,,,,,,,,6072,1538.9,1928.6,6530.0,2319.9,3077.6,3095.0,1888.4,1361.2,1854.6,6809.8,2439.1,1231.5
,,,,,,,,6073,1409.6,1761.9,6145.1,2160.9,2816.6,2855.5,1747.0,1269.2,1754.3,6290.7,2237.9,1141.0
,,,,,,,,6074,1361.4,1686.8,5784.0,2036.4,2710.9,2740.6,1668.7,1170.4,1640.2,6031.9,2149.6,1077.4
,,,,,,,,6075,1271.7,1577.3,5362.8,1905.2,2588.3,2580.0,1564.4,1133.0,1541.4,5746.1,2011.2,998.0
,,,,,,,,6076,1257.1,1555.1,5320.3,1883.7,2526.3,2491.4,1523.2,1091.1,1537.3,5563.8,1960.1,995.0
,,,,,,,,6077,1301.7,1659.4,5560.3,1954.0,2599.5,2658.3,1579.3,1147.5,1586.9,5850.0,2077.2,1042.3
,,,,,,,,6078,1425.1,1810.0,6158.3,2143.8,2896.4,2906.6,1776.1,1264.3,1748.1,6424.1,2242.8,1134.0
,,,,,,,,6079,1606.9,2017.4,6843.8,2400.5,3142.1,3163.4,1928.5,1379.2,1925.9,7175.7,2551.7,1261.8
,,,,,,,,6080,1694.6,2180.7,7390.3,2561.4,3420.4,3402.6,2127.0,1533.6,2114.6,7734.5,2705.4,1340.7
,,,,,,,,6081,1798.7,2248.6,7465.1,2662.9,3593.5,3553.2,2173.2,1578.7,2176.7,7988.5,2772.2,1400.6
,,,,,,,,6082,1753.1,2164.7,7390.0,2595.9,3473.0,3504.3,2109.7,1525.7,2142.3,7871.4,2740.1,1388.0
,,,,,,,,6083,1703.0,2088.8,7208.4,2497.6,3386.3,3346.6,2023.5,1480.4,2048.6,7541.7,2659.5,1324.4
,,,,,,,,6084,1610.5,1995.9,6843.1,2375.0,3222.0,3258.5,1938.4,1433.2,1942.4,7244.3,2546.3,1260.6
,,,,,,,,6085,1538.4,1956.3,6548.4,2310.9,3141.2,3136.3,1882.8,1369.5,1897.5,6864.8,2450.7,1220.3
,,,,,,,,6086,1570.1,1959.5,6555.3,2320.3,3109.7,3071.9,1877.4,1367.7,1886.6,6961.2,2434.2,1219.1
,,,,,,,,6087,1570.2,1985.8,6640.4,2394.3,3190.4,3207.5,1912.0,1383.7,1962.3,6944.8,2473.3,1242.7
,,,,,,,,6088,1653.6,2037.7,7008.2,2466.5,3272.2,3266.6,1998.8,1456.6,2031.0,7330.7,2585.7,1289.5
,,,,,,,,6089,1753.4,2197.4,7359.7,2585.5,3501.5,3509.2,2122.2,1506.9,2143.8,7770.7,2777.0,1375.6
,,,,,,,,6090,1813.1,2264.1,7824.9,2733.1,3689.5,3660.5,2245.4,1581.5,2251.2,8125.7,2895.0,1429.5
,,,,,,,,6091,1851.5,2344.1,7966.3,2796.0,3705.5,3695.2,2241.2,1621.2,2245.6,8296.6,2902.3,1477.1
,,,,,,,,6092,1843.2,2283.9,7692.3,2721.1,3587.6,3672.2,2245.5,1600.5,2191.8,8155.4,2846.2,1421.2
,,,,,,,,6093,1718.0,2162.1,7440.2,2633.2,3483.4,3439.5,2120.3,1507.7,2140.2,7709.1,2746.5,1364.1
,,,,,,,,6094,1638.2,2069.3,7035.7,2486.3,3274.9,3350.5,2018.4,1463.9,2016.8,7276.1,2604.3,1291.9
,,,,,,,,6095,1589.8,1995.1,6667.3,2353.9,3176.4,3127.9,1936.2,1397.6,1961.0,6974.8,2464.8,1256.9
,,,,,,,,6096,1557.2,1931.9,6613.4,2284.1,3077.9,3058.3,1877.1,1369.3,1880.9,6804.0,2443.7,1205.2
,,,,,,,,6097,1456.0,1771.4,6093.1,2134.5,2903.6,2882.5,1737.0,1271.3,1762.5,6482.2,2257.9,1136.2
,,,,,,,,6098,1353.7,1693.7,5740.3,2062.5,2752.9,2745.8,1662.5,1206.3,1659.5,6053.0,2165.2,1087.4
,,,,,,,,6099,1273.1,1629.6,5495.9,1952.5,2572.4,2563.2,1587.0,1118.1,1572.4,5757.0,2008.0,1002.2
,,,,,,,,6100,1269.7,1566.7,5339.6,1874.8,2545.0,2548.8,1533.1,1097.9,1539.1,5697.2,2016.9,1008.1
,,,,,,,,6101,1340.4,1652.4,5691.0,1978.2,2663.6,2660.2,1595.6,1178.3,1609.9,5855.0,2081.2,1043.5
,,,,,,,,6102,1443.0,1808.5,6240.0,2167.1,2932.7,2882.2,1797.8,1268.8,1756.8,6445.9,2311.4,1156.3
,,,,,,,,6103,1605.5,2025.2,6781.5,2407.7,3249.2,3170.2,1950.7,1410.8,1947.0,7055.3,2511.0,1256.3
,,,,,,,,6104,1716.9,2163.8,7440.7,2608.1,3435.5,3451.9,2143.5,1533.1,2119.1,7800.6,2725.1,1377.1
,,,,,,,,6105,1788.7,2256.7,7654.8,2678.6,3635.7,3544.7,2173.9,1576.2,2191.4,7894.2,2781.4,1393.7
,,,,,,,,6106,1742.0,2176.1,7579.0,2632.0,3581.1,3549.2,2138.1,1549.1,2161.4,7973.4,2776.0,1379.4
,,,,,,,,6107,1698.6,2104.0,7176.8,2550.2,3442.6,3402.1,2054.8,1499.8,2079.7,7615.8,2637.9,1333.0
,,,,,,,,6108,1634.1,1998.7,6832.5,2437.6,3239.8,3276.3,1976.8,1409.9,1983.5,7255.0,2557.6,1289.4
,,,,,,,,6109,1553.3,1984.1,6723.8,2338.0,3184.3,3179.7,1934.2,1366.3,1931.9,7099.9,2493.5,1251.8
,,,,,,,,6110,1566.4,1933.9,6638.5,2324.2,3101.1,3150.9,1907.2,1390.3,1916.9,6988.2,2484.8,1225.5
,,,,,,,,6111,1585.0,1985.9,6851.9,2429.2,3179.2,3223.2,1928.4,1407.3,1944.7,7108.9,2496.9,1276.6
,,,,,,,,6112,1680.9,2080.9,7019.9,2477.3,3349.7,3364.7,2061.3,1450.6,2030.5,7446.7,2661.2,1323.1
,,,,,,,,6113,1768.7,2199.7,7393.6,2632.7,3558.0,3533.4,2131.0,1557.3,2169.9,7769.3,2736.2,1399.9
,,,,,,,,6114,1819.8,2266.1,7770.5,2769.0,3630.1,3722.8,2229.5,1620.9,2217.1,8182.1,2880.9,1456.5
,,,,,,,,6115,1858.9,2348.5,7851.7,2818.1,3770.7,3747.7,2247.9,1640.9,2257.3,8320.5,2912.6,1461.9
,,,,,,,,6116,1806.1,2261.3,7816.8,2754.7,3718.3,3701.9,2209.9,1595.2,2266.8,8091.8,2897.5,1424.4
,,,,,,,,6117,1731.0,2188.3,7378.3,2640.2,3482.6,3494.0,2140.1,1549.8,2131.5,7808.6,2799.0,1368.0
,,,,,,,,6118,1675.4,2058.3,7168.0,2525.6,3377.7,3287.7,2063.6,1454.2,2045.8,7297.4,2645.6,1327.0
,,,,,,,,6119,1588.2,1973.5,6876.0,2388.5,3216.7,3166.3,1961.1,1411.5,1933.0,7160.7,2513.3,1271.7
,,,,,,,,6120,1561.7,1915.7,6647.0,2312.1,3078.3,3077.7,1903.8,1387.0,1917.7,6878.3,2436.5,1206.7
,,,,,,,,6121,1467.8,1797.6,6181.4,2164.6,2929.2,2913.7,1757.6,1258.6,1768.0,6374.6,2283.3,1127.7
,,,,,,,,6122,1367.4,1689.0,5803.2,2081.4,2778.9,2779.1,1691.4,1204.9,1682.1,6065.4,2171.4,1086.6
,,,,,,,,6123,1281.9,1625.8,5584.6,1931.6,2571.5,2580.7,1581.0,1128.8,1604.2,5744.9,2035.2,1009.5
,,,,,,,,6124,1285.6,1616.5,5429.0,1934.8,2567.7,2517.9,1565.4,1126.7,1536.3,5618.0,2028.9,986.5
,,,,,,,,6125,1325.5,1657.0,5639.3,2013.8,2679.7,2675.7,1643.6,1165.6,1621.6,6004.4,2093.4,1056.9
,,,,,,,,6126,1448.6,1808.4,6283.9,2163.5,2890.2,2959.9,1778.0,1305.2,1792.0,6412.9,2288.4,1144.7
,,,,,,,,6127,1639.8,2039.1,6806.8,2431.8,3257.1,3212.8,1980.9,1421.4,1954.4,7250.5,2536.9,1270.5
,,,,,,,,6128,1724.8,2200.1,7310.6,2648.1,3506.6,3550.7,2164.9,1527.9,2108.3,7784.3,2729.0,1376.2
,,,,,,,,6129,1820.6,2272.4,7678.5,2739.3,3642.0,3650.3,2205.8,1595.5,2220.5,7955.1,2811.1,1409.0
,,,,,,,,6130,1765.0,2232.4,7484.0,2696.4,3614.5,3520.7,2148.0,1547.2,2200.1,7984.8,2811.7,1408.9
,,,,,,,,6131,1726.6,2103.3,7198.1,2590.5,3466.4,3378.5,2102.8,1497.0,2076.0,7495.0,2685.1,1352.7
,,,,,,,,6132,1654.3,2047.4,6878.6,2423.4,3294.8,3224.2,1977.4,1428.2,1977.2,7332.1,2545.0,1271.3
,,,,,,,,6133,1587.5,1992.6,6694.7,2352.8,3148.3,3204.3,1947.3,1392.5,1929.0,7061.8,2477.9,1248.7
,,,,,,,,6134,1602.1,1944.1,6639.9,2393.1,3197.7,3201.1,1927.3,1370.0,1933.7,6986.4,2465.0,1253.9
,,,,,,,,6135,1588.9,2000.0,6941.9,2389.5,3217.6,3223.0,1962.7,1428.2,1944.4,7247.6,2516.3,1277.5
,,,,,,,,6136,1666.5,2077.6,7179.1,2543.0,3404.0,3383.2,2042.7,1475.9,2069.6,7494.6,2596.0,1316.3
,,,,,,,,6137,1775.2,2240.6,7560.2,2614.8,3518.7,3590.7,2186.1,1574.7,2187.0,7780.3,2731.7,1393.4
,,,,,,,,6138,1861.8,2340.7,7938.7,2792.3,3688.8,3681.3,2248.6,1628.7,2255.8,8337.5,2884.7,1445.1
,,,,,,,,6139,1871.3,2349.5,7922.0,2822.6,3723.0,3753.9,2320.1,1650.8,2315.8,8323.8,2975.5,1484.4
,,,,,,,,6140,1868.2,2340.2,7757.4,2736.2,3662.5,3733.8,2223.5,1620.0,2257.7,8163.5,2868.7,1430.3
,,,,,,,,6141,1739.5,2202.5,7517.3,2651.4,3579.6,3587.2,2145.5,1554.5,2130.2,7769.8,2803.7,1405.6
,,,,,,,,6142,1677.2,2113.9,7219.0,2488.6,3380.0,3365.3,2056.2,1490.5,2044.4,7403.4,2657.8,1299.2
,,,,,,,,6143,1601.0,1987.8,6884.3,2425.1,3268.1,3220.0,1980.1,1407.4,1958.4,7145.2,2545.8,1261.0
,,,,,,,,6144,1563.9,1933.7,6744.9,2336.2,3129.1,3126.3,1896.1,1395.3,1906.3,6911.0,2444.2,1244.1
,,,,,,,,6145,1480.9,1846.2,6120.0,2206.7,2948.1,2896.2,1814.1,1299.0,1771.9,6522.2,2307.7,1130.7
,,,,,,,,6146,1378.4,1731.5,5846.3,2094.9,2808.6,2751.5,1685.1,1201.3,1692.9,6121.2,2156.2,1065.2
,,,,,,,,6147,1325.7,1632.9,5513.0,1963.8,2640.9,2649.1,1590.8,1149.4,1578.4,5759.0,2060.3,1034.3
,,,,,,,,6148,1284.4,1597.4,5521.4,1916.9,2616.1,2611.5,1568.7,1123.6,1557.9,5682.1,1987.7,1005.8
,,,,,,,,6149,1354.5,1693.9,5756.5,2041.2,2720.9,2665.3,1640.5,1172.0,1650.1,5937.6,2099.7,1040.6
,,,,,,,,6150,1459.0,1832.0,6265.0,2206.9,2940.1,2983.1,1804.3,1305.2,1827.6,6635.4,2313.4,1163.5
,,,,,,,,6151,1629.2,2053.5,6843.7,2467.6,3296.2,3316.4,2004.8,1425.0,1979.0,7345.7,2530.7,1277.7
,,,,,,,,6152,1764.3,2183.5,7588.2,2625.0,3569.0,3528.0,2129.7,1547.5,2130.5,7809.1,2748.7,1376.1
,,,,,,,,6153,1829.0,2287.0,7621.5,2752.9,3649.9,3633.2,2204.6,1579.0,2224.6,8084.0,2801.6,1441.4
,,,,,,,,6154,1769.6,2230.0,7700.9,2725.7,3619.9,3655.4,2224.6,1590.7,2175.2,8087.7,2789.4,1423.4
,,,,,,,,6155,1712.8,2151.7,7369.5,2583.6,3409.6,3492.1,2101.9,1494.3,2081.4,7590.0,2718.6,1347.7
,,,,,,,,6156,1633.8,2028.2,6967.2,2446.1,3347.7,3251.6,2033.9,1469.7,2018.7,7286.5,2552.4,1288.3
,,,,,,,,6157,1582.4,1976.7,6755.1,2420.7,3176.8,3232.8,1934.2,1415.9,1972.6,7088.6,2480.8,1253.6
,,,,,,,,6158,1612.2,2019.0,6670.6,2366.1,3195.5,3155.5,1939.0,1396.9,1967.6,7033.3,2463.2,1233.9
,,,,,,,,6159,1631.6,2030.2,6865.2,2421.6,3305.7,3286.4,2007.6,1420.7,1999.8,7134.7,2544.9,1266.8
,,,,,,,,6160,1685.0,2103.3,7131.3,2531.2,3435.3,3436.3,2084.8,1502.7,2064.8,7421.2,2654.4,1328.8
,,,,,,,,6161,1769.9,2235.3,7491.3,2698.6,3569.6,3573.0,2149.8,1570.1,2198.8,7823.8,2748.5,1394.7
,,,,,,,,6162,1860.4,2313.7,7918.3,2782.2,3703.0,3783.1,2287.0,1641.9,2283.5,8372.8,2881.7,1456.2
,,,,,,,,6163,1894.5,2365.2,8000.2,2863.0,3806.3,3821.8,2323.8,1682.1,2299.7,8490.0,2964.1,1484.0
,,,,,,,,6164,1879.8,2334.4,7902.8,2756.6,3693.9,3737.2,2252.5,1656.5,2302.8,8364.0,2929.3,1440.5
,,,,,,,,6165,1786.9,2255.7,7502.9,2662.2,3581.8,3566.3,2177.3,1545.7,2171.5,7862.9,2764.9,1373.5
,,,,,,,,6166,1715.1,2126.7,7214.1,2561.3,3397.0,3431.0,2067.2,1487.0,2097.6,7616.8,2635.5,1309.2
,,,,,,,,6167,1605.3,2045.3,6952.5,2428.4,3248.6,3290.3,1983.6,1413.0,1956.7,7134.3,2534.9,1274.5
,,,,,,,,6168,1559.8,1959.6,6662.9,2343.9,3180.2,3209.6,1939.3,1402.1,1953.8,7107.9,2437.5,1224.3
,,,,,,,,6169,1374.5,1713.0,5929.4,2075.3,2752.8,2793.8,1672.8,1221.7,1698.0,6149.2,2167.0,1073.3
,,,,,,,,6170,1318.4,1616.8,5644.3,1947.8,2646.3,2605.1,1610.1,1163.9,1586.4,5882.7,2016.5,1006.8
,,,,,,,,6171,1249.6,1562.0,5265.7,1875.0,2523.7,2525.8,1498.5,1091.0,1514.6,5527.8,1924.3,965.6
,,,,,,,,6172,1231.9,1505.8,5209.3,1836.4,2452.7,2448.6,1475.8,1072.0,1475.3,5441.1,1886.6,936.0
,,,,,,,,6173,1278.6,1588.7,5435.5,1925.2,2544.0,2524.2,1567.3,1131.9,1550.8,5666.0,1994.0,1005.9
,,,,,,,,6174,1384.9,1761.6,5924.9,2072.3,2820.1,2835.8,1717.7,1225.2,1721.7,6136.5,2188.8,1074.9
,,,,,,,,6175,1554.4,1906.3,6555.1,2317.7,3089.7,3097.0,1872.2,1361.8,1917.8,6798.2,2441.0,1218.1
,,,,,,,,6176,1664.6,2098.1,7098.4,2514.8,3346.5,3343.4,2061.4,1458.0,2040.1,7345.4,2636.0,1283.1
,,,,,,,,6177,1700.8,2160.7,7425.3,2602.5,3507.7,3456.4,2114.2,1528.6,2095.8,7660.2,2648.1,1351.9
,,,,,,,,6178,1721.2,2152.8,7167.6,2533.1,3448.9,3430.1,2100.3,1510.2,2108.0,7573.2,2683.9,1332.2
,,,,,,,,6179,1644.3,2054.7,6881.2,2438.3,3309.9,3268.3,1996.0,1449.8,1985.6,7351.2,2553.9,1286.7
,,,,,,,,6180,1548.6,1945.7,6539.5,2370.5,3107.3,3091.0,1901.3,1394.2,1882.6,6965.3,2415.0,1207.6
,,,,,,,,6181,1492.9,1869.2,6449.8,2256.5,3022.6,2996.9,1862.5,1344.9,1876.6,6725.3,2387.5,1164.3
,,,,,,,,6182,1527.5,1867.3,6312.6,2230.3,2987.0,3000.1,1820.8,1313.9,1848.0,6807.4,2358.1,1188.6
,,,,,,,,6183,1515.4,1940.4,6545.7,2329.2,3100.3,3062.7,1910.0,1349.5,1897.8,6906.4,2384.4,1181.7
,,,,,,,,6184,1581.1,2020.3,6906.7,2435.1,3197.0,3188.2,1980.2,1405.1,1975.4,7236.3,2520.1,1257.8
,,,,,,,,6185,1663.3,2122.8,7128.4,2503.6,3435.3,3393.1,2065.2,1473.2,2071.0,7495.6,2635.5,1320.3
,,,,,,,,6186,1761.4,2234.4,7417.4,2608.7,3591.0,3561.8,2177.5,1572.4,2138.0,7822.5,2715.4,1359.9
,,,,,,,,6187,1806.4,2220.2,7552.9,2670.5,3607.8,3556.1,2185.4,1588.2,2207.6,7940.9,2821.4,1409.6
,,,,,,,,6188,1763.9,2211.2,7503.0,2639.5,3525.8,3537.6,2179.5,1565.8,2152.0,7922.6,2743.6,1389.1
,,,,,,,,6189,1701.0,2088.9,7128.3,2512.8,3406.4,3344.0,2053.3,1501.2,2046.9,7526.1,2608.8,1322.0
,,,,,,,,6190,1580.5,1975.6,6833.0,2412.2,3185.0,3260.7,1946.1,1420.5,1973.0,7070.6,2481.2,1245.8
,,,,,,,,6191,1537.0,1903.0,6528.8,2289.0,3095.3,3112.2,1893.8,1338.0,1906.8,6801.4,2362.9,1197.4
,,,,,,,,6192,1511.4,1878.9,6385.6,2234.4,3039.5,3043.9,1847.7,1301.9,1806.2,6723.7,2341.0,1159.3
,,,,,,,,6193,1389.4,1724.4,5849.2,2073.0,2828.2,2811.9,1689.7,1217.3,1684.9,6176.5,2161.1,1092.7
,,,,,,,,6194,1333.6,1658.9,5565.8,1951.6,2680.8,2687.7,1630.1,1160.6,1621.9,5807.1,2027.4,1036.9
,,,,,,,,6195,1260.8,1560.3,5376.5,1868.1,2494.8,2482.9,1546.9,1109.1,1525.7,5559.0,1945.9,967.3
,,,,,,,,6196,1229.4,1539.6,5205.7,1812.9,2479.6,2430.0,1498.3,1091.0,1512.6,5550.2,1912.1,940.3
,,,,,,,,6197,1289.5,1593.7,5491.2,1930.7,2591.2,2582.1,1550.8,1132.7,1581.4,5707.0,1993.9,980.4
,,,,,,,,6198,1393.0,1754.1,6018.8,2140.4,2823.1,2802.6,1726.8,1246.8,1736.2,6259.7,2210.6,1087.3
,,,,,,,,6199,1552.6,1932.4,6706.0,2344.5,3153.9,3140.4,1933.5,1361.0,1901.8,7005.5,2401.8,1224.5
,,,,,,,,6200,1705.2,2111.4,7144.4,2495.6,3367.6,3355.7,2054.2,1472.5,2030.2,7476.1,2608.2,1299.8
,,,,,,,,6201,1715.8,2138.1,7406.2,2578.8,3479.2,3456.1,2102.8,1530.3,2133.3,7681.0,2670.1,1334.2
,,,,,,,,6202,1698.8,2151.9,7312.8,2538.1,3466.9,3489.3,2101.2,1507.6,2123.1,7541.6,2623.9,1316.8
,,,,,,,,6203,1644.1,2060.9,7017.4,2452.1,3311.0,3309.2,1984.9,1440.3,2021.5,7385.6,2540.0,1265.6
,,,,,,,,6204,1578.0,1974.8,6766.7,2356.2,3171.2,3183.8,1917.9,1396.3,1946.9,7035.8,2405.9,1210.1
,,,,,,,,6205,1519.8,1903.3,6523.9,2286.9,3037.5,3025.9,1845.6,1363.6,1884.0,6752.5,2361.7,1180.3
,,,,,,,,6206,1533.0,1925.0,6443.3,2309.5,3055.0,3059.1,1863.8,1338.7,1888.8,6706.9,2340.1,1182.7
,,,,,,,,6207,1556.5,1933.2,6659.0,2332.2,3118.8,3151.6,1911.5,1349.8,1877.4,6923.5,2420.7,1220.9
,,,,,,,,6208,1627.8,2026.9,6766.3,2447.3,3217.6,3281.5,2008.5,1421.1,1969.0,7119.2,2493.1,1241.5
,,,,,,,,6209,1686.5,2112.2,7260.8,2568.7,3408.6,3397.0,2076.6,1478.8,2069.0,7494.4,2665.4,1310.2
,,,,,,,,6210,1794.5,2252.9,7644.3,2679.4,3587.6,3540.5,2192.5,1576.4,2175.1,7853.9,2734.4,1377.6
,,,,,,,,6211,1808.2,2255.4,7792.3,2730.6,3680.3,3628.0,2219.6,1587.0,2241.5,8109.2,2804.4,1385.7
,,,,,,,,6212,1789.2,2190.0,7593.5,2672.5,3560.9,3608.6,2155.4,1577.2,2181.9,7941.2,2745.7,1367.1
,,,,,,,,6213,1722.2,2094.3,7204.3,2577.5,3405.2,3374.1,2070.9,1519.4,2074.8,7502.3,2642.6,1310.0
,,,,,,,,6214,1603.8,2032.5,6809.9,2435.3,3287.1,3244.2,1962.1,1436.7,1989.7,7245.3,2473.8,1234.6
,,,,,,,,6215,1562.3,1940.4,6631.2,2335.2,3087.5,3091.2,1905.2,1377.6,1880.0,6897.4,2381.9,1183.2
,,,,,,,,6216,1493.0,1897.4,6323.5,2251.6,3051.1,3046.7,1839.5,1319.6,1856.7,6711.6,2349.4,1185.6
,,,,,,,,6217,1485.6,1852.9,6276.6,2263.8,2977.0,3003.1,1814.7,1321.4,1823.1,6614.7,2342.0,1159.2
,,,,,,,,6218,1422.1,1791.8,5983.0,2153.4,2855.9,2837.2,1730.9,1235.1,1746.4,6361.4,2184.7,1087.2
,,,,,,,,6219,1356.3,1694.3,5751.4,2035.7,2698.7,2675.3,1651.0,1188.0,1659.6,5963.7,2053.3,1035.1
,,,,,,,,6220,1326.9,1660.6,5637.7,1972.1,2649.7,2674.7,1593.6,1162.6,1637.5,5943.1,2059.1,1019.1
,,,,,,,,6221,1356.7,1739.7,5879.9,2035.8,2729.1,2785.4,1707.0,1206.8,1699.3,6197.2,2137.6,1057.8
,,,,,,,,6222,1524.8,1877.2,6454.8,2287.4,3012.7,3069.8,1847.4,1348.0,1872.3,6805.8,2361.2,1175.9
,,,,,,,,6223,1661.7,2109.0,7085.2,2480.2,3379.2,3338.3,2051.8,1490.5,2039.9,7494.1,2570.4,1304.4
,,,,,,,,6224,1801.0,2270.3,7660.7,2663.8,3621.6,3610.6,2222.1,1596.5,2223.3,8011.4,2823.3,1390.3
,,,,,,,,6225,1868.4,2294.8,8016.8,2831.3,3770.5,3737.3,2256.0,1644.0,2281.8,8317.0,2837.9,1426.0
,,,,,,,,6226,1813.9,2291.6,7912.4,2727.7,3733.2,3729.2,2279.2,1607.2,2278.6,8162.3,2807.9,1442.5
,,,,,,,,6227,1774.9,2175.7,7572.3,2618.0,3567.6,3534.2,2148.4,1554.3,2140.4,7900.8,2708.2,1345.3
,,,,,,,,6228,1676.4,2088.2,7089.1,2543.1,3367.6,3436.1,2057.1,1474.9,2074.1,7433.3,2583.1,1299.2
,,,,,,,,6229,1640.2,2037.4,6960.6,2470.9,3330.5,3268.9,1996.7,1425.1,2007.9,7322.8,2504.0,1247.7
,,,,,,,,6230,1634.4,2030.8,6975.1,2468.1,3262.1,3284.6,2005.6,1448.8,1989.1,7310.3,2525.8,1267.8
,,,,,,,,6231,1678.4,2080.7,6999.3,2486.3,3381.4,3315.9,2055.8,1482.1,2035.7,7366.5,2577.1,1274.1
,,,,,,,,6232,1715.8,2194.9,7297.8,2576.1,3520.5,3496.0,2154.2,1513.0,2092.9,7801.2,2649.3,1319.2
,,,,,,,,6233,1818.1,2302.0,7654.9,2760.3,3671.2,3638.3,2206.3,1611.7,2212.7,8024.7,2797.5,1417.6
,,,,,,,,6234,1924.0,2398.4,8046.3,2864.5,3805.6,3853.8,2352.2,1700.1,2328.3,8562.7,2915.5,1487.1
,,,,,,,,6235,1913.1,2434.5,8286.3,2878.6,3872.3,3948.2,2377.0,1729.5,2391.6,8680.3,3029.9,1494.4
,,,,,,,,6236,1909.0,2349.7,8138.6,2847.6,3791.1,3862.7,2303.3,1683.5,2347.0,8533.6,2972.0,1472.9
,,,,,,,,6237,1848.9,2292.6,7779.7,2697.5,3641.6,3628.7,2255.1,1612.3,2257.8,8259.4,2822.3,1405.0
,,,,,,,,6238,1709.4,2151.4,7307.3,2634.4,3519.0,3513.5,2129.2,1543.4,2099.9,7616.1,2666.1,1345.5
,,,,,,,,6239,1634.6,2058.4,7021.4,2455.3,3383.8,3377.7,2018.5,1462.0,2044.0,7455.7,2589.9,1265.4
,,,,,,,,6240,1600.7,2048.4,6898.5,2423.7,3251.4,3229.6,1991.5,1440.7,1974.1,7310.7,2532.9,1267.4
,,,,,,,,6241,1485.9,1866.8,6408.3,2264.8,3048.1,3017.8,1858.7,1329.5,1878.5,6745.3,2322.4,1148.2
,,,,,,,,6242,1439.2,1806.3,6112.0,2121.5,2881.8,2856.1,1745.4,1279.2,1730.1,6332.8,2194.4,1105.6
,,,,,,,,6243,1350.8,1708.7,5696.7,2006.0,2750.8,2742.6,1669.3,1208.4,1640.7,6117.9,2072.0,1035.7
,,,,,,,,6244,1332.6,1645.2,5610.2,2009.2,2632.9,2663.4,1626.6,1171.3,1651.5,5840.4,2053.1,1033.5
,,,,,,,,6245,1389.8,1752.9,5870.5,2091.8,2820.8,2825.3,1684.8,1215.4,1713.6,6197.6,2151.5,1065.4
,,,,,,,,6246,1510.7,1884.1,6439.4,2285.1,3084.0,3088.9,1876.5,1337.8,1861.2,6701.6,2355.6,1185.5
,,,,,,,,6247,1672.1,2106.2,7092.0,2501.8,3348.0,3375.0,2047.8,1494.7,2093.8,7472.9,2623.7,1296.0
,,,,,,,,6248,1806.6,2240.3,7604.3,2688.3,3664.3,3688.9,2215.3,1625.0,2199.6,8104.7,2778.0,1419.5
,,,,,,,,6249,1889.8,2373.4,7884.4,2773.0,3760.6,3754.4,2275.4,1677.7,2298.5,8410.4,2921.9,1437.1
,,,,,,,,6250,1873.3,2295.7,7938.3,2758.0,3747.6,3720.0,2306.0,1645.1,2292.0,8315.1,2856.2,1411.8
,,,,,,,,6251,1776.8,2221.2,7585.5,2697.5,3608.3,3546.3,2192.2,1572.9,2201.9,8042.2,2697.2,1375.0
,,,,,,,,6252,1686.7,2149.5,7273.5,2523.1,3439.7,3416.7,2059.5,1480.6,2098.8,7595.8,2647.7,1301.6
,,,,,,,,6253,1656.1,2033.2,6987.7,2452.6,3346.1,3328.5,2024.8,1458.4,2006.7,7337.1,2506.2,1287.4
,,,,,,,,6254,1626.8,2029.1,6920.2,2449.6,3348.6,3288.4,2046.0,1473.2,2012.0,7279.8,2548.2,1248.0
,,,,,,,,6255,1687.6,2115.9,7022.6,2525.5,3347.2,3416.3,2074.6,1475.2,2071.0,7431.3,2611.3,1298.5
,,,,,,,,6256,1739.3,2186.4,7346.1,2623.0,3529.3,3475.7,2161.7,1559.4,2165.9,7862.4,2663.2,1328.5
,,,,,,,,6257,1862.6,2320.3,7815.8,2796.3,3668.4,3653.4,2257.7,1611.5,2269.7,8161.0,2792.9,1435.4
,,,,,,,,6258,1896.5,2376.1,8059.3,2907.2,3906.8,3892.0,2358.7,1683.5,2340.9,8453.3,2954.1,1489.4
,,,,,,,,6259,1978.1,2434.4,8414.7,2910.1,3896.8,3887.9,2370.4,1715.1,2417.1,8697.2,3036.9,1514.5
,,,,,,,,6260,1905.9,2395.7,8100.7,2907.6,3839.0,3917.4,2380.5,1683.2,2324.8,8458.7,2991.5,1491.2
,,,,,,,,6261,1849.4,2271.4,7889.4,2754.9,3686.2,3744.5,2237.4,1636.7,2249.1,8277.1,2853.8,1409.3
,,,,,,,,6262,1748.7,2160.6,7461.9,2600.5,3560.3,3495.7,2111.9,1553.4,2168.7,7876.5,2664.6,1333.0
,,,,,,,,6263,1684.5,2064.3,7083.5,2545.1,3398.9,3351.5,2022.3,1496.6,2039.8,7471.5,2560.0,1279.3
,,,,,,,,6264,1648.3,2031.6,6863.3,2412.6,3320.7,3291.1,1989.6,1446.4,2017.7,7213.5,2526.2,1266.4
,,,,,,,,6265,1528.6,1879.3,6527.1,2264.5,3031.8,3093.1,1853.9,1348.0,1881.7,6866.4,2324.5,1183.5
,,,,,,,,6266,1428.0,1809.1,6165.8,2172.6,2920.3,2905.6,1772.0,1259.6,1787.9,6492.5,2194.9,1111.2
,,,,,,,,6267,1348.7,1678.1,5743.1,2019.8,2705.4,2779.7,1647.9,1210.0,1653.4,5994.7,2068.8,1053.3
,,,,,,,,6268,1324.0,1649.6,5646.0,1980.2,2715.7,2669.3,1664.1,1185.3,1619.2,6024.8,2049.6,1033.5
,,,,,,,,6269,1411.0,1725.2,5867.1,2106.7,2778.9,2796.7,1722.3,1247.5,1724.1,6181.8,2123.7,1077.9
,,,,,,,,6270,1540.7,1927.7,6494.1,2289.3,3075.6,3072.5,1892.6,1356.4,1861.9,6926.9,2334.2,1173.6
,,,,,,,,6271,1700.0,2117.3,7267.0,2522.9,3416.8,3390.3,2109.7,1480.1,2110.0,7650.2,2623.5,1319.0
,,,,,,,,6272,1857.3,2269.2,7836.7,2756.3,3730.6,3726.7,2255.0,1635.6,2260.3,8156.1,2795.3,1402.0
,,,,,,,,6273,1879.7,2384.3,8047.5,2803.5,3775.2,3856.2,2294.9,1688.0,2331.8,8499.2,2936.4,1445.7
,,,,,,,,6274,1880.6,2343.7,7969.2,2794.4,3753.4,3712.1,2281.5,1634.5,2286.9,8340.0,2840.4,1434.1
,,,,,,,,6275,1781.1,2221.0,7536.8,2664.4,3576.0,3601.1,2224.0,1573.9,2202.6,8068.7,2750.6,1387.4
,,,,,,,,6276,1692.3,2156.9,7373.5,2530.3,3482.8,3475.4,2073.4,1495.5,2117.9,7551.8,2622.2,1296.6
,,,,,,,,6277,1658.4,2051.7,7110.5,2458.0,3372.2,3382.5,2024.6,1468.5,2053.6,7500.7,2527.4,1271.8
,,,,,,,,6278,1672.2,2048.8,7049.2,2519.4,3323.6,3301.1,2036.4,1473.5,2028.5,7493.3,2571.8,1283.8
,,,,,,,,6279,1701.5,2141.7,7130.6,2535.5,3360.3,3395.8,2092.1,1493.0,2045.1,7525.9,2626.5,1287.0
,,,,,,,,6280,1781.2,2179.4,7403.5,2638.3,3493.1,3593.1,2164.6,1541.3,2133.0,7824.9,2738.3,1340.0
,,,,,,,,6281,1852.6,2288.6,7793.2,2736.4,3773.2,3690.6,2296.0,1653.7,2289.9,8245.7,2855.2,1409.1
,,,,,,,,6282,1914.8,2409.5,8167.9,2867.8,3933.1,3887.8,2356.1,1717.3,2342.2,8638.9,2997.0,1505.5
,,,,,,,,6283,1975.5,2465.3,8268.5,2971.2,3920.5,3926.4,2443.9,1726.5,2430.4,8766.7,2986.4,1511.0
,,,,,,,,6284,1946.7,2448.5,8322.6,2919.8,3936.0,3954.6,2362.9,1737.4,2410.6,8542.3,2996.6,1465.1
,,,,,,,,6285,1857.2,2313.9,7970.7,2740.4,3786.4,3754.9,2286.3,1630.0,2252.3,8214.4,2802.4,1443.0
,,,,,,,,6286,1755.1,2218.4,7401.3,2627.0,3557.4,3537.8,2175.7,1553.0,2161.6,7877.9,2677.6,1344.3
,,,,,,,,6287,1706.0,2122.9,7232.1,2560.2,3374.4,3396.0,2060.5,1489.6,2082.2,7542.5,2578.4,1294.1
,,,,,,,,6288,1654.7,2055.8,7080.5,2460.5,3266.1,3339.7,2026.4,1471.4,2037.7,7299.3,2554.1,1278.4
,,,,,,,,6289,1521.5,1921.0,6556.8,2312.8,3110.9,3059.8,1902.8,1363.9,1874.9,6878.7,2369.3,1161.4
,,,,,,,,6290,1447.7,1819.4,6239.1,2192.0,2966.9,2885.2,1802.3,1288.8,1776.0,6510.4,2239.4,1099.5
,,,,,,,,6291,1372.6,1729.3,5836.7,2072.6,2752.2,2741.0,1701.6,1222.3,1695.8,6159.5,2079.7,1056.7
,,,,,,,,6292,1344.5,1689.4,5707.5,1999.4,2693.4,2706.5,1676.7,1183.6,1642.3,6056.3,2032.3,1045.1
,,,,,,,,6293,1413.5,1741.7,6021.9,2136.0,2807.4,2816.4,1745.1,1250.4,1715.1,6367.3,2156.0,1067.4
,,,,,,,,6294,1545.9,1926.3,6652.1,2340.3,3136.3,3153.5,1904.8,1364.4,1875.9,6984.9,2388.9,1174.2
,,,,,,,,6295,1727.9,2160.2,7189.9,2565.7,3405.8,3439.4,2102.4,1518.3,2115.1,7660.8,2652.3,1296.3
,,,,,,,,6296,1858.5,2341.0,7905.1,2729.5,3775.9,3714.1,2301.3,1622.7,2262.6,8142.3,2799.5,1419.5
,,,,,,,,6297,1891.7,2391.0,8168.6,2867.2,3820.8,3880.4,2330.5,1702.2,2310.1,8516.9,2954.1,1476.7
,,,,,,,,6298,1891.1,2334.7,7948.0,2840.6,3772.7,3802.8,2322.6,1655.4,2316.1,8460.8,2899.8,1454.8
,,,,,,,,6299,1794.9,2237.1,7690.1,2726.5,3591.8,3661.9,2248.3,1584.2,2186.6,8172.9,2753.7,1364.5
,,,,,,,,6300,1721.9,2125.6,7429.4,2548.4,3513.6,3492.5,2127.6,1518.3,2147.1,7818.6,2619.4,1325.1
,,,,,,,,6301,1672.4,2095.2,7086.2,2498.4,3400.4,3361.9,2078.0,1490.1,2049.0,7463.3,2545.0,1284.5
,,,,,,,,6302,1689.4,2062.6,7174.3,2511.4,3332.2,3398.3,2068.0,1470.5,2065.2,7555.5,2528.3,1290.9
,,,,,,,,6303,1718.1,2114.5,7142.3,2589.4,3455.9,3444.4,2089.9,1516.6,2096.8,7622.6,2611.2,1319.5
,,,,,,,,6304,1791.5,2191.7,7522.6,2619.5,3589.6,3563.8,2166.4,1551.6,2187.3,7878.0,2679.0,1360.8
,,,,,,,,6305,1884.2,2325.9,8022.4,2776.7,3783.5,3766.2,2311.6,1668.9,2291.3,8296.7,2872.7,1421.2
,,,,,,,,6306,1926.2,2470.8,8201.0,2922.9,3966.0,3982.1,2389.3,1733.2,2393.7,8659.0,3017.0,1472.8
,,,,,,,,6307,1983.8,2471.2,8536.2,2973.7,4001.3,4041.2,2456.0,1768.1,2423.3,8907.6,3040.3,1514.2
,,,,,,,,6308,1922.1,2420.7,8204.4,2928.8,3885.4,3951.2,2382.7,1724.3,2408.9,8764.8,2968.4,1488.2
,,,,,,,,6309,1842.3,2312.3,7865.5,2810.8,3718.6,3767.4,2265.2,1631.1,2293.8,8252.4,2870.7,1423.1
,,,,,,,,6310,1798.8,2202.6,7487.3,2685.4,3577.9,3577.6,2180.5,1584.1,2197.9,8009.5,2710.1,1368.3
,,,,,,,,6311,1675.7,2154.9,7274.9,2586.0,3406.7,3434.6,2083.5,1508.2,2058.0,7514.9,2599.9,1288.8
,,,,,,,,6312,1647.6,2093.9,7055.7,2520.0,3368.9,3290.4,2043.3,1452.5,2021.6,7511.7,2545.8,1269.2
,,,,,,,,6313,1545.4,1953.6,6596.2,2292.8,3092.2,3121.2,1900.9,1372.7,1914.8,7012.5,2362.0,1168.9
,,,,,,,,6314,1472.7,1801.6,6136.1,2170.3,2958.2,2947.1,1802.7,1307.3,1808.0,6607.6,2231.9,1112.4
,,,,,,,,6315,1368.5,1715.1,5906.7,2060.9,2790.0,2824.3,1716.0,1210.5,1681.3,6123.7,2124.7,1047.0
,,,,,,,,6316,1352.7,1714.8,5687.3,2048.5,2715.6,2751.8,1679.8,1192.4,1672.6,6092.5,2069.5,1043.1
,,,,,,,,6317,1424.0,1759.8,6044.7,2135.3,2823.3,2900.8,1722.1,1244.9,1732.7,6266.3,2176.7,1081.4
,,,,,,,,6318,1551.2,1966.4,6522.9,2300.5,3143.6,3167.8,1893.1,1364.0,1906.2,7022.0,2346.4,1184.8
,,,,,,,,6319,1697.4,2125.5,7245.3,2566.3,3523.6,3514.5,2117.2,1538.1,2129.1,7622.3,2641.7,1305.5
,,,,,,,,6320,1841.5,2299.7,7924.4,2789.8,3762.7,3759.6,2300.3,1630.2,2273.5,8368.1,2829.2,1422.7
,,,,,,,,6321,1938.0,2370.3,8099.0,2846.9,3880.2,3897.3,2380.2,1681.0,2337.5,8708.2,2915.1,1475.8
,,,,,,,,6322,1898.0,2356.1,8122.8,2871.8,3843.4,3774.1,2345.0,1695.4,2347.3,8475.9,2888.3,1427.1
,,,,,,,,6323,1826.7,2295.2,7751.7,2726.4,3687.5,3636.1,2263.7,1621.7,2232.3,8125.9,2749.9,1383.0
,,,,,,,,6324,1763.0,2159.2,7492.5,2586.0,3487.4,3539.7,2125.0,1546.6,2155.4,7670.1,2679.6,1312.6
,,,,,,,,6325,1696.8,2132.4,7280.9,2503.7,3375.2,3443.9,2083.1,1500.7,2096.2,7474.5,2608.0,1278.1
,,,,,,,,6326,1669.8,2100.9,7069.2,2552.5,3423.9,3392.1,2066.0,1472.7,2054.4,7447.0,2559.4,1290.8
,,,,,,,,6327,1726.8,2118.8,7276.6,2578.2,3445.4,3428.5,2139.0,1524.3,2080.3,7634.9,2621.1,1319.1
,,,,,,,,6328,1761.9,2248.2,7633.0,2693.6,3587.7,3605.2,2211.9,1596.8,2230.3,8032.7,2733.5,1376.5
,,,,,,,,6329,1887.7,2323.7,8021.3,2830.5,3748.5,3803.8,2284.7,1664.5,2345.4,8541.4,2909.1,1445.9
,,,,,,,,6330,1941.2,2458.6,8259.6,2962.9,3984.3,4016.2,2411.7,1763.8,2448.1,8829.8,2958.4,1496.4
,,,,,,,,6331,2017.6,2475.4,8462.4,3035.6,4048.4,3982.7,2456.6,1754.9,2481.6,8887.8,3033.8,1512.3
,,,,,,,,6332,1972.4,2422.8,8238.5,2962.9,4012.2,3993.4,2395.4,1767.9,2422.7,8749.3,2960.9,1515.7
,,,,,,,,6333,1865.8,2364.0,7961.0,2790.7,3841.9,3814.1,2297.7,1661.5,2339.8,8513.1,2836.7,1449.2
,,,,,,,,6334,1762.8,2253.4,7494.4,2692.4,3615.3,3564.4,2193.5,1559.1,2165.6,8104.5,2702.5,1345.5
,,,,,,,,6335,1698.1,2136.0,7286.9,2566.8,3489.5,3490.7,2095.1,1512.4,2123.9,7681.1,2573.6,1288.6
,,,,,,,,6336,1689.5,2112.6,7179.4,2514.5,3366.0,3367.0,2042.9,1481.2,2060.1,7506.5,2562.1,1283.9
,,,,,,,,6337,1457.8,1855.1,6260.0,2188.2,2963.0,2960.2,1784.5,1304.4,1792.0,6610.8,2243.8,1097.4
,,,,,,,,6338,1378.8,1743.6,5948.9,2101.3,2780.4,2810.4,1691.1,1223.6,1696.4,6290.0,2115.0,1051.8
,,,,,,,,6339,1300.5,1655.5,5526.3,1956.3,2664.1,2659.0,1598.4,1170.7,1626.7,5851.5,1991.8,990.6
,,,,,,,,6340,1303.4,1623.5,5481.4,1917.1,2619.8,2581.4,1565.2,1137.2,1567.8,5752.1,1945.9,986.2
,,,,,,,,6341,1350.0,1698.5,5741.4,2013.6,2729.1,2718.5,1664.0,1182.4,1668.3,6050.3,2053.2,1029.3
,,,,,,,,6342,1461.1,1823.1,6253.5,2179.5,2949.6,2960.8,1833.4,1321.8,1788.7,6533.3,2265.3,1118.0
,,,,,,,,6343,1633.0,2011.0,6934.4,2469.6,3247.3,3273.9,1998.8,1437.0,2001.8,7248.7,2448.7,1249.2
,,,,,,,,6344,1737.0,2174.1,7549.8,2626.1,3529.1,3535.2,2201.6,1558.5,2184.5,7839.8,2714.4,1347.9
,,,,,,,,6345,1842.9,2250.4,7659.3,2744.2,3699.1,3679.2,2272.3,1617.0,2253.5,8240.4,2760.2,1367.9
,,,,,,,,6346,1818.8,2214.7,7604.0,2704.9,3665.9,3658.5,2244.3,1583.5,2221.5,7984.1,2762.0,1365.3
,,,,,,,,6347,1705.2,2163.9,7360.7,2583.4,3454.2,3510.6,2147.8,1516.7,2138.6,7807.6,2601.1,1305.7
,,,,,,,,6348,1660.4,2083.4,7055.8,2473.0,3321.0,3346.3,2057.8,1464.3,2049.6,7342.3,2502.4,1258.7
,,,,,,,,6349,1582.1,2008.7,6717.3,2420.2,3271.0,3277.1,1987.5,1421.7,1948.5,7154.9,2450.5,1225.0
,,,,,,,,6350,1613.3,1972.4,6699.5,2407.4,3222.1,3227.8,1963.0,1434.1,1987.7,7161.9,2417.3,1211.3
,,,,,,,,6351,1650.1,2010.5,6850.2,2419.7,3323.6,3274.2,2004.9,1437.0,1991.5,7182.6,2463.1,1219.7
,,,,,,,,6352,1713.8,2122.5,7129.0,2526.9,3427.4,3451.0,2086.8,1493.7,2114.7,7504.2,2566.6,1280.0
,,,,,,,,6353,1801.1,2208.4,7687.2,2651.0,3555.4,3598.1,2168.6,1575.8,2226.8,7877.4,2681.0,1348.5
,,,,,,,,6354,1874.4,2360.7,7804.4,2828.4,3812.6,3775.6,2266.6,1666.4,2289.5,8388.1,2787.7,1393.8
,,,,,,,,6355,1923.8,2372.9,7977.7,2867.9,3801.1,3854.7,2331.9,1701.5,2344.5,8561.3,2897.6,1453.0
,,,,,,,,6356,1851.9,2307.2,7855.4,2785.2,3733.1,3771.2,2321.3,1671.8,2314.6,8311.5,2862.4,1418.0
,,,,,,,,6357,1791.0,2254.7,7473.9,2679.6,3615.1,3636.0,2208.4,1587.0,2186.4,8004.8,2725.6,1351.8
,,,,,,,,6358,1667.4,2107.1,7265.0,2512.8,3445.6,3430.9,2097.2,1479.0,2080.4,7527.2,2546.7,1287.4
,,,,,,,,6359,1617.7,2049.5,6897.3,2405.9,3251.3,3320.6,2015.7,1453.8,1977.2,7362.2,2432.6,1246.4
,,,,,,,,6360,1583.0,1975.9,6640.8,2400.3,3174.0,3165.1,1971.1,1389.0,1969.6,7156.4,2415.9,1199.4
,,,,,,,,6361,1485.5,1828.6,6213.0,2212.4,3017.7,2993.7,1796.6,1307.7,1825.9,6598.4,2257.9,1111.2
,,,,,,,,6362,1410.7,1737.0,5876.0,2075.3,2826.0,2816.2,1717.0,1240.7,1698.2,6338.9,2113.3,1068.8
,,,,,,,,6363,1301.6,1670.5,5642.6,1982.9,2653.7,2641.0,1605.6,1162.9,1626.2,5842.1,1999.0,984.7
,,,,,,,,6364,1315.1,1614.1,5561.8,1934.3,2608.4,2605.4,1576.2,1137.4,1611.2,5816.8,1989.8,980.1
,,,,,,,,6365,1336.1,1676.8,5760.3,2029.0,2713.0,2758.6,1646.8,1194.3,1689.0,6075.4,2066.4,1021.1
,,,,,,,,6366,1472.8,1857.1,6407.1,2214.9,3015.7,3015.7,1807.2,1333.0,1818.5,6638.0,2272.9,1135.1
,,,,,,,,6367,1639.2,2040.0,6922.5,2435.8,3311.7,3329.1,2030.5,1447.5,2057.6,7357.7,2502.1,1254.6
,,,,,,,,6368,1762.1,2189.6,7606.2,2704.6,3598.0,3546.4,2182.4,1572.7,2187.0,7880.4,2662.1,1353.6
,,,,,,,,6369,1851.4,2273.8,7776.8,2745.1,3754.9,3669.0,2277.2,1642.9,2277.4,8168.5,2767.9,1382.5
,,,,,,,,6370,1790.9,2269.9,7738.5,2690.8,3614.9,3615.4,2244.4,1589.8,2256.4,8238.0,2750.1,1385.0
,,,,,,,,6371,1735.7,2202.0,7403.0,2641.3,3476.7,3548.0,2157.9,1546.5,2168.8,7716.9,2646.3,1297.5
,,,,,,,,6372,1660.6,2054.2,6968.5,2526.8,3347.4,3388.9,2045.5,1460.0,2062.2,7408.7,2484.5,1270.3
,,,,,,,,6373,1605.0,2029.5,6940.7,2399.1,3221.4,3286.2,1977.3,1449.3,1970.8,7247.1,2435.7,1236.2
,,,,,,,,6374,1606.7,1981.2,6736.5,2423.3,3274.6,3224.8,1979.6,1432.3,1995.6,7161.7,2444.4,1224.1
,,,,,,,,6375,1644.2,2042.9,6967.8,2487.4,3271.4,3339.5,2007.8,1442.2,2030.5,7390.5,2487.9,1225.4
,,,,,,,,6376,1710.1,2110.8,7218.7,2535.8,3481.7,3457.0,2115.6,1494.7,2072.9,7733.2,2615.1,1289.4
,,,,,,,,6377,1819.9,2265.1,7735.3,2721.0,3583.5,3640.5,2212.0,1603.5,2183.5,8105.6,2699.9,1348.0
,,,,,,,,6378,1893.1,2365.9,7966.7,2852.4,3780.5,3768.8,2289.0,1644.2,2303.3,8359.3,2810.2,1428.5
,,,,,,,,6379,1888.3,2356.9,8014.4,2839.7,3826.4,3817.1,2375.5,1673.0,2378.4,8583.1,2850.9,1460.9
,,,,,,,,6380,1871.3,2325.4,8087.7,2788.5,3819.7,3835.0,2331.2,1641.4,2304.9,8418.3,2867.0,1409.8
,,,,,,,,6381,1796.6,2271.4,7719.7,2689.8,3577.5,3656.2,2222.3,1613.0,2231.3,7941.3,2738.2,1349.9
,,,,,,,,6382,1681.9,2104.1,7201.3,2588.1,3498.9,3485.8,2072.5,1521.3,2099.7,7729.8,2549.0,1274.7
,,,,,,,,6383,1623.8,2030.2,6919.8,2474.0,3332.1,3314.2,2018.7,1453.8,1987.4,7351.7,2478.6,1240.5
,,,,,,,,6384,1583.6,2001.6,6759.6,2425.2,3236.4,3187.6,1970.0,1428.5,1966.9,7127.9,2433.5,1188.9
,,,,,,,,6385,1558.7,1996.0,6647.3,2361.7,3168.4,3171.2,1971.5,1403.2,1934.6,7114.3,2413.7,1203.0
,,,,,,,,6386,1491.0,1865.9,6303.9,2211.6,2986.4,3042.0,1839.1,1309.4,1840.7,6622.4,2253.4,1127.0
,,,,,,,,6387,1403.8,1759.7,6077.8,2141.1,2853.1,2879.0,1752.9,1266.1,1769.2,6396.4,2150.9,1079.2
,,,,,,,,6388,1399.7,1741.8,5978.1,2102.0,2804.0,2780.7,1717.6,1229.5,1690.2,6247.8,2070.3,1063.3
,,,,,,,,6389,1449.0,1822.5,6159.7,2165.1,2960.5,2974.7,1803.9,1272.1,1769.7,6448.7,2208.8,1086.5
,,,,,,,,6390,1610.7,2003.3,6691.9,2368.2,3266.5,3215.2,1966.3,1435.8,1986.1,7160.2,2394.0,1217.0
,,,,,,,,6391,1787.9,2190.0,7535.6,2638.3,3592.0,3610.4,2203.3,1553.2,2146.1,7861.9,2642.6,1350.4
,,,,,,,,6392,1920.8,2393.5,8042.5,2867.8,3886.8,3896.6,2328.7,1689.7,2348.2,8668.7,2913.7,1443.5
,,,,,,,,6393,1954.4,2451.2,8368.0,2973.1,3981.0,4035.5,2406.7,1725.1,2445.6,8793.3,2956.6,1492.4
,,,,,,,,6394,1946.1,2442.2,8140.6,2899.7,3907.2,3921.1,2383.2,1704.0,2383.4,8660.2,2908.6,1459.2
,,,,,,,,6395,1876.2,2320.5,7935.4,2818.5,3791.6,3737.3,2326.7,1669.1,2280.6,8356.9,2784.1,1397.1
,,,,,,,,6396,1775.2,2235.5,7453.3,2699.5,3594.8,3610.7,2216.6,1598.0,2183.2,8059.8,2655.3,1337.9
,,,,,,,,6397,1709.4,2173.7,7330.9,2565.1,3462.3,3498.0,2149.1,1554.5,2139.4,7717.1,2571.1,1293.3
,,,,,,,,6398,1713.9,2178.5,7267.8,2547.2,3480.0,3437.4,2100.8,1517.4,2097.8,7684.6,2591.3,1284.8
,,,,,,,,6399,1741.4,2223.7,7366.7,2603.2,3587.2,3564.8,2166.9,1559.3,2174.5,7935.4,2611.0,1308.0
,,,,,,,,6400,1833.9,2270.0,7676.0,2726.2,3699.1,3726.2,2279.2,1628.8,2252.6,8132.6,2744.7,1366.9
,,,,,,,,6401,1947.5,2401.8,8122.6,2884.0,3888.3,3883.0,2368.3,1686.8,2405.3,8585.5,2920.3,1446.0
,,,,,,,,6402,1984.9,2489.9,8532.5,2977.7,4030.1,4070.8,2455.7,1765.0,2488.6,9021.3,3021.8,1515.7
,,,,,,,,6403,2031.1,2541.8,8632.9,3070.0,4110.0,4188.0,2544.1,1811.0,2527.8,9115.1,3135.7,1548.1
,,,,,,,,6404,2023.0,2496.7,8575.2,3010.6,4077.5,4126.1,2514.6,1765.2,2451.9,8929.8,3054.5,1499.7
,,,,,,,,6405,1943.5,2434.9,8166.4,2924.7,3855.6,3887.0,2375.6,1717.1,2382.1,8609.9,2904.7,1444.9
,,,,,,,,6406,1834.2,2256.0,7805.2,2768.4,3676.6,3744.6,2242.2,1617.2,2235.5,8172.2,2725.7,1379.5
,,,,,,,,6407,1729.1,2166.0,7347.4,2667.1,3587.4,3546.1,2174.2,1575.5,2146.8,7903.5,2659.0,1334.3
,,,,,,,,6408,1734.9,2133.2,7176.5,2555.6,3419.3,3462.8,2117.3,1536.4,2081.1,7719.6,2604.4,1306.6
,,,,,,,,6409,1580.1,2013.2,6803.9,2376.6,3263.0,3230.9,1975.3,1424.5,1968.8,7260.2,2425.1,1208.6
,,,,,,,,6410,1491.1,1882.5,6426.8,2284.9,3011.5,3013.0,1854.1,1348.0,1859.9,6760.2,2257.9,1123.7
,,,,,,,,6411,1425.1,1773.6,6037.8,2131.1,2926.5,2892.5,1749.3,1262.4,1782.0,6474.4,2154.7,1058.3
,,,,,,,,6412,1415.6,1764.2,5944.5,2072.7,2852.8,2832.6,1738.1,1254.6,1749.0,6323.7,2077.0,1041.7
,,,,,,,,6413,1456.4,1849.5,6277.2,2171.6,3000.4,2933.5,1800.7,1312.1,1796.1,6568.3,2171.3,1099.8
,,,,,,,,6414,1608.3,2006.5,6873.6,2407.6,3230.3,3280.2,1977.8,1436.9,1971.6,7119.9,2400.5,1194.9
,,,,,,,,6415,1771.3,2237.1,7460.5,2677.2,3565.5,3617.6,2210.4,1594.4,2219.7,8008.8,2689.5,1320.5
,,,,,,,,6416,1897.6,2425.5,8150.2,2889.5,3874.5,3835.3,2402.8,1693.6,2340.9,8534.9,2869.7,1431.0
,,,,,,,,6417,1955.6,2516.5,8399.2,2990.9,3997.1,4039.6,2460.4,1751.3,2427.6,9042.2,3001.9,1485.6
,,,,,,,,6418,1982.7,2443.9,8426.3,2971.4,3988.5,3937.3,2408.8,1737.1,2385.3,8694.3,2904.0,1464.8
,,,,,,,,6419,1859.8,2332.2,8082.9,2795.3,3788.8,3795.8,2313.2,1670.9,2283.7,8499.1,2860.6,1416.4
,,,,,,,,6420,1795.1,2209.8,7561.9,2686.7,3676.6,3582.3,2184.4,1593.9,2219.7,8108.3,2685.4,1347.7
,,,,,,,,6421,1756.4,2179.5,7305.0,2580.3,3504.5,3488.1,2143.6,1552.0,2152.0,7748.6,2625.7,1311.1
,,,,,,,,6422,1744.1,2145.4,7464.8,2586.2,3533.5,3545.4,2145.2,1553.9,2140.1,7809.5,2609.3,1296.1
,,,,,,,,6423,1765.9,2183.6,7640.0,2685.0,3613.2,3604.1,2156.2,1576.0,2213.4,8009.7,2685.3,1341.8
,,,,,,,,6424,1858.8,2278.5,7906.9,2804.0,3693.6,3777.4,2292.2,1630.7,2267.8,8341.5,2790.8,1387.0
,,,,,,,,6425,1946.6,2421.0,8357.4,2892.7,3985.2,3949.4,2427.4,1713.7,2399.6,8677.2,2937.3,1438.5
,,,,,,,,6426,2038.3,2534.2,8725.4,3088.7,4130.1,4095.8,2484.7,1816.6,2477.7,9124.7,3019.0,1519.2
,,,,,,,,6427,2075.2,2549.7,8717.2,3070.5,4201.8,4212.1,2540.2,1814.2,2564.5,9299.3,3074.5,1539.2
,,,,,,,,6428,2018.2,2565.3,8629.6,3037.2,4086.3,4061.3,2503.0,1776.1,2503.9,9026.5,3087.8,1506.2
,,,,,,,,6429,1925.4,2396.3,8276.0,2947.1,3955.9,3920.2,2368.7,1737.1,2382.1,8854.2,2885.1,1446.8
,,,,,,,,6430,1836.2,2273.0,7722.8,2742.7,3778.0,3686.6,2259.8,1633.3,2303.2,8205.3,2792.5,1373.2
,,,,,,,,6431,1741.7,2228.2,7558.9,2689.0,3622.6,3543.3,2178.7,1573.5,2149.5,7928.0,2666.9,1338.7
,,,,,,,,6432,1739.8,2142.1,7370.5,2605.7,3457.2,3455.5,2129.5,1512.0,2157.0,7834.6,2588.9,1308.7
,,,,,,,,6433,1624.0,2010.5,6903.2,2428.9,3207.1,3244.4,2006.2,1417.8,1955.0,7184.9,2388.7,1203.3
,,,,,,,,6434,1518.1,1894.6,6467.4,2275.1,3054.3,3125.1,1874.3,1336.9,1856.2,6834.8,2254.8,1151.5
,,,,,,,,6435,1422.4,1787.9,6120.4,2189.9,2888.0,2895.0,1753.4,1264.1,1749.7,6419.2,2167.9,1061.9
,,,,,,,,6436,1407.6,1790.7,6082.6,2096.2,2879.1,2893.2,1732.0,1254.2,1742.9,6436.6,2096.7,1067.5
,,,,,,,,6437,1473.8,1857.2,6232.7,2199.5,2996.3,2973.0,1848.8,1318.8,1806.7,6564.2,2220.9,1113.0
,,,,,,,,6438,1637.1,2003.8,6783.9,2410.6,3297.3,3325.6,2002.2,1420.0,1997.8,7326.9,2429.0,1211.0
,,,,,,,,6439,1819.4,2209.7,7618.2,2716.4,3596.4,3643.4,2183.9,1594.3,2204.2,8127.4,2675.8,1354.2
,,,,,,,,6440,1912.5,2408.0,8320.9,2927.9,3921.4,3877.7,2384.0,1734.5,2424.1,8649.2,2898.7,1458.5
,,,,,,,,6441,1982.8,2488.6,8385.0,2956.5,4065.2,4039.0,2468.7,1774.5,2451.5,8963.4,2996.9,1518.6
,,,,,,,,6442,1973.7,2476.3,8509.2,2985.8,3989.4,3983.9,2461.0,1766.4,2459.4,8931.1,2998.0,1465.2
,,,,,,,,6443,1910.7,2347.8,8151.4,2810.8,3857.2,3782.3,2320.8,1677.8,2319.8,8469.9,2814.9,1396.7
,,,,,,,,6444,1828.0,2238.6,7668.6,2714.3,3698.6,3677.7,2240.1,1611.6,2233.9,8075.7,2721.8,1361.0
,,,,,,,,6445,1768.7,2226.4,7395.7,2606.2,3586.9,3536.1,2200.5,1550.0,2183.9,7826.5,2605.6,1324.4
,,,,,,,,6446,1769.2,2166.7,7543.6,2610.1,3577.5,3509.2,2176.0,1544.5,2156.5,7781.9,2607.9,1327.5
,,,,,,,,6447,1804.1,2263.0,7512.0,2692.8,3593.8,3656.4,2186.9,1567.7,2189.4,7998.6,2666.8,1323.2
,,,,,,,,6448,1859.9,2336.2,7857.7,2770.4,3809.0,3748.1,2305.6,1628.6,2272.4,8358.6,2744.8,1386.2
,,,,,,,,6449,1957.2,2435.5,8233.2,2974.7,4020.1,3979.7,2395.5,1726.2,2432.2,8751.5,2912.0,1464.2
,,,,,,,,6450,2073.1,2571.7,8594.0,3062.5,4166.5,4159.6,2519.0,1825.5,2489.5,9192.6,3098.0,1545.0
,,,,,,,,6451,2094.5,2629.5,8951.1,3159.4,4272.6,4173.8,2585.6,1841.7,2554.3,9305.9,3119.6,1569.1
,,,,,,,,6452,2067.1,2525.7,8666.4,3033.1,4081.3,4168.7,2503.1,1804.7,2531.7,9206.7,3052.7,1530.6
,,,,,,,,6453,1962.1,2441.9,8324.1,2948.9,3920.5,3914.6,2383.1,1717.1,2449.7,8782.3,2953.6,1459.3
,,,,,,,,6454,1881.1,2320.8,7966.8,2781.6,3764.3,3801.1,2271.0,1650.3,2274.7,8230.2,2800.3,1409.2
,,,,,,,,6455,1768.6,2256.7,7597.9,2653.4,3594.4,3626.5,2232.2,1592.6,2196.7,7973.0,2628.7,1344.1
,,,,,,,,6456,1757.1,2177.5,7294.7,2591.7,3530.2,3484.9,2172.0,1521.7,2114.1,7900.2,2635.6,1317.7
,,,,,,,,6457,1619.8,1995.4,6889.5,2399.7,3262.9,3246.7,2021.0,1449.2,2009.8,7243.2,2446.0,1212.7
,,,,,,,,6458,1517.1,1912.4,6489.2,2291.8,3073.9,3078.0,1892.9,1375.5,1920.9,6834.9,2256.0,1127.0
,,,,,,,,6459,1465.7,1801.9,6213.7,2158.4,2929.1,2947.3,1768.1,1273.4,1797.8,6446.2,2139.9,1070.2
,,,,,,,,6460,1435.1,1773.0,6126.1,2154.9,2868.6,2920.4,1765.1,1282.1,1771.5,6338.7,2141.0,1070.8
,,,,,,,,6461,1466.9,1864.1,6348.7,2202.0,2978.7,3051.8,1838.4,1342.8,1815.9,6601.7,2218.2,1103.5
,,,,,,,,6462,1611.0,2048.4,7023.5,2465.0,3339.8,3298.6,2011.5,1453.6,2009.8,7436.1,2464.1,1219.9
,,,,,,,,6463,1804.1,2236.0,7751.3,2749.5,3640.0,3644.7,2232.0,1583.7,2243.8,8078.3,2675.9,1353.2
,,,,,,,,6464,1947.9,2435.4,8375.1,2954.9,3939.5,3922.5,2406.1,1742.6,2419.2,8668.5,2949.3,1458.5
,,,,,,,,6465,2042.7,2529.1,8685.4,2990.7,4119.3,4077.4,2455.2,1801.0,2509.6,8937.2,3016.4,1509.6
,,,,,,,,6466,2016.6,2500.7,8367.9,2997.4,4065.1,4042.8,2487.3,1753.2,2430.9,8957.3,2965.9,1499.6
,,,,,,,,6467,1932.6,2393.2,8061.4,2835.1,3819.5,3820.5,2374.1,1701.7,2337.5,8585.4,2851.9,1403.2
,,,,,,,,6468,1816.2,2308.6,7807.7,2736.5,3742.5,3717.0,2260.2,1611.9,2279.1,8132.0,2728.2,1376.0
,,,,,,,,6469,1798.1,2183.5,7479.9,2693.3,3601.0,3562.6,2197.3,1583.7,2212.1,7887.3,2614.0,1312.1
,,,,,,,,6470,1785.2,2231.5,7428.9,2634.9,3595.2,3601.7,2183.0,1566.1,2189.1,8047.3,2595.6,1306.3
,,,,,,,,6471,1800.5,2251.2,7555.5,2663.4,3689.8,3634.4,2244.2,1618.8,2235.0,7982.4,2671.2,1350.2
,,,,,,,,6472,1898.0,2336.7,7968.8,2840.3,3748.9,3767.6,2311.2,1660.4,2346.7,8310.4,2812.0,1381.2
,,,,,,,,6473,1949.2,2479.6,8343.7,2997.8,3969.7,4025.5,2447.8,1737.4,2437.9,8808.9,2953.3,1463.2
,,,,,,,,6474,2085.2,2540.5,8776.4,3134.9,4229.4,4198.4,2542.7,1820.3,2551.1,9193.9,3046.7,1516.2
,,,,,,,,6475,2099.4,2590.4,8972.1,3161.5,4288.2,4268.4,2601.4,1860.7,2603.1,9533.1,3124.7,1545.6
,,,,,,,,6476,2079.5,2612.7,8778.2,3078.6,4151.4,4227.3,2556.4,1836.5,2522.7,9354.0,3066.0,1545.6
,,,,,,,,6477,1989.7,2436.8,8425.3,3000.9,3964.1,3981.4,2450.2,1752.7,2466.5,9000.7,2927.1,1478.7
,,,,,,,,6478,1884.1,2348.7,8038.1,2771.5,3815.3,3768.9,2307.1,1666.9,2317.5,8402.1,2767.5,1404.0
,,,,,,,,6479,1815.2,2269.2,7585.0,2666.3,3689.1,3654.9,2226.0,1575.9,2222.6,8053.9,2673.6,1337.5
,,,,,,,,6480,1755.7,2177.8,7350.1,2597.2,3549.3,3501.8,2136.4,1562.4,2141.9,7784.8,2581.2,1310.1
,,,,,,,,6481,1619.7,2030.1,7020.6,2419.5,3294.3,3284.8,2017.6,1434.0,2006.5,7366.7,2435.6,1214.7
,,,,,,,,6482,1561.4,1924.2,6559.2,2304.2,3095.7,3159.5,1935.5,1364.7,1891.1,7038.4,2272.6,1149.3
,,,,,,,,6483,1477.6,1815.8,6147.9,2210.3,2947.5,2939.4,1802.4,1291.5,1803.7,6658.5,2145.9,1099.0
,,,,,,,,6484,1432.0,1775.2,6188.8,2182.8,2934.8,2897.5,1778.2,1284.5,1779.1,6432.1,2125.7,1063.5
,,,,,,,,6485,1508.3,1872.8,6311.5,2280.0,3011.4,3070.7,1857.6,1348.4,1843.1,6667.5,2231.7,1121.5
,,,,,,,,6486,1631.1,2046.4,6941.1,2453.3,3318.8,3353.0,2039.4,1465.8,2004.5,7420.8,2454.0,1219.3
,,,,,,,,6487,1812.7,2275.5,7703.4,2745.0,3713.5,3741.3,2263.7,1605.6,2241.0,8109.6,2701.9,1335.2
,,,,,,,,6488,1977.2,2442.0,8480.3,2986.8,3937.0,4037.6,2453.4,1775.8,2433.4,8802.8,2924.6,1461.5
,,,,,,,,6489,2040.4,2545.4,8580.1,3022.5,4098.2,4171.3,2493.1,1813.7,2508.1,9253.7,3021.4,1527.5
,,,,,,,,6490,2026.0,2536.7,8422.4,2979.8,4033.4,4009.5,2473.4,1761.1,2515.6,9081.5,2962.1,1477.5
,,,,,,,,6491,1925.3,2394.7,8097.7,2854.4,3880.3,3937.0,2396.5,1694.6,2373.8,8538.0,2821.5,1409.6
,,,,,,,,6492,1829.0,2327.0,7856.4,2730.6,3709.7,3697.0,2258.8,1632.5,2260.0,8188.8,2741.5,1370.3
,,,,,,,,6493,1767.8,2236.7,7643.7,2703.5,3572.5,3601.2,2194.8,1604.7,2234.0,8031.5,2662.8,1328.1
,,,,,,,,6494,1791.2,2231.3,7561.0,2659.8,3587.7,3609.3,2173.2,1593.2,2230.3,7954.5,2613.0,1334.8
,,,,,,,,6495,1821.1,2274.8,7816.6,2708.3,3642.2,3645.5,2251.4,1631.1,2211.0,8047.4,2661.5,1333.5
,,,,,,,,6496,1912.4,2381.3,8034.1,2850.5,3848.5,3782.4,2360.0,1691.7,2323.0,8414.5,2774.1,1384.3
,,,,,,,,6497,1999.0,2464.8,8461.3,3028.2,4062.4,4076.6,2460.3,1787.7,2493.7,8834.0,2993.7,1479.7
,,,,,,,,6498,2095.4,2587.6,8780.4,3160.8,4269.3,4246.4,2594.7,1870.9,2541.0,9380.4,3094.2,1545.9
,,,,,,,,6499,2138.0,2630.3,9045.5,3129.1,4237.8,4338.4,2615.1,1890.1,2597.5,9515.5,3107.7,1558.1
,,,,,,,,6500,2079.5,2562.4,8953.5,3138.8,4178.3,4208.1,2542.7,1871.3,2574.7,9292.4,3077.8,1538.2
,,,,,,,,6501,1974.5,2499.9,8367.8,2955.0,3997.0,4064.7,2480.0,1777.4,2470.1,8957.4,2983.3,1475.7
,,,,,,,,6502,1912.7,2341.2,7954.9,2834.0,3801.8,3847.9,2335.8,1662.5,2353.5,8452.2,2837.1,1395.4
,,,,,,,,6503,1811.8,2278.8,7639.7,2696.4,3637.3,3652.1,2238.2,1635.7,2209.9,8216.6,2677.8,1327.5
,,,,,,,,6504,1753.9,2238.6,7590.3,2633.8,3587.4,3531.2,2163.1,1556.5,2197.6,7902.4,2653.5,1299.3
,,,,,,,,6505,1530.4,1945.0,6664.2,2336.2,3091.1,3164.6,1885.9,1370.8,1891.5,6922.0,2271.6,1153.7
,,,,,,,,6506,1454.0,1849.4,6256.5,2193.0,2954.6,2987.2,1835.9,1301.9,1815.8,6646.1,2174.3,1089.2
,,,,,,,,6507,1386.3,1750.7,5930.9,2072.8,2772.9,2839.2,1715.3,1248.8,1708.2,6268.0,2037.9,1037.5
,,,,,,,,6508,1362.8,1677.5,5714.7,2068.3,2799.8,2785.1,1660.5,1216.5,1697.3,6187.0,1998.4,993.8
,,,,,,,,6509,1432.4,1754.5,6064.7,2148.6,2871.1,2900.6,1735.8,1270.0,1779.9,6363.7,2098.5,1063.7
,,,,,,,,6510,1551.4,1944.0,6718.8,2346.1,3149.8,3142.5,1934.7,1408.8,1923.1,7071.5,2284.3,1150.3
,,,,,,,,6511,1733.8,2173.6,7262.2,2626.5,3525.3,3527.4,2133.1,1515.5,2137.6,7778.2,2551.4,1268.7
,,,,,,,,6512,1836.4,2330.3,7833.4,2790.7,3724.5,3783.5,2304.1,1639.6,2320.6,8416.7,2754.4,1400.9
,,,,,,,,6513,1918.6,2372.1,8109.5,2883.7,3864.3,3887.2,2404.3,1715.2,2401.3,8631.2,2827.0,1409.1
,,,,,,,,6514,1895.1,2372.9,8144.2,2828.4,3874.8,3874.3,2358.3,1678.6,2360.3,8606.6,2781.6,1410.5
,,,,,,,,6515,1823.2,2294.6,7638.2,2710.8,3692.9,3640.6,2287.1,1617.5,2231.2,8285.0,2719.8,1367.7
,,,,,,,,6516,1759.8,2150.7,7322.2,2576.2,3565.0,3566.7,2152.7,1559.7,2123.7,7915.3,2568.9,1305.7
,,,,,,,,6517,1683.4,2128.4,7133.6,2548.6,3468.3,3439.7,2063.0,1525.1,2101.2,7633.4,2502.2,1267.7
,,,,,,,,6518,1678.3,2121.4,7122.8,2533.0,3389.7,3394.3,2112.9,1505.0,2095.4,7511.9,2483.4,1258.3
,,,,,,,,6519,1725.0,2153.7,7247.1,2547.9,3517.1,3444.4,2119.7,1539.5,2108.3,7766.2,2513.8,1258.9
,,,,,,,,6520,1799.4,2265.4,7558.3,2645.4,3633.0,3667.5,2242.3,1576.5,2235.5,8179.4,2676.5,1331.5
,,,,,,,,6521,1912.9,2345.3,7904.8,2835.9,3879.4,3867.1,2338.2,1657.2,2315.8,8494.4,2797.5,1410.6
,,,,,,,,6522,1954.8,2484.9,8285.6,2918.8,4026.6,4006.7,2453.5,1729.3,2453.5,8791.8,2920.7,1450.3
,,,,,,,,6523,2033.1,2510.3,8634.8,3021.3,4072.8,4055.8,2444.8,1765.7,2486.5,9151.8,2971.5,1489.3
,,,,,,,,6524,1975.6,2474.6,8355.7,2933.9,3943.6,3964.1,2429.4,1748.5,2417.1,8879.6,2933.3,1478.1
,,,,,,,,6525,1884.1,2348.0,8068.0,2796.1,3792.9,3836.9,2322.8,1695.0,2317.0,8490.5,2826.6,1387.2
,,,,,,,,6526,1775.1,2251.1,7677.1,2722.2,3636.4,3581.1,2232.2,1616.9,2218.2,8089.8,2662.1,1316.0
,,,,,,,,6527,1698.3,2144.2,7285.5,2600.0,3532.3,3468.7,2121.1,1539.2,2110.5,7638.8,2512.4,1265.5
,,,,,,,,6528,1678.7,2082.9,7094.3,2481.9,3378.5,3393.0,2062.7,1477.8,2056.8,7614.9,2496.0,1252.6
,,,,,,,,6529,1561.5,1965.7,6692.3,2349.7,3188.0,3161.9,1936.2,1406.9,1929.6,7119.7,2302.3,1143.8
,,,,,,,,6530,1493.6,1837.0,6210.1,2235.5,2988.7,3015.6,1799.8,1331.1,1823.1,6678.9,2154.9,1103.3
,,,,,,,,6531,1409.2,1724.3,5904.2,2074.6,2836.7,2807.9,1751.6,1248.8,1734.3,6343.5,2056.2,1035.3
,,,,,,,,6532,1377.5,1688.3,5793.1,2047.3,2816.9,2819.8,1717.1,1218.1,1687.7,6146.6,2054.5,1011.3
,,,,,,,,6533,1442.6,1775.0,6105.7,2162.2,2897.7,2939.4,1769.6,1280.7,1768.6,6361.4,2103.6,1047.3
,,,,,,,,6534,1556.2,1978.5,6669.7,2325.2,3148.9,3215.7,1927.3,1393.8,1923.8,6999.0,2349.6,1157.1
,,,,,,,,6535,1724.6,2151.1,7319.3,2637.1,3506.2,3490.3,2145.4,1535.9,2177.1,7868.0,2602.3,1296.0
,,,,,,,,6536,1857.1,2343.2,7903.0,2851.3,3868.6,3850.1,2356.9,1660.2,2359.5,8461.6,2813.0,1396.5
,,,,,,,,6537,1967.0,2443.0,8124.4,2890.6,3922.9,3986.1,2389.5,1749.6,2408.0,8801.8,2857.4,1449.4
,,,,,,,,6538,1925.1,2375.8,8225.8,2880.0,3899.3,3921.9,2386.3,1690.6,2394.2,8503.2,2824.0,1430.0
,,,,,,,,6539,1849.4,2309.1,7860.4,2775.9,3774.0,3724.9,2292.7,1624.1,2305.8,8264.0,2718.8,1361.3
,,,,,,,,6540,1748.6,2215.0,7513.3,2640.4,3603.0,3532.5,2202.4,1550.6,2141.3,7979.2,2614.6,1305.2
,,,,,,,,6541,1724.9,2111.5,7272.0,2573.8,3488.0,3468.1,2085.3,1501.3,2114.8,7694.5,2548.7,1275.2
,,,,,,,,6542,1694.1,2148.3,7246.2,2540.5,3495.2,3420.3,2086.1,1509.5,2104.1,7658.5,2502.4,1252.8
,,,,,,,,6543,1752.0,2172.0,7272.9,2567.1,3530.4,3481.3,2158.4,1546.4,2142.4,7760.7,2595.8,1286.8
,,,,,,,,6544,1792.0,2234.5,7607.2,2740.8,3697.8,3683.7,2220.1,1595.7,2256.2,8047.2,2679.6,1332.7
,,,,,,,,6545,1925.3,2405.7,8041.2,2830.2,3831.5,3884.3,2362.1,1675.2,2338.3,8530.6,2770.8,1389.1
,,,,,,,,6546,2003.4,2475.6,8389.8,2968.2,4076.3,4057.1,2470.6,1760.0,2460.0,9031.5,2899.0,1463.7
,,,,,,,,6547,2036.2,2551.8,8521.6,3035.2,4086.0,4073.5,2463.3,1799.0,2477.4,9216.3,2967.1,1477.5
,,,,,,,,6548,1959.3,2496.9,8482.4,2941.1,4047.2,4059.3,2432.7,1771.8,2450.0,8942.1,2943.1,1454.7
,,,,,,,,6549,1920.8,2408.9,8038.0,2848.6,3898.6,3853.9,2367.3,1678.4,2344.1,8583.8,2825.2,1414.1
,,,,,,,,6550,1793.0,2273.2,7691.4,2673.4,3654.9,3648.1,2237.2,1627.2,2215.9,8143.4,2633.5,1316.8
,,,,,,,,6551,1707.7,2193.5,7442.4,2571.2,3547.9,3472.8,2156.9,1545.7,2172.1,7719.1,2536.2,1287.7
,,,,,,,,6552,1694.0,2127.6,7145.4,2513.1,3450.9,3460.7,2087.2,1489.0,2108.0,7502.0,2474.1,1238.5
,,,,,,,,6553,1682.9,2076.9,7099.3,2520.5,3389.5,3345.0,2043.8,1512.8,2043.5,7509.5,2478.7,1224.2
,,,,,,,,6554,1596.6,1988.1,6670.9,2349.2,3221.4,3253.8,1939.9,1422.6,1930.2,7218.3,2348.0,1174.5
,,,,,,,,6555,1515.9,1897.7,6369.7,2246.0,3079.6,3085.2,1851.1,1352.0,1873.4,6726.8,2205.9,1096.6
,,,,,,,,6556,1459.3,1825.6,6289.0,2232.0,2981.0,3018.0,1799.9,1294.1,1830.3,6651.7,2184.0,1077.3
,,,,,,,,6557,1535.5,1942.8,6544.8,2295.7,3126.5,3085.6,1885.1,1355.2,1918.5,6992.0,2261.9,1121.2
,,,,,,,,6558,1695.3,2087.5,7065.1,2523.5,3443.9,3426.3,2111.4,1489.0,2061.5,7662.0,2504.6,1231.1
,,,,,,,,6559,1871.7,2348.9,7842.9,2824.9,3774.6,3832.3,2305.9,1658.7,2339.7,8471.6,2748.8,1364.1
,,,,,,,,6560,1989.8,2547.0,8500.1,3060.1,4149.3,4121.6,2521.5,1771.4,2494.3,8971.5,2966.5,1463.9
,,,,,,,,6561,2055.5,2562.9,8927.4,3130.7,4202.5,4233.6,2555.2,1836.3,2539.0,9263.9,3055.3,1530.5
,,,,,,,,6562,2031.8,2599.5,8597.7,3120.2,4140.7,4201.8,2514.3,1831.2,2523.6,9242.6,3041.6,1507.4
,,,,,,,,6563,1970.8,2435.0,8298.4,2967.2,4041.4,3971.0,2425.8,1760.7,2447.3,8993.7,2905.6,1432.3
,,,,,,,,6564,1860.1,2360.6,8115.1,2793.2,3823.4,3849.4,2355.0,1681.0,2325.6,8399.3,2779.4,1388.3
,,,,,,,,6565,1835.9,2309.5,7660.8,2719.7,3740.0,3737.8,2279.5,1607.4,2274.3,8285.8,2681.3,1363.4
,,,,,,,,6566,1815.5,2274.9,7829.8,2767.7,3707.0,3734.0,2237.4,1601.5,2236.3,8123.9,2708.6,1334.9
,,,,,,,,6567,1839.6,2348.1,7917.4,2769.3,3757.7,3826.6,2292.7,1677.5,2302.7,8468.7,2714.3,1377.0
,,,,,,,,6568,1960.0,2389.3,8341.9,2891.6,3979.5,3932.8,2408.7,1707.2,2362.8,8750.2,2829.8,1428.1
,,,,,,,,6569,2051.2,2539.6,8623.1,3044.6,4100.6,4139.9,2542.3,1790.5,2496.1,9257.1,2973.4,1501.6
,,,,,,,,6570,2140.7,2640.0,9124.1,3188.4,4291.1,4334.3,2611.2,1909.7,2661.3,9649.6,3113.7,1585.2
,,,,,,,,6571,2196.2,2730.2,9285.7,3214.9,4459.4,4403.7,2665.2,1907.9,2676.4,9630.8,3228.3,1589.8
,,,,,,,,6572,2100.8,2623.7,9012.5,3236.0,4385.7,4290.2,2621.5,1894.8,2628.4,9533.1,3145.8,1580.8
,,,,,,,,6573,2016.8,2552.2,8541.6,3096.3,4110.3,4084.8,2542.6,1800.5,2539.9,9242.8,3034.1,1487.9
,,,,,,,,6574,1951.5,2443.8,8195.6,2872.7,3975.6,3885.0,2430.8,1724.0,2422.2,8813.9,2840.1,1425.9
,,,,,,,,6575,1832.3,2348.0,7996.3,2811.0,3724.9,3720.3,2273.7,1637.7,2265.0,8379.2,2738.3,1348.4
,,,,,,,,6576,1790.8,2273.7,7568.0,2676.4,3663.8,3675.8,2258.6,1589.7,2217.7,8132.5,2679.5,1327.8
,,,,,,,,6577,1665.1,2076.8,7068.5,2553.8,3374.9,3429.9,2095.2,1519.7,2096.3,7627.4,2438.2,1223.4
,,,,,,,,6578,1573.9,1990.0,6756.2,2425.7,3250.7,3231.2,1953.9,1402.1,1948.0,7112.3,2328.0,1181.6
,,,,,,,,6579,1515.3,1858.2,6352.9,2258.6,3067.9,3101.1,1841.7,1347.9,1879.8,6887.9,2182.2,1108.0
,,,,,,,,6580,1503.1,1833.5,6349.1,2206.3,2989.9,2979.2,1847.5,1315.8,1822.8,6615.2,2181.7,1074.0
,,,,,,,,6581,1542.7,1917.0,6634.3,2355.3,3150.4,3102.4,1894.9,1400.2,1905.5,7035.6,2294.2,1144.5
,,,,,,,,6582,1697.0,2145.5,7292.8,2549.4,3487.2,3495.0,2121.5,1515.5,2087.2,7711.6,2492.6,1235.6
,,,,,,,,6583,1889.6,2343.5,7906.8,2854.1,3777.4,3849.8,2314.3,1652.6,2342.3,8363.6,2733.9,1366.2
,,,,,,,,6584,2004.0,2500.3,8705.8,3023.0,4129.4,4099.2,2539.9,1823.7,2489.6,9073.6,2975.9,1484.2
,,,,,,,,6585,2118.2,2629.4,8911.8,3168.8,4229.5,4246.0,2562.9,1885.1,2587.3,9461.3,3087.0,1535.4
,,,,,,,,6586,2048.6,2552.1,8819.0,3141.6,4232.1,4154.4,2576.6,1844.6,2600.5,9350.3,3075.9,1523.8
,,,,,,,,6587,1969.2,2487.7,8498.0,2945.4,3985.2,4047.5,2424.0,1766.0,2458.1,8819.7,2901.1,1452.7
,,,,,,,,6588,1903.5,2405.5,8026.3,2833.5,3827.5,3837.1,2382.5,1676.7,2351.7,8564.9,2753.6,1393.7
,,,,,,,,6589,1842.7,2276.6,7948.1,2727.6,3771.0,3760.3,2311.0,1656.1,2268.6,8416.0,2715.5,1338.0
,,,,,,,,6590,1853.6,2290.7,7850.3,2717.5,3744.6,3785.1,2298.6,1641.8,2308.6,8229.8,2723.5,1339.5
,,,,,,,,6591,1861.6,2311.4,7882.5,2803.9,3797.7,3758.3,2346.4,1658.4,2319.2,8455.2,2762.0,1357.2
,,,,,,,,6592,1927.2,2426.9,8346.5,2922.7,3987.4,4021.6,2443.1,1741.8,2383.3,8780.8,2893.3,1412.4
,,,,,,,,6593,2056.2,2582.8,8742.7,3043.6,4127.2,4179.5,2544.4,1807.0,2541.6,9166.3,2997.4,1489.6
,,,,,,,,6594,2174.7,2657.8,9061.1,3229.4,4332.6,4380.9,2652.4,1935.7,2681.4,9721.0,3176.3,1596.5
,,,,,,,,6595,2189.8,2696.5,9149.1,3227.0,4487.1,4487.5,2679.2,1963.5,2735.6,9890.7,3166.1,1585.5
,,,,,,,,6596,2123.6,2675.8,9031.5,3201.5,4362.2,4320.6,2696.7,1928.5,2636.4,9631.7,3184.7,1574.0
,,,,,,,,6597,2080.0,2604.0,8641.9,3046.7,4126.0,4144.9,2532.4,1852.5,2526.4,9388.2,3001.5,1502.9
,,,,,,,,6598,1925.0,2455.1,8225.4,2929.1,3940.9,3969.4,2428.0,1713.5,2398.8,8924.8,2851.4,1444.4
,,,,,,,,6599,1845.9,2339.3,7945.9,2807.9,3837.3,3785.8,2297.3,1659.3,2311.9,8451.4,2762.4,1374.8
,,,,,,,,6600,1817.0,2292.0,7810.1,2710.6,3663.2,3712.1,2236.9,1629.1,2251.2,8156.5,2695.3,1334.8
,,,,,,,,6601,1714.8,2144.5,7116.9,2511.6,3494.8,3461.2,2096.6,1500.0,2103.8,7743.3,2506.3,1249.0
,,,,,,,,6602,1618.8,2033.2,6757.3,2393.2,3290.9,3243.2,1968.5,1453.7,1978.6,7189.3,2320.6,1190.2
,,,,,,,,6603,1527.8,1875.3,6494.7,2255.8,3134.9,3085.9,1908.0,1366.0,1893.2,6915.8,2203.7,1105.9
,,,,,,,,6604,1494.8,1870.2,6338.3,2223.3,3030.2,2997.3,1848.7,1342.9,1867.8,6788.9,2171.0,1103.3
,,,,,,,,6605,1551.5,1959.5,6556.6,2363.5,3155.2,3214.8,1948.7,1391.3,1943.7,7144.0,2278.7,1149.5
,,,,,,,,6606,1730.9,2167.6,7370.3,2552.9,3501.6,3440.4,2118.6,1506.4,2151.7,7710.3,2521.8,1232.9
,,,,,,,,6607,1866.4,2394.4,8125.1,2839.3,3832.8,3856.0,2321.6,1707.4,2318.0,8545.7,2766.9,1377.0
,,,,,,,,6608,2062.3,2557.0,8624.8,3091.7,4173.2,4174.7,2517.2,1807.7,2501.7,9346.4,2960.9,1479.1
,,,,,,,,6609,2094.0,2631.4,8974.8,3187.9,4297.7,4273.9,2637.0,1868.6,2644.3,9616.0,3075.6,1535.3
,,,,,,,,6610,2070.3,2584.2,8888.8,3136.8,4214.7,4271.5,2570.8,1860.0,2585.0,9301.9,3031.4,1510.3
,,,,,,,,6611,2021.5,2469.2,8624.6,2984.8,4039.4,4040.0,2514.5,1781.9,2480.0,8982.9,2883.1,1480.8
,,,,,,,,6612,1905.2,2400.6,8073.0,2860.9,3906.2,3853.9,2387.8,1704.1,2369.5,8668.8,2821.0,1387.7
,,,,,,,,6613,1877.6,2331.2,8008.8,2764.0,3791.9,3748.7,2325.6,1664.8,2284.1,8301.6,2686.6,1339.3
,,,,,,,,6614,1835.3,2281.4,7900.4,2816.2,3752.9,3799.4,2296.2,1644.4,2297.7,8395.3,2730.5,1371.8
,,,,,,,,6615,1859.2,2323.2,7938.9,2808.5,3887.2,3814.6,2359.1,1662.0,2310.1,8572.6,2766.1,1358.6
,,,,,,,,6616,1961.0,2456.0,8276.0,2939.2,3953.1,4055.8,2430.6,1774.5,2471.4,8992.0,2853.7,1427.0
,,,,,,,,6617,2074.8,2615.2,8924.9,3069.9,4165.6,4220.3,2586.7,1825.8,2583.2,9306.1,3024.7,1533.5
,,,,,,,,6618,2179.0,2690.6,9137.8,3289.3,4433.0,4425.8,2654.1,1932.4,2673.1,9813.1,3152.6,1588.7
,,,,,,,,6619,2173.8,2753.8,9437.8,3259.1,4427.4,4448.4,2722.8,1975.3,2701.6,9956.1,3247.6,1621.2
,,,,,,,,6620,2172.0,2712.8,9290.5,3267.7,4458.0,4341.6,2658.8,1908.5,2692.4,9868.0,3151.1,1576.0
,,,,,,,,6621,2076.0,2607.8,8923.6,3125.4,4249.3,4255.0,2601.7,1820.6,2590.3,9469.2,3066.9,1518.0
,,,,,,,,6622,1963.2,2466.1,8444.4,2971.4,3967.3,3946.8,2455.6,1763.6,2469.1,8788.9,2834.7,1420.2
,,,,,,,,6623,1899.2,2331.8,7996.3,2789.0,3875.7,3872.2,2368.3,1687.7,2325.8,8514.4,2777.7,1361.2
,,,,,,,,6624,1819.8,2277.0,7716.8,2717.7,3714.6,3691.3,2249.0,1639.9,2269.6,8289.9,2688.4,1350.3
,,,,,,,,6625,1698.0,2130.8,7359.0,2593.5,3518.1,3486.4,2134.4,1527.0,2095.7,7793.2,2463.2,1233.9
,,,,,,,,6626,1628.9,2051.6,6842.2,2426.3,3332.3,3283.7,2017.3,1447.3,1999.9,7295.4,2341.0,1174.2
,,,,,,,,6627,1544.9,1938.3,6489.8,2279.5,3119.1,3159.5,1919.4,1385.3,1886.1,6975.2,2214.9,1109.4
,,,,,,,,6628,1505.6,1872.5,6320.6,2254.6,3028.1,3106.7,1861.3,1344.5,1883.4,6891.8,2178.8,1101.0
,,,,,,,,6629,1585.5,1955.0,6601.3,2369.6,3187.6,3215.8,1928.3,1404.5,1936.1,7086.2,2278.4,1162.4
,,,,,,,,6630,1749.7,2175.7,7433.8,2591.2,3494.6,3523.8,2133.3,1538.9,2115.2,7780.0,2549.2,1249.7
,,,,,,,,6631,1886.4,2364.2,8221.4,2831.9,3920.3,3922.2,2350.5,1730.6,2386.5,8733.5,2817.9,1396.3
,,,,,,,,6632,2068.0,2578.6,8742.9,3063.8,4249.4,4135.6,2525.1,1826.6,2562.8,9293.7,3046.4,1507.3
,,,,,,,,6633,2157.2,2693.9,8925.6,3222.6,4280.3,4370.0,2679.9,1931.6,2673.9,9682.3,3077.3,1553.7
,,,,,,,,6634,2115.8,2596.0,8927.7,3198.4,4228.4,4295.1,2620.1,1892.5,2610.3,9522.3,3035.4,1536.0
,,,,,,,,6635,1988.1,2499.5,8613.8,3048.8,4100.0,4137.3,2476.3,1826.2,2496.5,8968.3,2975.5,1478.9
,,,,,,,,6636,1946.5,2398.6,8164.4,2858.6,3878.1,3945.8,2391.9,1697.4,2386.0,8654.1,2822.5,1384.3
,,,,,,,,6637,1851.9,2374.9,7961.6,2844.3,3774.2,3866.0,2308.1,1687.8,2320.2,8339.8,2734.7,1350.6
,,,,,,,,6638,1891.9,2355.5,7975.7,2801.5,3805.7,3834.8,2308.6,1677.9,2314.9,8485.4,2744.2,1348.2
,,,,,,,,6639,1909.5,2389.4,8121.5,2821.8,3870.3,3913.8,2325.4,1687.8,2328.0,8556.8,2746.8,1398.0
,,,,,,,,6640,1957.3,2460.7,8455.4,2968.9,4010.7,4068.1,2427.6,1793.6,2450.2,8921.3,2902.6,1435.4
,,,,,,,,6641,2099.1,2581.6,8781.8,3154.5,4297.1,4203.0,2594.1,1860.0,2619.0,9390.5,2994.1,1525.8
,,,,,,,,6642,2188.7,2696.1,9335.7,3270.8,4422.5,4391.5,2721.5,1964.0,2703.0,9794.0,3134.5,1565.6
,,,,,,,,6643,2198.8,2782.5,9414.1,3289.3,4462.3,4567.5,2756.5,2006.0,2790.7,10004.8,3206.2,1619.0
,,,,,,,,6644,2163.4,2698.7,9196.2,3277.9,4473.6,4426.2,2717.5,1935.1,2741.5,9871.4,3162.7,1609.9
,,,,,,,,6645,2094.1,2597.1,8916.2,3115.1,4196.8,4294.8,2560.9,1870.8,2609.0,9479.2,3060.2,1538.9
,,,,,,,,6646,1979.8,2445.1,8482.8,3005.6,4056.9,4035.6,2442.7,1748.2,2477.4,8883.1,2894.1,1433.5
,,,,,,,,6647,1903.6,2351.4,8173.7,2869.0,3918.6,3849.2,2383.1,1718.6,2388.7,8561.4,2791.5,1368.8
,,,,,,,,6648,1872.6,2285.1,7774.8,2797.7,3784.0,3775.9,2308.6,1655.1,2282.6,8379.6,2667.2,1341.1
,,,,,,,,6649,1741.9,2127.8,7347.6,2575.7,3495.2,3461.4,2119.5,1529.1,2132.0,7888.9,2519.3,1247.1
,,,,,,,,6650,1633.5,2054.1,6841.6,2439.1,3320.1,3368.7,2000.1,1479.6,2032.8,7338.4,2382.1,1198.0
,,,,,,,,6651,1562.2,1927.4,6646.9,2325.8,3123.7,3115.3,1901.7,1386.3,1917.6,6892.2,2262.0,1109.5
,,,,,,,,6652,1538.1,1921.0,6396.5,2245.9,3081.2,3083.9,1898.7,1373.4,1869.5,6805.8,2173.5,1085.8
,,,,,,,,6653,1572.3,1977.3,6691.5,2366.3,3254.0,3255.6,1960.9,1405.1,1948.7,7095.7,2312.1,1160.7
,,,,,,,,6654,1728.1,2178.6,7400.2,2575.1,3538.3,3522.2,2132.4,1541.2,2132.4,7857.2,2494.3,1260.6
,,,,,,,,6655,1937.4,2378.3,8137.4,2856.6,3902.6,3972.4,2404.3,1737.1,2412.4,8614.3,2776.8,1399.6
,,,,,,,,6656,2053.4,2634.1,8952.9,3084.0,4241.8,4177.6,2555.3,1843.3,2595.0,9441.5,2972.6,1525.7
,,,,,,,,6657,2137.3,2689.2,9027.5,3207.5,4370.6,4324.1,2681.8,1913.1,2697.2,9629.7,3095.7,1561.9
,,,,,,,,6658,2100.0,2654.6,8945.6,3187.4,4298.6,4271.1,2638.0,1911.3,2624.5,9612.8,3040.6,1517.0
,,,,,,,,6659,2040.8,2504.4,8721.0,3026.4,4107.4,4147.6,2518.8,1792.3,2546.2,9245.4,2986.3,1466.7
,,,,,,,,6660,1952.3,2433.3,8316.9,2925.8,3911.1,4012.4,2384.7,1715.3,2426.8,8768.9,2806.6,1401.0
,,,,,,,,6661,1902.4,2384.5,7942.5,2852.7,3834.3,3886.8,2321.8,1676.8,2334.2,8533.3,2734.7,1385.8
,,,,,,,,6662,1852.0,2372.7,7954.5,2842.2,3796.1,3831.9,2323.8,1704.3,2345.4,8600.3,2757.2,1379.1
,,,,,,,,6663,1924.9,2370.2,8109.5,2853.2,3856.9,3848.9,2366.6,1693.4,2346.8,8777.3,2797.2,1409.7
,,,,,,,,6664,1994.3,2509.8,8593.3,2960.7,4075.9,4019.4,2499.8,1767.8,2476.1,9042.0,2932.6,1454.5
,,,,,,,,6665,2128.0,2599.3,8950.7,3179.2,4309.9,4228.4,2590.6,1888.8,2609.8,9358.6,3061.1,1528.3
,,,,,,,,6666,2222.8,2763.5,9358.5,3315.0,4467.2,4485.3,2738.2,1962.2,2733.0,9792.0,3149.5,1585.8
,,,,,,,,6667,2228.3,2803.4,9565.2,3369.6,4589.3,4486.4,2756.4,1985.9,2734.7,10064.0,3281.6,1600.3
,,,,,,,,6668,2191.7,2704.2,9450.3,3284.2,4523.9,4512.9,2705.5,1938.0,2688.5,9831.9,3185.0,1614.3
,,,,,,,,6669,2095.6,2608.9,8852.1,3127.2,4258.8,4300.9,2596.4,1855.8,2592.6,9520.4,3017.1,1507.3
,,,,,,,,6670,1986.0,2499.9,8552.4,3008.7,4111.2,4050.1,2496.3,1760.4,2502.3,9118.7,2861.4,1457.7
,,,,,,,,6671,1898.0,2416.9,8115.0,2850.5,3915.7,3913.8,2344.9,1727.6,2367.1,8590.3,2756.6,1381.3
,,,,,,,,6672,1841.4,2327.9,7968.4,2795.6,3812.7,3819.9,2304.8,1678.1,2343.0,8395.9,2685.7,1337.5
,,,,,,,,6673,1630.9,2042.0,7020.9,2467.0,3337.0,3298.5,2012.8,1470.6,2054.8,7480.4,2370.6,1188.5
,,,,,,,,6674,1535.5,1926.3,6528.3,2306.8,3120.3,3161.8,1906.2,1387.4,1925.4,6891.6,2257.7,1106.7
,,,,,,,,6675,1463.5,1844.1,6162.6,2205.3,2959.6,2975.7,1803.1,1322.9,1840.9,6539.1,2131.1,1048.6
,,,,,,,,6676,1448.3,1790.5,6149.7,2128.9,2969.4,2954.5,1803.9,1277.5,1778.6,6483.8,2064.0,1039.7
,,,,,,,,6677,1480.4,1860.6,6309.1,2234.7,3042.4,3104.4,1838.8,1341.8,1876.9,6838.2,2147.4,1100.0
,,,,,,,,6678,1635.8,2089.1,7085.4,2474.5,3338.9,3387.8,2043.6,1476.9,2049.3,7397.3,2380.7,1188.3
,,,,,,,,6679,1836.2,2283.1,7798.2,2708.5,3725.5,3700.3,2276.5,1618.8,2260.2,8263.9,2660.1,1327.2
,,,,,,,,6680,1997.2,2490.1,8445.6,2966.7,4051.8,3958.3,2481.5,1762.1,2425.6,8844.6,2819.7,1432.3
,,,,,,,,6681,2029.0,2561.3,8703.2,3017.0,4199.3,4095.6,2505.7,1821.0,2508.1,9132.5,2922.2,1485.4
,,,,,,,,6682,2018.4,2488.4,8652.3,2967.7,4033.7,4097.8,2491.8,1790.2,2480.5,9080.9,2924.7,1452.2
,,,,,,,,6683,1929.6,2378.2,8091.2,2914.6,3927.2,3913.9,2365.2,1745.2,2357.9,8781.6,2785.9,1400.3
,,,,,,,,6684,1854.5,2332.9,7713.3,2782.2,3778.1,3691.2,2298.5,1651.5,2250.8,8332.1,2661.0,1335.8
,,,,,,,,6685,1772.5,2234.8,7637.2,2655.2,3601.3,3637.7,2223.4,1619.2,2224.7,8054.7,2609.2,1278.9
,,,,,,,,6686,1774.3,2227.6,7521.9,2631.0,3626.4,3627.5,2213.7,1614.7,2195.3,7976.0,2567.3,1277.3
,,,,,,,,6687,1825.5,2276.1,7609.8,2745.1,3689.1,3659.1,2256.0,1617.8,2241.3,8239.4,2651.8,1323.3
,,,,,,,,6688,1906.5,2336.8,8017.5,2842.5,3837.8,3868.8,2329.2,1702.5,2325.5,8488.9,2760.9,1383.1
,,,,,,,,6689,1970.3,2479.0,8486.6,2944.8,4071.3,4020.5,2462.9,1769.0,2509.6,8900.5,2859.6,1438.6
,,,,,,,,6690,2090.1,2610.9,8778.9,3154.3,4179.3,4224.2,2619.8,1888.6,2606.1,9387.6,3045.5,1492.0
,,,,,,,,6691,2089.2,2677.1,8865.1,3137.9,4296.2,4335.8,2613.0,1883.7,2597.8,9613.8,3108.4,1549.0
,,,,,,,,6692,2093.0,2625.3,8817.1,3161.2,4183.0,4235.6,2579.9,1879.1,2618.7,9267.9,3019.5,1494.8
,,,,,,,,6693,2001.4,2477.3,8429.6,2975.5,4073.2,4016.3,2498.6,1806.5,2460.9,8995.4,2852.0,1448.6
,,,,,,,,6694,1874.2,2397.2,8024.4,2820.3,3811.3,3867.7,2374.1,1689.5,2364.6,8470.1,2743.6,1360.3
,,,,,,,,6695,1827.0,2244.4,7604.6,2701.5,3687.2,3696.1,2250.2,1638.6,2238.9,8117.2,2634.9,1302.5
,,,,,,,,6696,1765.9,2213.1,7533.7,2664.3,3581.6,3592.5,2224.7,1563.5,2169.0,7944.4,2536.8,1267.2
,,,,,,,,6697,1646.7,2053.3,6920.5,2488.4,3307.6,3317.4,2023.6,1488.0,2046.1,7516.7,2387.4,1191.4
,,,,,,,,6698,1566.8,1941.4,6634.1,2324.9,3179.2,3197.1,1932.0,1405.2,1965.2,7021.6,2253.3,1137.3
,,,,,,,,6699,1465.1,1822.8,6210.8,2192.4,3035.3,3024.6,1840.3,1318.2,1813.3,6576.1,2147.7,1059.7
,,,,,,,,6700,1426.7,1830.3,6232.8,2194.2,2961.3,2922.0,1811.0,1287.0,1794.1,6508.8,2082.3,1042.4
,,,,,,,,6701,1527.5,1882.6,6449.2,2302.5,3062.0,3112.3,1865.0,1363.8,1903.7,6920.3,2207.7,1077.5
,,,,,,,,6702,1649.2,2051.6,7042.6,2496.1,3408.1,3380.4,2079.2,1471.7,2040.9,7487.5,2391.5,1189.6
,,,,,,,,6703,1854.9,2319.7,7782.7,2728.3,3746.9,3752.3,2256.1,1629.2,2297.9,8216.1,2635.8,1327.1
,,,,,,,,6704,1981.9,2498.4,8430.8,2997.2,3986.1,3998.4,2460.2,1771.2,2494.0,9012.4,2878.4,1451.7
,,,,,,,,6705,2027.0,2555.7,8733.6,3035.3,4143.0,4227.6,2519.8,1856.8,2560.8,9243.4,2992.4,1457.5
,,,,,,,,6706,2011.7,2552.6,8543.8,3054.2,4062.0,4122.9,2489.5,1820.9,2485.7,9231.0,2923.3,1477.6
,,,,,,,,6707,1927.3,2408.7,8350.6,2914.9,3967.2,3914.1,2377.3,1759.5,2427.1,8723.8,2832.8,1419.3
,,,,,,,,6708,1867.1,2292.0,7770.6,2753.7,3818.7,3740.5,2293.0,1649.4,2298.9,8279.8,2710.0,1345.7
,,,,,,,,6709,1823.8,2241.7,7746.6,2719.4,3683.8,3724.5,2252.7,1618.5,2253.9,8100.4,2611.8,1291.7
,,,,,,,,6710,1808.9,2270.7,7618.0,2725.2,3707.0,3692.3,2222.4,1601.9,2240.9,8142.5,2576.7,1288.5
,,,,,,,,6711,1818.7,2296.3,7710.9,2725.0,3728.6,3724.3,2272.7,1660.5,2269.5,8160.3,2643.4,1305.0
,,,,,,,,6712,1904.7,2350.2,8016.2,2850.8,3847.9,3900.2,2359.3,1695.3,2391.2,8539.8,2728.2,1393.0
,,,,,,,,6713,1990.9,2541.9,8523.9,2979.6,4057.6,4116.5,2502.5,1788.5,2497.5,9003.3,2900.8,1447.7
,,,,,,,,6714,2097.2,2583.6,9039.9,3156.3,4314.4,4318.7,2594.5,1897.2,2584.6,9361.2,3028.2,1501.7
,,,,,,,,6715,2136.2,2640.2,9142.0,3220.1,4382.9,4314.2,2670.0,1893.8,2670.8,9788.7,3084.2,1536.5
,,,,,,,,6716,2069.4,2635.7,8959.0,3124.3,4250.4,4239.7,2591.7,1895.4,2635.0,9421.9,3043.4,1502.6
,,,,,,,,6717,2015.5,2484.2,8571.6,2971.4,4035.0,4100.7,2494.5,1772.5,2482.8,9172.2,2935.2,1431.2
,,,,,,,,6718,1919.8,2370.0,8040.3,2873.7,3868.2,3893.2,2359.2,1706.1,2396.3,8517.1,2743.1,1353.7
,,,,,,,,6719,1806.3,2313.6,7825.1,2771.8,3760.2,3704.4,2249.2,1646.5,2268.3,8383.3,2663.4,1298.1
,,,,,,,,6720,1789.4,2248.6,7525.5,2644.3,3647.0,3599.3,2218.7,1581.7,2224.3,7943.2,2530.6,1269.6
,,,,,,,,6721,1764.1,2191.2,7467.7,2615.4,3600.4,3561.1,2209.5,1566.1,2173.9,8077.4,2517.9,1287.2
,,,,,,,,6722,1679.2,2063.1,7144.7,2535.9,3450.7,3418.3,2065.7,1477.4,2089.6,7626.0,2420.9,1201.0
,,,,,,,,6723,1587.6,1955.1,6714.7,2365.3,3185.8,3258.2,1942.1,1394.3,1955.8,7180.0,2291.7,1151.5
,,,,,,,,6724,1563.4,1936.3,6555.1,2342.2,3174.2,3125.9,1933.8,1400.6,1929.9,6983.8,2242.7,1113.0
,,,,,,,,6725,1613.6,2011.6,6940.7,2421.5,3330.3,3309.3,2044.7,1446.9,2010.8,7393.4,2301.6,1159.9
,,,,,,,,6726,1802.7,2240.7,7552.1,2681.8,3578.2,3676.7,2234.0,1579.3,2194.5,7953.2,2522.0,1280.8
,,,,,,,,6727,1991.5,2445.0,8376.3,2976.4,3979.3,4049.4,2454.4,1749.4,2449.2,8787.7,2861.0,1420.7
,,,,,,,,6728,2125.1,2660.1,8915.0,3143.5,4389.3,4377.6,2609.8,1917.3,2618.6,9657.7,3051.1,1526.1
,,,,,,,,6729,2192.2,2711.3,9275.9,3281.0,4430.6,4547.2,2719.7,1952.0,2729.1,10069.5,3151.3,1566.2
,,,,,,,,6730,2140.0,2739.1,9305.0,3296.8,4486.3,4446.5,2691.0,1967.5,2691.8,9822.3,3098.6,1538.0
,,,,,,,,6731,2047.5,2587.5,8738.7,3088.8,4210.2,4184.6,2617.4,1842.5,2590.4,9503.7,3004.9,1498.9
,,,,,,,,6732,1959.2,2497.9,8523.5,2975.1,4098.3,4016.8,2444.7,1781.3,2445.7,8874.2,2832.8,1417.5
,,,,,,,,6733,1946.8,2385.6,8260.5,2897.3,3941.6,3960.1,2374.6,1748.6,2375.3,8823.7,2767.0,1407.1
,,,,,,,,6734,1912.6,2371.2,8211.6,2865.2,3932.1,3898.8,2356.3,1737.0,2362.4,8714.5,2741.3,1387.3
,,,,,,,,6735,1971.2,2462.8,8259.8,2955.6,3947.1,4011.4,2453.8,1773.4,2460.6,8870.9,2812.3,1416.1
,,,,,,,,6736,2062.0,2515.0,8568.0,3042.1,4137.8,4129.5,2517.9,1823.5,2531.1,9282.1,2895.4,1470.9
,,,,,,,,6737,2163.7,2722.7,9049.0,3207.5,4348.8,4419.3,2678.2,1935.6,2705.7,9636.0,3072.2,1566.6
,,,,,,,,6738,2232.3,2846.7,9482.2,3375.3,4622.2,4566.5,2834.6,2022.7,2774.0,10092.3,3245.0,1600.2
,,,,,,,,6739,2252.9,2821.0,9657.5,3458.7,4669.6,4689.8,2823.0,2069.7,2852.0,10208.2,3313.8,1667.7
,,,,,,,,6740,2228.9,2800.8,9413.0,3420.9,4525.8,4571.9,2764.4,2027.5,2810.3,10222.4,3221.8,1594.0
,,,,,,,,6741,2122.2,2667.8,9071.6,3244.4,4451.1,4405.7,2655.0,1899.2,2663.1,9601.9,3096.7,1560.8
,,,,,,,,6742,2053.3,2573.4,8769.9,3046.2,4158.5,4192.0,2542.4,1838.4,2521.5,9271.0,2894.4,1452.6
,,,,,,,,6743,1932.7,2448.3,8195.4,2962.9,4005.5,4006.9,2460.8,1745.8,2449.2,8780.0,2841.6,1428.4
,,,,,,,,6744,1931.4,2388.8,8226.8,2833.9,3931.9,3945.4,2358.0,1709.8,2401.5,8692.1,2736.3,1388.5
,,,,,,,,6745,1769.7,2195.7,7565.6,2640.1,3615.0,3608.9,2211.3,1607.0,2199.7,7937.9,2530.9,1273.8
,,,,,,,,6746,1659.5,2111.9,7178.3,2539.8,3428.3,3436.0,2117.3,1515.0,2079.0,7706.2,2412.7,1189.1
,,,,,,,,6747,1594.8,1976.7,6847.5,2353.6,3287.3,3296.2,2005.3,1442.3,1983.3,7117.4,2248.9,1150.0
,,,,,,,,6748,1584.4,1934.0,6577.2,2363.9,3188.3,3205.4,1927.7,1401.4,1959.8,7050.0,2209.0,1119.2
,,,,,,,,6749,1622.1,2048.1,6933.5,2484.9,3339.4,3325.4,2043.9,1473.1,2044.9,7357.6,2369.9,1185.2
,,,,,,,,6750,1787.4,2263.6,7716.1,2714.4,3620.2,3639.6,2224.7,1602.8,2210.0,8195.7,2593.3,1289.9
,,,,,,,,6751,1965.1,2480.4,8528.8,2948.3,4038.6,3994.5,2455.4,1777.2,2454.0,9112.6,2845.7,1435.8
,,,,,,,,6752,2121.5,2684.4,9018.8,3205.6,4316.9,4378.2,2670.6,1926.4,2660.5,9800.0,3107.6,1544.9
,,,,,,,,6753,2191.1,2737.1,9470.5,3350.7,4492.2,4454.8,2791.0,1989.7,2752.6,10094.0,3199.0,1573.8
,,,,,,,,6754,2216.8,2731.8,9368.0,3284.8,4459.5,4488.0,2718.9,1980.1,2744.9,9956.2,3137.9,1584.5
,,,,,,,,6755,2122.4,2652.0,8800.8,3100.4,4317.6,4314.8,2595.6,1866.5,2626.0,9508.3,2979.7,1508.4
,,,,,,,,6756,2019.7,2510.9,8498.5,3041.5,4077.2,4135.1,2515.7,1776.7,2472.7,8960.8,2856.2,1452.1
,,,,,,,,6757,1961.4,2462.7,8317.8,2904.8,3958.1,3937.5,2402.8,1734.5,2441.7,8829.3,2792.0,1392.9
,,,,,,,,6758,1911.9,2431.0,8344.8,2908.8,3942.1,3960.3,2386.3,1746.2,2386.6,8780.7,2747.5,1407.4
,,,,,,,,6759,1978.7,2478.5,8302.5,3003.0,4009.1,4064.2,2472.3,1793.1,2446.1,8830.8,2810.2,1434.5
,,,,,,,,6760,2064.8,2547.1,8755.6,3131.3,4263.4,4223.3,2527.6,1831.4,2566.0,9220.9,2953.5,1463.6
,,,,,,,,6761,2194.4,2731.0,9196.0,3238.9,4390.1,4390.8,2673.6,1948.2,2675.1,9870.7,3142.4,1559.9
,,,,,,,,6762,2278.5,2818.9,9548.9,3408.5,4688.2,4559.2,2784.7,2038.2,2822.9,10208.8,3261.9,1611.6
,,,,,,,,6763,2289.3,2839.8,9817.1,3434.3,4730.9,4651.7,2902.0,2058.8,2896.7,10498.6,3333.9,1630.0
,,,,,,,,6764,2271.0,2836.2,9490.3,3422.6,4588.2,4654.0,2786.1,2017.3,2838.7,10254.4,3236.3,1608.3
,,,,,,,,6765,2148.7,2711.3,9341.3,3262.5,4402.3,4441.2,2678.6,1951.6,2719.2,9859.9,3120.1,1574.9
,,,,,,,,6766,2061.7,2558.9,8632.9,3059.5,4195.2,4170.9,2556.2,1834.9,2531.1,9392.5,2977.3,1478.8
,,,,,,,,6767,1943.2,2429.1,8319.5,2998.4,4061.1,4003.4,2458.8,1765.1,2440.9,9042.8,2806.3,1405.3
,,,,,,,,6768,1936.7,2404.0,8238.7,2922.7,3971.1,3868.0,2378.6,1737.0,2386.0,8788.8,2756.8,1367.1
,,,,,,,,6769,1812.0,2264.7,7591.2,2658.7,3637.6,3612.5,2208.2,1629.8,2246.5,8195.8,2546.8,1283.0
,,,,,,,,6770,1686.2,2138.3,7220.7,2537.0,3446.1,3434.9,2089.1,1520.5,2128.4,7582.6,2390.5,1209.8
,,,,,,,,6771,1607.0,2033.7,6769.2,2398.0,3301.9,3299.9,1978.2,1448.1,2027.5,7328.4,2285.1,1130.7
,,,,,,,,6772,1577.7,1946.7,6711.3,2337.4,3194.2,3190.5,1968.9,1408.0,1985.2,7160.5,2223.6,1136.4
,,,,,,,,6773,1625.3,2080.7,7016.2,2438.6,3328.5,3347.3,2067.5,1495.2,2038.7,7410.9,2369.7,1178.0
,,,,,,,,6774,1810.3,2240.6,7639.9,2734.3,3694.1,3668.1,2241.5,1632.9,2261.3,8126.7,2606.0,1285.3
,,,,,,,,6775,2028.1,2504.7,8557.2,2998.7,4044.1,4140.4,2456.5,1813.1,2484.8,9093.6,2862.9,1445.5
,,,,,,,,6776,2145.6,2735.6,9280.6,3266.1,4393.1,4414.5,2677.9,1927.4,2685.6,9668.9,3130.5,1555.7
,,,,,,,,6777,2203.7,2793.6,9419.7,3302.1,4555.8,4494.5,2805.4,1977.5,2744.3,10244.7,3226.4,1570.6
,,,,,,,,6778,2217.3,2768.1,9476.5,3279.5,4439.9,4543.1,2703.7,1990.3,2754.0,10091.3,3176.0,1571.0
,,,,,,,,6779,2089.7,2674.7,8889.0,3208.5,4306.0,4327.0,2599.0,1886.7,2621.2,9435.2,3038.0,1516.8
,,,,,,,,6780,2042.5,2554.3,8637.7,2985.9,4135.8,4140.8,2492.1,1827.0,2504.1,9210.1,2862.3,1444.5
,,,,,,,,6781,1989.2,2482.9,8271.0,2977.1,3974.3,4023.8,2410.4,1770.7,2473.5,8966.5,2796.3,1394.5
,,,,,,,,6782,1972.2,2463.9,8210.4,2944.4,4006.6,4024.8,2418.5,1736.9,2440.2,8724.3,2756.1,1396.0
,,,,,,,,6783,2013.4,2452.3,8569.1,2974.7,4048.9,4018.5,2482.4,1769.0,2469.3,8970.3,2852.3,1438.8
,,,,,,,,6784,2045.0,2559.9,8902.7,3108.9,4213.8,4288.3,2616.9,1836.6,2553.4,9332.7,2968.6,1500.7
,,,,,,,,6785,2153.2,2742.7,9347.6,3302.2,4462.4,4487.0,2759.9,1940.2,2737.7,9940.4,3098.6,1551.3
,,,,,,,,6786,2297.2,2874.8,9686.0,3391.0,4656.4,4708.7,2812.5,2043.5,2834.9,10348.4,3247.0,1644.8
,,,,,,,,6787,2304.9,2873.4,9772.8,3488.2,4737.1,4679.1,2860.3,2087.4,2931.9,10449.6,3300.0,1673.7
,,,,,,,,6788,2267.2,2856.6,9666.1,3431.4,4696.9,4611.4,2825.3,2028.5,2870.7,10383.2,3268.1,1633.9
,,,,,,,,6789,2172.7,2721.4,9357.4,3237.6,4471.0,4455.2,2759.3,1947.0,2719.8,10006.7,3074.8,1570.8
,,,,,,,,6790,2087.3,2621.0,8702.6,3107.1,4171.8,4249.9,2584.2,1867.5,2599.4,9342.0,2933.6,1492.2
,,,,,,,,6791,1974.2,2469.2,8420.5,2973.2,4057.4,4087.1,2493.6,1755.6,2479.3,9055.0,2881.1,1403.0
,,,,,,,,6792,1953.1,2384.9,8217.0,2868.6,4004.3,3936.5,2441.2,1748.9,2392.8,8793.6,2806.2,1369.2
,,,,,,,,6793,1829.2,2258.3,7617.9,2744.7,3664.3,3668.3,2236.7,1621.7,2261.7,8082.4,2560.4,1302.2
,,,,,,,,6794,1703.8,2161.5,7213.0,2534.4,3473.2,3506.6,2118.2,1545.4,2160.8,7717.7,2463.6,1202.1
,,,,,,,,6795,1602.0,2010.4,6845.8,2422.5,3343.0,3321.2,2042.7,1442.9,2035.3,7414.4,2292.7,1146.8
,,,,,,,,6796,1595.5,1979.4,6814.8,2384.5,3245.1,3284.1,1950.0,1440.3,1970.2,7259.3,2280.5,1144.6
,,,,,,,,6797,1664.5,2088.1,7157.0,2473.4,3410.2,3417.3,2082.0,1481.3,2065.6,7433.7,2346.8,1169.7
,,,,,,,,6798,1838.9,2276.7,7786.0,2753.7,3675.3,3709.2,2299.3,1640.2,2291.6,8289.7,2589.0,1299.4
,,,,,,,,6799,2040.3,2487.1,8677.8,3019.0,4099.7,4065.2,2546.2,1829.8,2504.3,9085.2,2848.7,1449.3
,,,,,,,,6800,2203.5,2710.8,9218.9,3310.2,4499.2,4419.6,2736.8,1939.4,2675.5,9755.2,3144.1,1562.0
,,,,,,,,6801,2245.4,2790.6,9456.3,3391.7,4526.5,4655.6,2819.5,1996.2,2815.8,10197.6,3179.1,1582.3
,,,,,,,,6802,2224.0,2791.9,9381.4,3293.1,4546.4,4539.8,2758.1,2003.6,2803.2,10048.8,3185.4,1573.6
,,,,,,,,6803,2110.0,2621.0,9149.0,3209.1,4379.8,4406.8,2679.4,1886.9,2686.5,9582.7,3056.5,1525.2
,,,,,,,,6804,2047.7,2546.6,8722.8,3038.9,4126.4,4108.1,2527.4,1814.6,2569.3,9143.8,2851.3,1450.7
,,,,,,,,6805,1973.5,2450.8,8274.4,2998.4,4012.1,4064.8,2466.7,1771.7,2495.4,9028.4,2853.7,1392.7
,,,,,,,,6806,1937.7,2476.2,8367.2,2965.0,4077.4,3966.6,2424.9,1761.1,2421.3,8912.2,2833.4,1417.0
,,,,,,,,6807,1977.6,2531.4,8570.2,2998.1,4075.6,4112.4,2533.2,1812.2,2530.5,9173.6,2855.9,1410.6
,,,,,,,,6808,2111.3,2638.9,8905.5,3089.3,4234.2,4206.3,2582.3,1890.2,2598.6,9379.3,2984.0,1473.8
,,,,,,,,6809,2224.4,2717.9,9346.4,3297.7,4462.3,4512.5,2733.4,1974.8,2776.4,10120.4,3136.3,1557.0
,,,,,,,,6810,2269.7,2854.1,9636.2,3459.8,4764.7,4692.3,2842.8,2066.7,2863.7,10315.8,3276.9,1655.3
,,,,,,,,6811,2316.6,2880.7,9940.5,3490.7,4826.3,4748.8,2930.7,2068.5,2949.4,10488.1,3368.3,1651.4
,,,,,,,,6812,2268.3,2867.1,9787.6,3430.3,4724.2,4657.5,2905.5,2073.6,2864.5,10414.5,3235.9,1630.9
,,,,,,,,6813,2186.0,2786.6,9290.2,3327.5,4550.8,4455.8,2715.4,1974.6,2706.6,9907.7,3090.5,1579.8
,,,,,,,,6814,2078.5,2622.9,8789.3,3122.7,4210.1,4226.6,2569.2,1875.5,2621.8,9499.3,2956.6,1475.1
,,,,,,,,6815,2004.5,2468.2,8628.2,3013.7,4139.1,4048.2,2495.2,1803.6,2517.9,9045.6,2853.4,1416.7
,,,,,,,,6816,1953.1,2450.9,8240.4,2934.8,4019.5,4043.9,2468.2,1756.7,2442.3,8902.7,2750.9,1401.1
,,,,,,,,6817,1791.8,2270.7,7622.5,2702.2,3738.2,3736.4,2299.0,1632.3,2271.3,8158.3,2551.2,1275.9
,,,,,,,,6818,1740.7,2151.1,7258.7,2589.2,3542.9,3471.5,2116.1,1541.1,2153.8,7882.9,2410.8,1230.0
,,,,,,,,6819,1616.7,2041.9,6867.8,2451.1,3315.5,3311.1,2031.5,1456.2,2039.4,7410.8,2333.8,1150.5
,,,,,,,,6820,1587.9,2013.7,6713.4,2385.4,3229.8,3263.1,2021.8,1426.3,1995.5,7263.6,2257.9,1133.4
,,,,,,,,6821,1656.6,2120.5,7034.7,2537.4,3466.0,3438.7,2104.7,1485.2,2105.0,7507.1,2354.0,1204.8
,,,,,,,,6822,1853.6,2296.9,7790.1,2785.8,3729.7,3713.0,2296.6,1633.9,2295.8,8316.1,2591.4,1318.2
,,,,,,,,6823,2004.0,2532.8,8581.6,3083.2,4162.9,4203.1,2545.2,1833.2,2494.3,9309.3,2919.9,1450.9
,,,,,,,,6824,2200.0,2750.8,9273.9,3303.1,4518.7,4443.0,2737.9,1977.3,2709.9,9978.9,3076.8,1539.6
,,,,,,,,6825,2247.2,2808.2,9685.6,3409.6,4662.1,4663.3,2847.7,2014.7,2784.8,10251.6,3184.7,1600.4
,,,,,,,,6826,2248.4,2770.5,9621.0,3400.6,4538.0,4518.9,2822.2,2021.4,2817.8,9999.0,3196.7,1575.9
,,,,,,,,6827,2120.9,2664.9,9213.4,3211.7,4338.2,4331.3,2680.0,1931.7,2662.9,9829.3,3006.5,1513.9
,,,,,,,,6828,2058.2,2567.3,8808.1,3071.2,4217.2,4166.6,2548.3,1860.8,2530.4,9423.7,2897.5,1448.3
,,,,,,,,6829,1967.4,2515.6,8495.2,2969.6,4071.3,4063.9,2486.1,1781.9,2504.5,9091.0,2802.7,1405.6
,,,,,,,,6830,1964.5,2456.7,8365.8,2972.2,4056.3,4094.7,2476.1,1792.1,2476.0,9021.8,2827.0,1390.9
,,,,,,,,6831,2003.4,2531.8,8557.7,3038.1,4153.9,4119.2,2542.0,1797.7,2503.1,9267.9,2841.2,1416.7
,,,,,,,,6832,2127.9,2634.9,8913.7,3138.4,4275.3,4291.0,2621.5,1878.1,2621.6,9655.0,3020.0,1480.8
,,,,,,,,6833,2205.0,2754.8,9361.9,3354.4,4473.8,4511.7,2775.4,1981.5,2765.5,10184.2,3138.0,1573.5
,,,,,,,,6834,2307.9,2891.8,9974.7,3440.1,4777.2,4790.1,2879.7,2058.7,2861.9,10565.3,3308.6,1639.1
,,,,,,,,6835,2350.9,2937.4,10116.3,3543.1,4861.6,4863.1,2914.9,2138.3,2908.1,10686.5,3355.0,1666.4
,,,,,,,,6836,2349.3,2916.2,9827.0,3425.4,4797.4,4718.9,2853.5,2082.7,2852.8,10469.4,3263.1,1627.3
,,,,,,,,6837,2224.1,2753.0,9287.9,3342.1,4566.0,4587.9,2799.0,2006.5,2749.8,9994.1,3158.4,1576.0
,,,,,,,,6838,2087.5,2591.4,9002.9,3187.9,4321.1,4349.8,2623.4,1915.1,2621.1,9423.4,3002.5,1498.1
,,,,,,,,6839,2027.9,2519.0,8452.1,3010.6,4081.6,4108.4,2539.4,1834.2,2496.7,9099.7,2895.8,1425.0
,,,,,,,,6840,1951.4,2428.9,8256.6,2958.4,3968.9,3968.1,2485.3,1757.2,2433.8,9012.3,2784.2,1375.5
,,,,,,,,6841,1708.5,2164.6,7334.0,2592.1,3491.4,3534.6,2136.8,1565.5,2132.2,7768.0,2440.3,1232.2
,,,,,,,,6842,1620.4,2048.2,6952.5,2469.6,3358.2,3380.4,2047.9,1482.1,2037.5,7418.8,2307.2,1151.2
,,,,,,,,6843,1560.6,1910.2,6597.2,2324.7,3181.5,3146.0,1902.6,1365.4,1941.8,6965.8,2208.7,1094.5
,,,,,,,,6844,1520.9,1879.1,6408.5,2267.7,3053.1,3114.6,1911.8,1367.7,1904.2,6847.9,2171.0,1056.5
,,,,,,,,6845,1579.4,1973.2,6754.9,2350.5,3210.4,3283.4,1960.1,1411.4,1969.6,7141.1,2235.8,1120.7
,,,,,,,,6846,1710.4,2147.7,7412.2,2625.7,3590.6,3538.1,2137.4,1561.9,2139.7,7865.6,2469.7,1246.2
,,,,,,,,6847,1935.6,2371.5,8091.9,2862.1,3873.0,3915.4,2363.3,1738.6,2409.8,8846.8,2755.5,1351.7
,,,,,,,,6848,2090.4,2569.3,8704.7,3108.0,4209.3,4277.2,2616.2,1874.7,2627.0,9376.3,2958.2,1463.4
,,,,,,,,6849,2112.8,2679.3,9151.1,3217.9,4361.0,4346.6,2692.1,1913.3,2636.8,9618.8,3075.4,1497.3
,,,,,,,,6850,2110.2,2639.2,8951.1,3128.2,4352.1,4297.8,2655.0,1890.6,2657.5,9719.7,2987.1,1485.8
,,,,,,,,6851,2004.3,2551.6,8742.6,3039.9,4091.8,4091.9,2506.5,1847.9,2558.0,9184.9,2859.8,1451.9
,,,,,,,,6852,1931.6,2426.3,8226.5,2897.5,3982.5,3938.4,2414.0,1764.8,2441.2,8718.4,2766.7,1356.6
,,,,,,,,6853,1907.6,2357.6,7967.4,2853.5,3890.1,3889.5,2345.1,1690.5,2375.7,8665.2,2702.7,1326.1
,,,,,,,,6854,1869.9,2345.3,8014.9,2796.9,3846.9,3848.2,2344.1,1685.0,2357.2,8520.6,2683.1,1339.8
,,,,,,,,6855,1896.2,2407.4,8171.2,2859.3,3916.8,3864.9,2353.2,1703.3,2369.0,8751.9,2696.2,1343.5
,,,,,,,,6856,1970.9,2466.5,8589.6,3014.1,4026.0,4105.5,2502.5,1799.7,2483.9,9162.0,2843.4,1408.9
,,,,,,,,6857,2118.4,2647.8,8872.6,3166.1,4337.7,4272.0,2594.3,1912.0,2625.0,9545.3,2980.2,1495.4
,,,,,,,,6858,2219.2,2738.4,9254.1,3266.0,4448.6,4437.6,2765.8,1971.9,2700.3,9895.5,3088.3,1536.6
,,,,,,,,6859,2260.7,2749.4,9564.8,3344.4,4526.0,4619.9,2786.1,2028.7,2812.7,10273.7,3123.1,1588.7
,,,,,,,,6860,2164.1,2730.5,9211.5,3311.4,4536.2,4451.4,2709.3,1995.3,2751.2,10056.7,3067.7,1535.6
,,,,,,,,6861,2071.5,2588.2,8848.7,3194.5,4245.9,4274.1,2616.2,1912.4,2622.5,9444.9,2942.1,1504.3
,,,,,,,,6862,2010.5,2465.1,8396.5,2969.6,4070.5,4040.1,2448.8,1804.2,2471.1,9055.1,2811.2,1425.2
,,,,,,,,6863,1938.9,2394.3,8069.8,2902.9,3911.8,3870.4,2382.3,1720.8,2379.4,8709.7,2743.8,1360.1
,,,,,,,,6864,1860.6,2360.5,7808.9,2815.5,3799.4,3797.0,2357.1,1655.8,2332.2,8390.2,2597.8,1307.5
,,,,,,,,6865,1715.9,2138.5,7401.1,2632.1,3530.4,3553.4,2155.1,1563.4,2139.3,7915.0,2418.6,1225.1
,,,,,,,,6866,1663.0,2055.6,7017.7,2475.2,3327.6,3328.5,2078.9,1482.7,2030.5,7483.5,2318.5,1151.7
,,,,,,,,6867,1559.3,1915.3,6656.3,2302.1,3137.8,3208.2,1957.6,1409.4,1926.8,7112.0,2220.0,1108.7
,,,,,,,,6868,1502.7,1933.7,6512.7,2276.7,3108.4,3078.6,1916.4,1358.1,1909.1,6997.9,2149.4,1060.6
,,,,,,,,6869,1592.6,1973.4,6768.9,2428.1,3230.0,3254.6,2004.6,1430.7,1965.3,7290.7,2277.6,1118.2
,,,,,,,,6870,1746.5,2196.5,7448.3,2632.3,3609.4,3558.2,2213.3,1569.0,2214.8,8019.2,2492.0,1246.6
,,,,,,,,6871,1952.9,2409.1,8149.2,2863.3,3920.5,3999.5,2423.7,1736.8,2444.2,8886.8,2748.4,1364.3
,,,,,,,,6872,2099.8,2625.2,8892.2,3165.4,4316.6,4237.8,2648.0,1896.7,2631.8,9586.5,2991.7,1456.1
,,,,,,,,6873,2186.0,2672.7,9171.3,3213.8,4450.7,4481.1,2677.3,1919.6,2718.1,9818.2,3021.2,1509.0
,,,,,,,,6874,2161.9,2691.1,9083.3,3192.7,4348.6,4397.2,2655.3,1901.8,2692.3,9742.2,2991.5,1514.3
,,,,,,,,6875,2068.7,2588.2,8797.7,3095.4,4177.6,4220.7,2578.9,1849.9,2580.5,9261.3,2879.1,1452.6
,,,,,,,,6876,1979.8,2446.4,8199.9,2929.0,4045.4,4030.0,2453.3,1744.5,2462.5,8995.7,2766.0,1372.8
,,,,,,,,6877,1879.9,2365.6,7984.4,2870.0,3938.0,3930.5,2359.4,1683.4,2378.2,8589.1,2668.7,1334.6
,,,,,,,,6878,1870.7,2333.2,8141.5,2793.9,3849.4,3898.4,2392.4,1714.6,2351.1,8604.7,2652.5,1341.5
,,,,,,,,6879,1903.0,2435.1,8114.7,2933.1,3892.9,3950.0,2406.6,1749.3,2439.8,8648.2,2751.7,1360.9
,,,,,,,,6880,2026.2,2539.7,8632.7,3014.8,4167.6,4131.3,2493.7,1782.2,2501.4,9129.0,2796.6,1418.4
,,,,,,,,6881,2121.5,2603.8,8898.7,3137.2,4365.0,4366.9,2662.6,1901.4,2603.1,9613.3,2973.7,1486.1
,,,,,,,,6882,2195.3,2791.0,9327.6,3330.3,4481.6,4468.2,2797.4,2007.6,2788.7,9894.1,3162.4,1563.2
,,,,,,,,6883,2240.8,2821.0,9444.7,3343.3,4645.0,4585.3,2765.9,2034.8,2764.0,10284.3,3205.0,1576.2
,,,,,,,,6884,2237.0,2722.6,9293.5,3297.0,4560.0,4557.8,2771.5,1961.4,2731.9,10099.9,3117.3,1543.1
,,,,,,,,6885,2138.0,2667.6,9084.8,3125.8,4285.0,4314.0,2658.2,1900.3,2638.0,9615.3,2969.3,1485.9
,,,,,,,,6886,2025.6,2516.0,8486.0,3028.3,4090.9,4092.9,2482.7,1825.0,2521.1,9051.8,2858.8,1396.8
,,,,,,,,6887,1900.7,2370.0,8247.0,2865.0,3895.0,3915.9,2411.4,1726.8,2395.6,8679.4,2704.5,1343.8
,,,,,,,,6888,1858.3,2376.8,7911.5,2786.8,3880.6,3843.5,2317.1,1694.0,2361.2,8595.3,2615.0,1322.8
,,,,,,,,6889,1836.2,2308.0,7867.5,2828.3,3759.0,3860.0,2330.9,1681.6,2324.0,8340.2,2628.8,1290.6
,,,,,,,,6890,1785.3,2199.0,7387.8,2627.2,3564.7,3603.6,2191.6,1586.3,2173.8,8019.3,2480.6,1250.1
,,,,,,,,6891,1642.5,2070.0,6982.3,2491.3,3424.7,3439.5,2107.7,1510.9,2062.2,7559.3,2349.2,1160.4
,,,,,,,,6892,1658.9,2050.7,6974.7,2478.0,3367.4,3382.0,2017.9,1467.3,2068.9,7458.0,2291.9,1134.0
,,,,,,,,6893,1728.2,2161.9,7251.9,2550.9,3539.1,3483.1,2128.0,1535.2,2124.5,7716.1,2416.1,1201.1
,,,,,,,,6894,1896.2,2323.2,7992.6,2848.8,3826.2,3862.9,2337.0,1680.2,2319.6,8553.4,2642.9,1317.6
,,,,,,,,6895,2056.7,2556.2,8912.7,3141.3,4270.5,4234.7,2598.7,1848.4,2556.6,9501.9,2930.3,1450.0
,,,,,,,,6896,2269.5,2795.6,9526.9,3388.4,4593.9,4622.4,2832.7,2014.9,2790.3,10145.0,3124.6,1556.0
,,,,,,,,6897,2285.1,2900.4,9904.2,3433.3,4736.2,4782.4,2921.0,2106.2,2921.8,10649.9,3285.5,1629.2
,,,,,,,,6898,2295.8,2862.6,9608.2,3470.1,4674.8,4615.1,2846.5,2027.9,2813.9,10429.7,3244.0,1612.1
,,,,,,,,6899,2205.0,2766.1,9374.3,3249.5,4498.0,4426.0,2757.6,1951.0,2707.1,9983.7,3058.0,1544.6
,,,,,,,,6900,2112.9,2586.0,8994.8,3155.1,4317.7,4335.7,2594.9,1871.3,2618.0,9421.2,2985.8,1467.1
,,,,,,,,6901,2013.0,2565.1,8552.9,3008.7,4126.1,4179.3,2536.0,1816.0,2563.2,9132.8,2903.6,1451.3
,,,,,,,,6902,2042.9,2499.6,8637.0,3025.9,4154.2,4136.6,2503.6,1807.8,2538.6,9089.1,2816.4,1411.7
,,,,,,,,6903,2079.9,2580.0,8845.3,3070.3,4175.0,4262.1,2598.6,1834.6,2608.7,9279.8,2951.1,1449.5
,,,,,,,,6904,2143.9,2700.3,9083.4,3266.7,4366.8,4453.8,2674.4,1937.4,2656.3,9871.6,3003.4,1499.5
,,,,,,,,6905,2251.9,2806.2,9536.1,3437.2,4643.0,4700.1,2825.1,2035.1,2813.4,10285.5,3147.3,1611.0
,,,,,,,,6906,2398.9,2960.9,10112.4,3542.4,4815.1,4788.2,2940.7,2123.0,2945.2,10751.8,3341.5,1686.3
,,,,,,,,6907,2414.1,2993.7,10195.0,3590.1,4977.2,4915.9,3031.8,2178.9,2975.9,10845.6,3424.1,1706.5
,,,,,,,,6908,2351.4,2994.1,9956.7,3549.2,4892.0,4870.0,2972.6,2125.6,2993.3,10706.2,3349.5,1659.0
,,,,,,,,6909,2266.0,2836.6,9697.3,3368.1,4609.2,4604.8,2815.3,2044.7,2850.5,10430.2,3182.9,1605.8
,,,,,,,,6910,2139.7,2723.6,9123.6,3198.0,4438.4,4452.8,2691.0,1945.5,2662.3,9791.9,3048.2,1524.8
,,,,,,,,6911,2053.5,2609.1,8882.3,3113.0,4193.6,4283.8,2612.7,1844.1,2600.6,9414.8,2929.7,1472.2
,,,,,,,,6912,1987.5,2541.2,8417.1,3040.6,4093.2,4148.0,2521.8,1789.4,2511.8,9204.1,2862.8,1402.6
,,,,,,,,6913,1899.2,2350.1,7989.4,2832.4,3803.1,3843.3,2320.5,1669.8,2350.4,8479.4,2590.7,1333.6
,,,,,,,,6914,1781.6,2225.3,7428.4,2657.4,3637.1,3633.8,2225.1,1572.7,2201.3,8036.1,2509.1,1226.0
,,,,,,,,6915,1675.0,2113.7,7142.2,2539.6,3387.9,3423.2,2089.6,1510.7,2102.1,7561.3,2319.7,1190.9
,,,,,,,,6916,1668.5,2036.3,6965.7,2447.6,3401.0,3388.5,2039.0,1472.6,2081.5,7543.4,2340.2,1165.3
,,,,,,,,6917,1707.0,2153.3,7208.9,2564.6,3532.7,3484.5,2138.6,1551.4,2138.6,7793.2,2411.9,1225.2
,,,,,,,,6918,1899.4,2384.3,7944.5,2796.9,3870.7,3811.4,2331.3,1676.8,2327.1,8681.0,2659.0,1314.8
,,,,,,,,6919,2108.2,2584.4,8981.6,3165.1,4296.6,4341.0,2642.8,1868.3,2619.6,9636.3,2911.3,1480.0
,,,,,,,,6920,2268.5,2825.3,9537.0,3367.8,4648.8,4571.0,2814.8,2025.0,2826.8,10229.8,3203.7,1599.6
,,,,,,,,6921,2309.6,2942.8,10048.0,3512.6,4838.0,4748.0,2938.8,2089.7,2887.4,10529.9,3228.2,1615.3
,,,,,,,,6922,2287.8,2900.0,9757.7,3431.8,4711.5,4717.3,2912.8,2077.7,2887.2,10527.1,3219.0,1596.6
,,,,,,,,6923,2179.8,2785.7,9393.9,3330.6,4547.9,4537.6,2764.5,1965.4,2785.6,10179.5,3114.9,1547.7
,,,,,,,,6924,2090.6,2627.9,8916.3,3172.2,4323.4,4384.2,2647.2,1886.3,2613.8,9595.2,2957.1,1458.0
,,,,,,,,6925,2037.9,2555.8,8729.1,3047.4,4173.9,4149.7,2584.4,1816.3,2563.4,9449.5,2842.8,1434.2
,,,,,,,,6926,2020.1,2577.3,8777.3,3034.6,4133.6,4226.3,2531.4,1846.2,2569.5,9276.9,2821.5,1439.4
,,,,,,,,6927,2068.8,2573.8,8791.9,3075.8,4285.5,4310.0,2619.6,1871.5,2616.5,9485.0,2889.5,1455.3
,,,,,,,,6928,2155.6,2703.0,9179.7,3294.1,4376.8,4404.1,2683.6,1958.4,2714.2,10002.9,3079.3,1526.9
,,,,,,,,6929,2265.4,2853.6,9584.0,3458.5,4678.9,4658.5,2872.2,2074.8,2861.4,10529.7,3155.3,1621.1
,,,,,,,,6930,2394.8,3008.3,10197.0,3598.9,4832.0,4938.4,3005.8,2146.4,2969.8,10692.0,3352.1,1667.6
,,,,,,,,6931,2437.3,3028.3,10266.7,3618.1,4979.9,5026.7,3048.0,2210.7,2990.8,11111.3,3403.2,1713.5
,,,,,,,,6932,2397.6,2988.9,10229.7,3559.2,4819.1,4943.4,2957.0,2150.4,2989.8,10836.9,3296.4,1670.8
,,,,,,,,6933,2296.5,2893.1,9843.7,3432.4,4659.9,4688.5,2876.1,2048.5,2815.4,10508.5,3187.5,1621.6
,,,,,,,,6934,2197.4,2673.3,9173.6,3296.0,4419.8,4413.7,2690.1,1930.8,2743.7,9754.5,3060.5,1525.1
,,,,,,,,6935,2075.1,2610.2,8727.8,3131.7,4281.7,4220.4,2614.8,1858.3,2629.0,9439.1,2878.0,1453.0
,,,,,,,,6936,2028.7,2501.6,8691.4,3006.6,4149.5,4138.4,2507.6,1831.2,2543.4,9106.1,2835.7,1429.9
,,,,,,,,6937,1887.0,2348.9,8114.3,2861.5,3815.5,3886.0,2335.4,1700.1,2334.8,8480.8,2677.3,1311.0
,,,,,,,,6938,1768.3,2227.8,7488.5,2685.1,3673.2,3685.3,2207.2,1620.5,2215.3,8122.5,2497.6,1257.0
,,,,,,,,6939,1684.1,2120.8,7073.4,2517.6,3463.7,3510.0,2141.0,1527.2,2118.4,7653.2,2381.1,1168.5
,,,,,,,,6940,1675.8,2049.2,7081.4,2453.1,3408.9,3371.3,2074.3,1487.8,2090.8,7589.7,2299.6,1171.4
,,,,,,,,6941,1709.8,2144.5,7355.1,2627.8,3533.5,3586.3,2196.6,1549.3,2184.9,8008.5,2397.5,1221.3
,,,,,,,,6942,1912.4,2403.1,8015.1,2886.7,3957.4,3882.2,2358.3,1715.8,2379.9,8776.4,2673.9,1317.5
,,,,,,,,6943,2079.0,2669.6,9034.7,3165.2,4380.4,4301.0,2663.8,1879.3,2658.4,9484.2,2979.2,1480.7
,,,,,,,,6944,2270.7,2875.3,9671.8,3409.0,4715.5,4638.7,2824.6,2065.0,2843.1,10495.1,3210.5,1577.0
,,,,,,,,6945,2354.2,2926.3,10104.1,3543.8,4795.3,4768.0,2925.8,2130.4,2938.3,10752.2,3244.7,1621.2
,,,,,,,,6946,2331.1,2934.6,9892.6,3519.9,4705.3,4805.2,2939.7,2084.2,2933.6,10676.9,3219.6,1601.4
,,,,,,,,6947,2228.1,2737.3,9481.3,3328.0,4542.5,4549.7,2779.0,1970.4,2750.0,9984.5,3124.1,1533.5
,,,,,,,,6948,2147.9,2623.0,8951.3,3214.4,4324.2,4401.6,2659.5,1895.3,2672.4,9704.9,2938.5,1472.8
,,,,,,,,6949,2078.6,2545.6,8874.9,3053.6,4294.0,4227.6,2583.6,1882.7,2618.7,9357.7,2846.1,1458.6
,,,,,,,,6950,2060.1,2542.4,8634.8,3117.4,4235.9,4191.1,2544.1,1839.8,2583.1,9282.1,2897.4,1449.3
,,,,,,,,6951,2093.1,2657.9,8979.3,3135.9,4320.8,4336.1,2648.9,1887.9,2641.8,9621.8,2916.3,1458.8
,,,,,,,,6952,2208.9,2750.4,9177.8,3273.8,4493.1,4434.4,2751.7,1963.3,2757.6,9910.7,3061.4,1510.7
,,,,,,,,6953,2275.4,2865.2,9673.8,3426.9,4772.2,4742.3,2894.5,2093.6,2831.4,10543.1,3203.7,1588.7
,,,,,,,,6954,2383.1,3001.6,10186.4,3621.6,4990.3,4917.5,2992.8,2165.9,3017.2,11080.6,3314.5,1673.3
,,,,,,,,6955,2475.9,3033.5,10448.8,3692.0,5057.5,5049.7,3015.7,2183.2,3024.7,11150.6,3453.3,1730.4
,,,,,,,,6956,2428.1,3011.1,10083.0,3617.4,4924.3,4913.8,3013.1,2139.4,2986.7,10803.5,3344.9,1663.4
,,,,,,,,6957,2328.5,2857.2,9824.4,3400.5,4715.7,4763.1,2859.3,2041.7,2848.5,10440.4,3193.6,1611.7
,,,,,,,,6958,2207.9,2750.2,9291.3,3272.6,4536.9,4507.0,2761.4,1989.9,2724.1,9993.0,3024.7,1549.2
,,,,,,,,6959,2074.5,2605.5,8895.1,3177.7,4287.6,4255.1,2619.6,1863.8,2654.7,9511.1,2894.3,1463.3
,,,,,,,,6960,2070.2,2534.8,8627.0,3079.1,4243.2,4217.9,2559.5,1826.6,2586.9,9394.1,2813.3,1436.6
,,,,,,,,6961,1877.6,2401.9,8143.2,2873.0,3929.5,3857.5,2363.8,1702.8,2392.7,8565.6,2682.2,1340.8
,,,,,,,,6962,1816.4,2260.5,7653.9,2731.7,3645.5,3672.5,2260.8,1617.3,2266.2,8090.7,2472.8,1272.1
,,,,,,,,6963,1697.3,2130.4,7318.1,2587.5,3531.7,3514.1,2152.8,1545.5,2137.1,7668.5,2403.4,1192.0
,,,,,,,,6964,1692.6,2100.8,7085.6,2523.8,3425.9,3430.6,2100.5,1518.7,2075.7,7572.3,2351.5,1151.0
,,,,,,,,6965,1720.5,2200.9,7432.2,2590.3,3566.0,3533.3,2189.4,1591.9,2154.9,7965.7,2430.7,1218.2
,,,,,,,,6966,1936.1,2369.8,8179.3,2893.3,3940.1,3927.6,2398.6,1711.6,2372.3,8734.5,2708.9,1325.6
,,,,,,,,6967,2123.2,2625.6,9137.2,3215.7,4346.4,4308.8,2687.4,1889.2,2639.5,9795.5,2974.7,1466.7
,,,,,,,,6968,2283.3,2821.5,9728.9,3397.9,4705.0,4750.1,2845.9,2065.5,2855.1,10474.3,3197.7,1611.6
,,,,,,,,6969,2344.7,2926.8,10182.2,3552.7,4879.3,4796.2,2984.2,2105.4,2938.2,10653.4,3276.2,1652.4
,,,,,,,,6970,2300.2,2959.5,9965.5,3482.8,4758.8,4766.2,2924.4,2107.4,2896.7,10709.1,3270.1,1616.8
,,,,,,,,6971,2229.1,2781.6,9406.1,3402.9,4572.7,4541.8,2818.3,2019.2,2780.5,10081.2,3155.7,1552.6
,,,,,,,,6972,2132.9,2647.9,9152.9,3196.0,4357.0,4420.2,2708.3,1913.0,2643.2,9645.1,3009.2,1481.7
,,,,,,,,6973,2103.6,2629.6,8877.3,3157.6,4323.5,4267.6,2625.0,1899.0,2562.4,9498.0,2878.2,1437.3
,,,,,,,,6974,2085.7,2613.2,8782.9,3071.9,4296.5,4228.9,2576.6,1888.4,2586.1,9412.6,2859.7,1426.7
,,,,,,,,6975,2117.2,2638.4,9031.2,3197.4,4345.0,4323.9,2623.3,1903.8,2656.9,9563.7,2902.2,1476.0
,,,,,,,,6976,2204.1,2724.3,9224.4,3274.6,4572.8,4562.5,2725.2,1987.5,2742.0,10019.6,3111.7,1544.2
,,,,,,,,6977,2287.0,2924.8,9965.8,3460.4,4818.0,4792.1,2924.9,2094.5,2908.6,10493.9,3214.9,1600.5
,,,,,,,,6978,2392.9,3007.2,10154.1,3640.4,4915.0,4948.2,3003.6,2148.7,3009.5,10867.5,3369.3,1697.7
,,,,,,,,6979,2483.1,3109.2,10322.8,3703.8,5109.4,5052.7,3063.9,2208.7,3098.7,11048.2,3441.6,1702.9
,,,,,,,,6980,2446.2,3037.3,10276.0,3633.2,4981.7,5027.2,3016.8,2150.4,3050.4,11146.4,3372.0,1684.6
,,,,,,,,6981,2308.8,2936.7,9980.0,3440.4,4735.3,4711.7,2864.0,2088.9,2853.4,10476.9,3203.9,1637.2
,,,,,,,,6982,2168.4,2723.0,9412.8,3265.2,4448.7,4505.8,2757.8,1998.8,2728.1,10116.9,3043.4,1528.5
,,,,,,,,6983,2130.2,2635.9,8984.3,3153.4,4301.7,4367.9,2627.8,1897.7,2647.0,9526.4,2904.2,1476.9
,,,,,,,,6984,2070.5,2530.5,8728.9,3046.7,4251.0,4212.4,2563.7,1832.9,2535.4,9288.4,2831.1,1429.3
,,,,,,,,6985,1904.8,2408.6,8206.0,2850.2,3936.1,3975.2,2407.5,1741.5,2416.9,8838.8,2696.3,1329.3
,,,,,,,,6986,1832.0,2247.8,7670.3,2717.4,3764.2,3736.2,2262.2,1641.2,2300.1,8239.0,2543.1,1266.5
,,,,,,,,6987,1714.4,2166.6,7195.9,2535.8,3482.0,3545.7,2158.2,1541.8,2120.5,7847.1,2403.8,1191.1
,,,,,,,,6988,1701.1,2126.5,7177.1,2545.9,3427.1,3478.8,2114.8,1532.4,2136.4,7744.8,2329.9,1153.7
,,,,,,,,6989,1746.7,2202.4,7368.3,2654.6,3580.6,3634.6,2201.1,1583.7,2197.3,8009.7,2473.4,1231.4
,,,,,,,,6990,1936.7,2418.5,8164.6,2852.4,4000.2,3985.7,2433.2,1714.3,2393.2,8836.7,2649.4,1324.8
,,,,,,,,6991,2146.9,2686.0,9177.4,3161.9,4388.1,4443.3,2658.2,1902.9,2675.1,9685.9,2983.0,1464.4
,,,,,,,,6992,2305.8,2921.0,9783.5,3457.1,4767.6,4778.4,2893.9,2097.7,2869.5,10480.6,3231.0,1616.2
,,,,,,,,6993,2395.7,3020.9,10196.8,3556.1,4951.6,4834.7,3004.7,2118.3,3024.5,10788.4,3306.8,1672.5
,,,,,,,,6994,2348.0,2909.2,9874.9,3564.5,4874.8,4813.6,2963.7,2128.1,2918.4,10721.8,3286.2,1616.3
,,,,,,,,6995,2244.5,2816.0,9466.5,3335.8,4594.5,4615.3,2815.1,2029.8,2837.4,10175.8,3178.6,1568.9
,,,,,,,,6996,2157.9,2688.8,9159.6,3249.8,4405.7,4388.8,2731.3,1964.9,2729.2,9687.0,3005.2,1496.3
,,,,,,,,6997,2108.4,2589.3,8920.7,3112.8,4258.6,4234.1,2637.9,1892.8,2633.7,9460.2,2872.4,1460.7
,,,,,,,,6998,2093.9,2577.0,8892.0,3169.6,4273.2,4271.7,2612.9,1867.4,2616.5,9554.6,2889.1,1471.0
,,,,,,,,6999,2153.1,2634.5,9004.4,3175.5,4320.6,4405.9,2683.0,1908.4,2693.9,9631.9,3000.7,1494.1
,,,,,,,,7000,2191.6,2758.9,9289.7,3329.6,4577.9,4575.2,2763.9,2016.3,2773.9,10029.1,3091.0,1557.9
,,,,,,,,7001,2334.2,2884.9,9893.3,3507.1,4753.2,4772.3,2907.9,2123.6,2893.2,10625.5,3270.0,1637.8
,,,,,,,,7002,2445.1,3071.5,10405.6,3615.1,4927.0,4977.3,3054.3,2177.1,3061.6,11130.1,3419.2,1686.0
,,,,,,,,7003,2493.4,3072.1,10467.5,3709.9,5144.4,5092.0,3069.6,2224.0,3119.0,11154.4,3487.0,1718.0
,,,,,,,,7004,2413.0,3036.8,10496.5,3623.9,5062.3,4990.4,3088.7,2228.8,3038.8,10966.2,3364.5,1717.5
,,,,,,,,7005,2355.5,2957.5,9839.7,3449.9,4743.5,4772.7,2897.7,2121.0,2900.1,10500.3,3213.5,1614.1
,,,,,,,,7006,2210.1,2760.8,9352.5,3346.0,4571.3,4581.4,2781.8,1997.3,2782.5,10080.0,3123.2,1535.2
,,,,,,,,7007,2125.5,2670.5,9033.3,3206.7,4401.9,4412.4,2672.8,1931.1,2634.4,9618.9,2910.7,1490.6
,,,,,,,,7008,2049.3,2568.9,8809.1,3089.8,4195.6,4218.4,2610.7,1860.8,2625.7,9375.5,2910.2,1428.2
,,,,,,,,7009,1809.6,2266.6,7664.8,2719.2,3667.5,3748.6,2246.9,1642.5,2241.6,8293.6,2489.1,1261.0
,,,,,,,,7010,1710.2,2143.9,7250.4,2603.5,3564.2,3521.8,2145.3,1544.9,2162.4,7863.6,2404.5,1204.9
,,,,,,,,7011,1611.6,2034.9,6938.8,2399.0,3316.4,3303.5,2026.4,1450.9,2009.3,7338.0,2282.9,1138.9
,,,,,,,,7012,1604.8,1980.0,6710.0,2416.0,3262.9,3316.2,2021.1,1429.2,2010.9,7169.5,2203.8,1097.2
,,,,,,,,7013,1685.0,2103.3,7050.7,2470.9,3372.1,3405.5,2095.9,1523.1,2065.8,7512.5,2305.6,1171.4
,,,,,,,,7014,1826.6,2278.4,7827.0,2714.6,3720.7,3696.2,2312.9,1643.7,2272.3,8308.6,2504.1,1268.0
,,,,,,,,7015,2047.0,2500.3,8473.5,2992.5,4134.6,4200.4,2503.3,1840.6,2493.6,9226.1,2829.4,1397.2
,,,,,,,,7016,2175.4,2694.3,9156.2,3322.1,4494.4,4445.0,2720.2,1962.3,2770.0,9803.5,3008.0,1530.6
,,,,,,,,7017,2221.7,2820.5,9480.7,3402.6,4566.8,4692.2,2849.3,2030.3,2850.7,10322.8,3144.4,1563.0
,,,,,,,,7018,2237.0,2761.1,9442.3,3357.2,4514.6,4523.5,2811.0,1977.5,2801.3,10059.4,3062.1,1550.9
,,,,,,,,7019,2142.2,2644.6,9119.6,3184.7,4387.3,4443.9,2678.5,1950.0,2644.9,9756.6,2979.5,1500.8
,,,,,,,,7020,2044.9,2571.8,8682.4,3027.6,4158.3,4131.6,2567.9,1821.2,2530.5,9325.9,2828.6,1410.5
,,,,,,,,7021,1994.5,2456.6,8468.2,2969.2,4086.7,4075.5,2516.0,1768.3,2456.4,8959.7,2733.4,1374.7
,,,,,,,,7022,1961.8,2447.9,8451.5,2943.4,4022.1,4042.2,2435.8,1770.9,2434.9,9090.9,2764.1,1350.6
,,,,,,,,7023,1986.6,2498.6,8650.3,3055.1,4099.6,4169.8,2516.1,1813.9,2533.2,9084.6,2795.4,1403.4
,,,,,,,,7024,2087.1,2627.3,8946.5,3111.1,4330.2,4307.6,2637.8,1863.5,2589.2,9586.5,2892.2,1458.2
,,,,,,,,7025,2220.3,2743.2,9355.8,3306.5,4592.3,4516.7,2752.8,1983.7,2731.1,10062.3,3022.7,1532.0
,,,,,,,,7026,2315.0,2841.0,9749.7,3509.2,4726.8,4699.1,2931.1,2057.8,2888.8,10636.3,3222.9,1622.6
,,,,,,,,7027,2315.8,2897.9,10094.0,3563.9,4858.8,4834.4,2913.5,2139.3,2976.8,10577.0,3249.6,1631.0
,,,,,,,,7028,2298.5,2919.5,9875.1,3460.0,4681.7,4780.9,2906.4,2058.5,2916.3,10607.8,3199.3,1601.8
,,,,,,,,7029,2235.6,2746.9,9294.1,3286.5,4470.7,4548.4,2728.6,2015.0,2751.7,10169.2,3043.6,1541.9
,,,,,,,,7030,2082.9,2617.3,9030.9,3165.6,4334.1,4309.0,2607.5,1870.5,2624.6,9499.2,2913.6,1456.6
,,,,,,,,7031,2007.5,2514.1,8546.7,3020.1,4091.4,4082.6,2481.0,1789.9,2489.6,9176.6,2809.9,1381.0
,,,,,,,,7032,1971.5,2440.6,8286.0,2981.7,4028.0,3962.0,2488.2,1785.3,2436.3,8847.1,2735.6,1350.5
,,,,,,,,7033,1850.3,2298.0,7660.8,2700.2,3711.1,3777.3,2258.4,1642.0,2290.1,8431.7,2491.0,1276.6
,,,,,,,,7034,1734.6,2152.5,7259.6,2569.1,3576.3,3577.9,2185.3,1577.1,2162.4,7772.6,2400.1,1204.1
,,,,,,,,7035,1656.6,2055.2,6946.9,2474.3,3396.1,3351.4,2035.6,1488.8,2023.8,7494.8,2275.9,1118.3
,,,,,,,,7036,1619.3,1977.4,6809.1,2418.7,3289.9,3300.2,2015.5,1439.0,2032.6,7412.1,2249.2,1099.7
,,,,,,,,7037,1652.8,2116.7,7211.8,2504.7,3419.9,3398.1,2089.2,1501.4,2110.0,7552.7,2307.9,1158.2
,,,,,,,,7038,1848.6,2289.6,7872.7,2730.9,3773.1,3738.1,2315.3,1681.6,2278.5,8272.6,2509.7,1287.0
,,,,,,,,7039,2065.3,2527.7,8572.6,3049.8,4183.2,4201.3,2539.4,1832.9,2512.9,9415.2,2856.2,1405.6
,,,,,,,,7040,2169.4,2716.7,9343.7,3319.3,4458.0,4498.8,2720.8,1996.2,2789.1,9889.5,3043.2,1525.6
,,,,,,,,7041,2242.9,2877.2,9623.2,3456.5,4633.0,4607.4,2837.6,2078.9,2804.6,10250.3,3172.5,1557.5
,,,,,,,,7042,2244.4,2825.4,9581.8,3361.8,4593.6,4606.8,2769.1,2046.5,2833.1,10291.3,3145.9,1562.2
,,,,,,,,7043,2171.6,2718.1,9246.5,3262.0,4387.0,4377.4,2729.9,1912.4,2666.1,9832.9,2979.8,1486.3
,,,,,,,,7044,2042.4,2537.6,8610.4,3112.3,4251.6,4219.5,2605.4,1875.8,2603.9,9464.1,2868.5,1405.0
,,,,,,,,7045,2022.3,2480.9,8575.6,3003.6,4121.4,4091.2,2466.1,1808.3,2507.1,9143.5,2749.7,1396.7
,,,,,,,,7046,2006.5,2507.2,8485.7,2962.9,4113.2,4120.3,2472.5,1797.5,2491.0,9082.5,2779.0,1388.4
,,,,,,,,7047,2013.4,2566.5,8723.0,3066.2,4124.8,4222.8,2562.8,1826.2,2570.9,9337.2,2798.9,1421.6
,,,,,,,,7048,2094.9,2634.4,8982.4,3142.0,4337.7,4340.3,2645.0,1896.4,2619.9,9610.8,2946.8,1476.5
,,,,,,,,7049,2237.7,2757.9,9370.2,3323.3,4616.2,4627.4,2820.9,1999.2,2765.4,10003.8,3105.2,1548.3
,,,,,,,,7050,2342.4,2938.2,9999.6,3447.2,4725.7,4834.4,2867.0,2111.9,2916.9,10481.8,3190.7,1603.0
,,,,,,,,7051,2334.1,2929.2,9952.9,3521.8,4874.3,4800.5,2961.0,2139.2,2970.5,10897.8,3260.8,1620.1
,,,,,,,,7052,2345.5,2867.3,9733.6,3503.8,4708.3,4802.0,2867.1,2076.9,2895.5,10683.3,3183.3,1606.3
,,,,,,,,7053,2191.6,2768.8,9324.0,3384.7,4604.1,4508.2,2809.0,1980.9,2797.9,10148.1,3083.8,1523.8
,,,,,,,,7054,2107.8,2668.3,8881.9,3161.7,4309.2,4393.2,2635.5,1892.3,2663.0,9579.1,2924.6,1470.3
,,,,,,,,7055,2049.0,2543.0,8598.7,3061.9,4101.4,4203.3,2528.6,1810.9,2556.4,9230.7,2768.4,1410.7
,,,,,,,,7056,1990.7,2486.9,8505.2,2980.3,4024.3,4016.8,2443.3,1795.6,2488.5,8919.2,2745.6,1365.3
,,,,,,,,7057,1963.5,2473.4,8202.5,2911.9,3987.6,4059.5,2464.0,1770.4,2444.7,8985.8,2692.1,1341.7
,,,,,,,,7058,1860.5,2341.9,7786.1,2810.7,3752.4,3822.9,2307.1,1662.5,2332.1,8461.5,2576.6,1261.0
,,,,,,,,7059,1773.0,2210.8,7340.7,2599.5,3545.5,3564.7,2181.2,1578.0,2206.1,8031.5,2407.9,1194.8
,,,,,,,,7060,1711.0,2117.2,7289.1,2603.9,3516.4,3562.8,2142.2,1557.7,2178.3,7854.5,2338.7,1190.4
,,,,,,,,7061,1782.4,2223.9,7728.4,2689.7,3695.3,3684.2,2243.5,1624.3,2254.4,8160.7,2492.5,1246.6
,,,,,,,,7062,1946.2,2492.9,8300.2,2940.6,4104.6,4071.9,2443.6,1773.9,2506.3,8991.1,2757.2,1355.4
,,,,,,,,7063,2210.4,2724.1,9160.9,3304.2,4457.6,4497.1,2726.5,1989.8,2697.5,9892.7,2974.4,1520.9
,,,,,,,,7064,2338.2,2944.5,10077.7,3537.7,4858.7,4855.6,2915.0,2154.2,2958.5,10639.5,3222.4,1631.3
,,,,,,,,7065,2433.1,3036.5,10250.0,3698.5,5065.6,4944.3,3016.0,2210.4,3056.7,11114.7,3402.8,1653.5
,,,,,,,,7066,2415.3,2977.9,10109.7,3623.6,4895.5,4863.5,2977.0,2143.3,3051.5,10873.7,3307.5,1678.0
,,,,,,,,7067,2305.5,2898.1,9789.2,3499.5,4766.0,4742.1,2901.9,2104.9,2871.6,10497.1,3195.7,1601.6
,,,,,,,,7068,2201.9,2788.5,9395.8,3271.7,4480.0,4512.0,2791.7,1957.3,2739.7,9972.1,3014.0,1529.0
,,,,,,,,7069,2110.1,2652.6,9072.5,3214.0,4379.9,4349.9,2645.5,1904.0,2690.6,9848.9,2919.0,1457.1
,,,,,,,,7070,2108.4,2674.4,9030.3,3235.8,4395.5,4362.5,2668.5,1926.4,2695.3,9590.8,2960.3,1454.7
,,,,,,,,7071,2187.5,2710.8,9145.9,3233.5,4430.9,4439.3,2750.9,1955.6,2757.5,9881.3,2983.9,1516.2
,,,,,,,,7072,2270.3,2815.1,9694.4,3412.0,4632.0,4644.1,2862.7,2062.1,2809.4,10442.3,3092.2,1581.5
,,,,,,,,7073,2386.1,2981.8,10026.6,3595.6,4876.3,4882.6,2958.6,2150.4,3003.2,10777.2,3322.2,1643.7
,,,,,,,,7074,2504.2,3077.3,10439.3,3699.1,5043.6,5079.8,3110.5,2278.6,3077.3,11409.7,3462.8,1691.9
,,,,,,,,7075,2521.3,3168.1,10796.5,3787.1,5219.4,5198.5,3150.1,2256.0,3178.5,11692.5,3500.1,1760.6
,,,,,,,,7076,2500.8,3073.0,10686.8,3722.8,5095.9,5190.1,3101.7,2217.2,3086.9,11208.5,3459.5,1708.0
,,,,,,,,7077,2366.4,2965.8,10156.6,3536.8,4848.6,4946.0,2963.8,2147.5,2983.4,10835.9,3279.8,1618.4
,,,,,,,,7078,2275.3,2861.4,9690.3,3344.1,4584.7,4713.9,2801.3,2069.7,2861.0,10312.8,3158.9,1581.3
,,,,,,,,7079,2183.4,2674.0,9082.5,3214.4,4417.9,4515.3,2744.2,1945.2,2704.7,9955.7,3034.4,1515.6
,,,,,,,,7080,2084.7,2661.7,9035.6,3169.8,4352.3,4296.2,2639.9,1887.2,2677.0,9729.9,2913.2,1450.4
,,,,,,,,7081,1995.5,2481.1,8276.9,2946.7,4094.3,3997.3,2446.9,1760.7,2436.8,8913.9,2705.8,1333.9
,,,,,,,,7082,1849.6,2318.8,8017.8,2788.3,3777.7,3834.6,2340.0,1657.9,2324.3,8512.8,2596.2,1266.5
,,,,,,,,7083,1763.1,2227.4,7534.0,2609.6,3583.5,3590.2,2204.4,1610.3,2184.3,8097.4,2443.3,1214.6
,,,,,,,,7084,1748.2,2188.1,7310.0,2620.9,3555.4,3606.3,2146.4,1569.3,2181.5,7835.5,2361.7,1199.7
,,,,,,,,7085,1789.3,2248.4,7729.7,2708.6,3681.9,3673.9,2300.8,1611.8,2242.6,8210.8,2521.1,1232.5
,,,,,,,,7086,1961.0,2499.9,8391.0,2949.6,4037.7,4022.5,2494.7,1775.0,2452.4,8947.8,2715.2,1372.8
,,,,,,,,7087,2207.7,2726.8,9460.8,3331.6,4521.7,4562.7,2745.4,1953.9,2715.7,10009.0,3045.5,1514.7
,,,,,,,,7088,2342.3,2954.8,10088.9,3503.8,4807.0,4882.3,3003.4,2118.6,2983.9,10971.0,3251.7,1643.5
,,,,,,,,7089,2463.3,3028.4,10412.3,3684.7,5020.6,4990.2,3101.8,2216.0,3080.7,11020.0,3382.0,1705.8
,,,,,,,,7090,2451.2,3066.3,10244.6,3668.3,5009.8,4952.4,2990.4,2190.0,3005.5,10931.0,3365.4,1644.7
,,,,,,,,7091,2348.3,2905.2,9985.0,3471.9,4781.3,4726.9,2915.7,2095.4,2871.0,10681.9,3154.2,1574.3
,,,,,,,,7092,2214.2,2755.6,9512.7,3293.4,4515.6,4529.8,2776.6,1995.4,2813.4,10115.2,3055.1,1535.3
,,,,,,,,7093,2153.0,2718.6,9289.7,3243.2,4439.0,4488.9,2695.6,1927.1,2704.8,9968.5,2973.9,1484.0
,,,,,,,,7094,2163.1,2663.7,9248.8,3263.2,4462.7,4437.5,2675.2,1928.7,2677.7,9720.2,2955.0,1472.3
,,,,,,,,7095,2186.9,2698.3,9278.5,3236.7,4459.6,4544.6,2728.9,1959.6,2715.8,10049.1,3014.6,1485.0
,,,,,,,,7096,2289.6,2845.8,9601.2,3463.4,4694.4,4679.1,2869.9,2057.4,2864.7,10488.3,3098.6,1567.9
,,,,,,,,7097,2410.4,3005.9,10164.3,3572.1,5003.9,4891.5,2972.5,2179.0,3024.3,11045.6,3289.6,1667.5
,,,,,,,,7098,2488.2,3176.8,10670.2,3715.2,5112.1,5197.6,3185.3,2244.5,3098.9,11294.5,3415.5,1727.6
,,,,,,,,7099,2545.6,3198.7,10726.9,3769.2,5177.4,5219.4,3176.8,2294.3,3189.2,11600.5,3494.0,1746.2
,,,,,,,,7100,2543.0,3148.7,10578.5,3734.7,5195.1,5145.4,3175.7,2233.1,3113.3,11475.2,3399.9,1741.7
,,,,,,,,7101,2402.0,2996.5,10337.9,3631.0,4968.3,4862.2,3051.6,2172.2,3014.8,11053.5,3337.7,1648.2
,,,,,,,,7102,2280.1,2867.8,9785.0,3456.5,4687.8,4709.9,2866.4,2025.7,2842.3,10541.6,3118.4,1575.4
,,,,,,,,7103,2204.7,2733.5,9287.9,3257.7,4484.5,4475.9,2753.4,1972.1,2728.6,10093.0,2990.8,1482.9
,,,,,,,,7104,2122.8,2666.8,8984.8,3185.5,4427.5,4440.2,2682.0,1917.1,2662.9,9768.8,2916.2,1459.4
,,,,,,,,7105,1965.1,2458.9,8433.7,2990.0,4078.7,4113.8,2510.9,1791.4,2476.2,8997.4,2683.0,1373.3
,,,,,,,,7106,1851.6,2321.7,7977.2,2801.5,3826.6,3910.2,2339.8,1689.7,2351.2,8550.3,2539.5,1289.1
,,,,,,,,7107,1799.6,2238.7,7529.4,2670.7,3654.0,3679.6,2224.2,1616.2,2194.5,8092.6,2439.7,1232.6
,,,,,,,,7108,1744.9,2179.3,7399.4,2643.3,3543.7,3542.0,2183.6,1565.2,2158.7,8072.6,2402.7,1187.4
,,,,,,,,7109,1807.2,2275.4,7766.9,2759.0,3697.0,3760.6,2252.9,1622.2,2251.6,8382.6,2517.8,1251.7
,,,,,,,,7110,1977.2,2504.3,8534.0,2963.2,4125.6,4090.2,2491.6,1829.9,2480.2,8993.4,2732.3,1349.8
,,,,,,,,7111,2224.3,2763.1,9348.2,3351.4,4548.9,4488.4,2798.6,2019.1,2777.0,9966.2,3054.5,1523.4
,,,,,,,,7112,2353.9,2972.1,9997.0,3607.3,4952.8,4895.6,3035.0,2161.4,3021.3,11056.2,3324.3,1618.1
,,,,,,,,7113,2500.6,3089.6,10345.1,3739.4,5100.0,5139.8,3105.0,2242.3,3076.9,11380.2,3395.8,1716.2
,,,,,,,,7114,2450.6,3003.7,10397.3,3625.9,5015.7,5079.0,3042.6,2190.2,3099.5,11125.0,3337.3,1647.4
,,,,,,,,7115,2313.4,2951.8,9925.7,3544.8,4871.7,4743.1,2969.1,2117.7,2902.8,10752.6,3247.6,1600.8
,,,,,,,,7116,2215.4,2747.1,9590.0,3310.0,4639.1,4637.7,2837.1,2032.2,2801.9,10040.0,3064.2,1538.7
,,,,,,,,7117,2187.5,2698.4,9085.2,3262.2,4515.2,4451.4,2682.4,1973.1,2728.5,9800.8,2933.6,1468.1
,,,,,,,,7118,2132.9,2666.7,9232.2,3224.5,4499.1,4464.4,2708.6,1950.5,2672.2,9890.2,2997.7,1495.3
,,,,,,,,7119,2195.6,2737.5,9258.8,3259.1,4509.9,4552.0,2765.6,1961.8,2781.3,10152.0,2985.1,1497.7
,,,,,,,,7120,2290.0,2877.6,9858.3,3491.2,4726.3,4680.4,2889.9,2102.5,2842.8,10486.7,3154.9,1576.7
,,,,,,,,7121,2402.4,2985.8,10290.2,3659.1,4975.9,4912.1,3014.7,2209.4,3074.7,10956.3,3267.4,1657.0
,,,,,,,,7122,2547.1,3190.8,10687.8,3817.4,5144.8,5212.8,3152.0,2271.8,3134.2,11496.2,3488.9,1737.5
,,,,,,,,7123,2536.2,3240.9,10786.5,3843.6,5324.8,5348.7,3173.9,2309.4,3203.8,11764.2,3541.1,1775.0
,,,,,,,,7124,2512.4,3111.8,10604.2,3784.8,5154.3,5262.3,3197.6,2289.4,3120.3,11572.2,3424.1,1713.1
,,,,,,,,7125,2442.9,3038.0,10294.8,3621.0,5005.3,4909.3,3058.6,2183.1,3049.6,11117.4,3311.6,1658.6
,,,,,,,,7126,2308.3,2884.8,9761.0,3473.9,4776.9,4772.1,2863.6,2091.1,2885.2,10400.1,3105.6,1558.3
,,,,,,,,7127,2175.9,2774.1,9461.6,3252.8,4547.0,4468.7,2726.6,1982.3,2795.2,10157.1,3053.2,1506.5
,,,,,,,,7128,2156.0,2692.1,9203.6,3215.7,4432.5,4361.9,2718.5,1942.0,2696.0,9680.2,2969.0,1462.0
,,,,,,,,7129,2018.0,2476.8,8370.8,2986.8,4106.9,4108.3,2473.2,1783.7,2537.3,9226.6,2733.0,1375.9
,,,,,,,,7130,1902.1,2351.3,7943.0,2850.6,3880.6,3932.4,2359.8,1687.7,2376.0,8622.9,2600.8,1303.6
,,,,,,,,7131,1789.6,2229.5,7617.0,2683.2,3625.2,3675.3,2251.0,1622.2,2267.5,8251.7,2457.0,1233.4
,,,,,,,,7132,1737.3,2204.6,7506.0,2626.5,3640.2,3579.9,2191.1,1579.0,2183.5,8049.3,2405.0,1200.6
,,,,,,,,7133,1825.5,2293.9,7705.0,2739.7,3796.7,3805.0,2301.3,1655.5,2271.5,8335.0,2527.1,1241.7
,,,,,,,,7134,2026.6,2523.2,8585.8,3027.1,4137.2,4094.7,2560.6,1821.1,2505.9,9052.7,2793.2,1368.9
,,,,,,,,7135,2229.2,2800.0,9374.6,3296.3,4574.4,4633.3,2798.1,2024.2,2813.8,10048.4,3005.8,1513.5
,,,,,,,,7136,2374.4,3006.0,10329.9,3616.7,4976.8,4957.7,2991.4,2154.6,2992.6,10949.3,3286.4,1635.9
,,,,,,,,7137,2478.7,3074.9,10654.0,3745.2,5182.5,5134.2,3111.5,2224.2,3101.3,11487.9,3444.9,1683.7
,,,,,,,,7138,2469.7,3023.3,10452.9,3676.2,5101.0,5017.1,3055.8,2185.2,3041.1,11050.7,3329.3,1676.2
,,,,,,,,7139,2383.1,2916.0,9977.5,3515.4,4894.0,4848.1,2941.6,2138.3,2945.7,10596.2,3182.9,1610.2
,,,,,,,,7140,2241.0,2778.0,9600.3,3410.8,4597.2,4685.0,2781.7,2027.1,2784.3,10236.1,3074.8,1549.5
,,,,,,,,7141,2178.1,2762.3,9163.3,3297.3,4477.8,4555.4,2751.7,1998.8,2761.9,10118.3,2972.2,1473.6
,,,,,,,,7142,2185.8,2709.8,9138.1,3213.9,4514.5,4434.5,2712.7,1963.2,2718.1,9944.3,3005.2,1465.8
,,,,,,,,7143,2222.6,2755.3,9485.3,3295.7,4631.5,4616.3,2778.1,1973.9,2794.7,10177.1,3044.9,1517.8
,,,,,,,,7144,2335.8,2884.7,9689.6,3420.5,4822.0,4750.0,2871.5,2090.1,2876.3,10698.7,3195.1,1582.5
,,,,,,,,7145,2399.5,3076.1,10440.8,3687.1,4988.5,5041.3,3060.9,2165.1,3031.7,11014.9,3316.7,1688.2
,,,,,,,,7146,2530.7,3201.5,10921.2,3786.8,5299.0,5198.9,3205.1,2327.7,3166.2,11499.8,3508.6,1758.7
,,,,,,,,7147,2578.3,3221.6,10822.5,3903.8,5305.8,5301.3,3211.9,2335.3,3230.4,11777.4,3530.1,1776.4
,,,,,,,,7148,2521.0,3153.1,10892.4,3766.3,5225.6,5241.5,3164.2,2282.1,3219.3,11622.0,3495.2,1729.2
,,,,,,,,7149,2440.4,2994.5,10345.3,3631.2,4981.9,4938.4,3007.6,2199.2,3020.5,11235.1,3308.7,1644.8
,,,,,,,,7150,2286.9,2893.8,9761.7,3440.7,4740.1,4744.5,2880.1,2060.9,2873.6,10675.4,3150.3,1580.6
,,,,,,,,7151,2217.0,2788.0,9406.8,3280.0,4539.9,4490.2,2744.2,2026.2,2785.5,10046.4,3005.1,1519.5
,,,,,,,,7152,2177.8,2715.6,9188.9,3249.9,4383.7,4466.3,2717.0,1940.4,2686.0,9791.6,2968.8,1474.8
,,,,,,,,7153,2010.9,2515.0,8598.7,2987.1,4125.2,4183.9,2555.4,1813.4,2532.5,9192.8,2727.7,1367.9
,,,,,,,,7154,1886.1,2402.3,8197.3,2857.5,3861.1,3905.0,2417.8,1700.0,2408.2,8710.8,2572.1,1310.5
,,,,,,,,7155,1815.5,2239.1,7645.9,2708.3,3717.7,3706.8,2259.0,1629.1,2233.5,8320.5,2464.4,1237.2
,,,,,,,,7156,1781.4,2216.5,7440.7,2611.3,3615.3,3601.1,2243.9,1586.6,2231.7,7956.6,2392.2,1205.2
,,,,,,,,7157,1857.7,2305.9,7852.5,2783.8,3753.8,3828.7,2342.1,1645.3,2346.3,8439.0,2497.3,1268.4
,,,,,,,,7158,2034.3,2505.3,8625.2,3061.4,4155.6,4150.7,2514.0,1856.6,2577.8,9173.9,2789.1,1361.3
,,,,,,,,7159,2214.4,2818.6,9475.1,3328.1,4568.3,4673.3,2809.9,2028.1,2790.0,10316.2,3063.9,1540.9
,,,,,,,,7160,2404.6,3055.0,10322.3,3644.3,4990.2,5006.8,3002.4,2215.6,3043.0,10896.9,3293.8,1658.1
,,,,,,,,7161,2528.3,3148.4,10484.2,3706.2,5179.9,5208.9,3150.5,2244.5,3139.1,11375.3,3428.6,1729.2
,,,,,,,,7162,2473.8,3110.2,10408.3,3735.1,5124.8,5111.2,3074.8,2229.3,3126.1,11336.6,3327.6,1662.8
,,,,,,,,7163,2389.8,2979.0,10134.2,3592.6,4832.4,4936.2,2934.5,2150.6,2956.5,10850.0,3245.6,1626.2
,,,,,,,,7164,2239.1,2868.0,9693.8,3409.2,4586.4,4646.4,2844.1,2060.4,2871.7,10354.4,3090.2,1551.3
,,,,,,,,7165,2203.5,2747.4,9341.8,3254.9,4472.0,4520.8,2773.2,1980.4,2790.4,10039.4,2996.8,1489.6
,,,,,,,,7166,2182.2,2756.0,9290.4,3261.5,4457.8,4454.3,2709.3,1980.1,2772.6,9881.9,2944.0,1481.2
,,,,,,,,7167,2222.3,2796.7,9483.5,3315.3,4656.9,4540.9,2836.7,1998.1,2842.4,10274.3,3034.8,1526.7
,,,,,,,,7168,2290.2,2863.1,9807.6,3473.7,4717.3,4753.8,2918.1,2084.8,2925.3,10633.8,3209.3,1584.0
,,,,,,,,7169,2418.5,3071.5,10540.7,3639.5,5082.3,5106.7,3043.2,2185.2,3113.9,11201.9,3372.3,1678.2
,,,,,,,,7170,2570.2,3173.5,10787.5,3795.4,5322.0,5265.0,3198.8,2326.2,3170.7,11743.8,3518.7,1765.3
,,,,,,,,7171,2621.2,3225.1,10963.2,3917.8,5419.5,5418.5,3305.0,2369.7,3245.9,11787.5,3545.6,1792.8
,,,,,,,,7172,2527.0,3170.9,11014.3,3844.3,5300.8,5324.2,3165.8,2302.9,3175.1,11574.1,3467.6,1763.8
,,,,,,,,7173,2462.1,3050.1,10247.6,3671.6,4978.7,5080.0,3105.1,2221.2,3093.6,11209.3,3297.5,1695.0
,,,,,,,,7174,2315.8,2938.3,9925.8,3448.9,4742.9,4762.9,2957.1,2071.3,2949.3,10575.4,3162.9,1591.4
,,,,,,,,7175,2256.0,2808.8,9371.7,3380.9,4581.1,4637.0,2775.7,2024.9,2802.2,10107.1,3022.7,1503.2
,,,,,,,,7176,2142.8,2730.8,9299.6,3241.5,4440.8,4473.8,2746.1,1941.8,2752.3,9946.4,2965.3,1462.2
,,,,,,,,7177,1880.0,2352.7,8014.0,2881.0,3915.6,3929.7,2382.7,1726.2,2411.4,8662.1,2601.9,1306.9
,,,,,,,,7178,1780.3,2269.8,7650.2,2719.6,3753.9,3658.3,2287.6,1603.4,2252.5,8187.6,2456.4,1206.7
,,,,,,,,7179,1716.5,2104.6,7243.4,2541.7,3470.8,3529.4,2166.6,1541.6,2129.8,7764.3,2289.5,1142.0
,,,,,,,,7180,1658.8,2061.0,7131.2,2502.0,3415.7,3458.9,2102.7,1515.8,2076.8,7723.6,2257.0,1136.8
,,,,,,,,7181,1723.5,2171.2,7514.8,2642.3,3632.1,3614.3,2170.6,1566.1,2219.7,8074.8,2368.7,1176.2
,,,,,,,,7182,1942.3,2429.5,8197.7,2834.7,3957.9,3934.5,2402.4,1719.5,2441.8,8685.4,2598.1,1285.3
,,,,,,,,7183,2104.6,2656.5,8997.2,3157.5,4404.2,4322.9,2660.4,1904.8,2635.3,9822.3,2871.6,1439.3
,,,,,,,,7184,2295.0,2876.3,9799.6,3483.9,4705.7,4716.4,2914.0,2040.1,2898.2,10487.2,3095.0,1580.5
,,,,,,,,7185,2391.9,2955.8,9927.9,3564.6,4870.4,4852.3,3007.4,2110.6,3008.7,10788.2,3180.7,1596.5
,,,,,,,,7186,2301.7,2953.4,9827.9,3539.4,4837.7,4825.2,2930.9,2122.9,2933.8,10538.2,3166.1,1578.2
,,,,,,,,7187,2271.7,2814.8,9536.2,3351.2,4669.8,4576.5,2853.1,2050.5,2774.5,10276.7,3023.4,1532.5
,,,,,,,,7188,2129.8,2649.4,9034.1,3195.9,4464.6,4372.1,2666.8,1911.2,2665.1,9829.8,2898.9,1467.9
,,,,,,,,7189,2097.1,2566.0,8942.1,3075.0,4295.5,4311.5,2629.6,1858.6,2608.6,9367.5,2816.1,1409.8
,,,,,,,,7190,2094.1,2570.2,8878.2,3092.6,4205.3,4306.4,2639.3,1875.3,2619.5,9393.3,2836.7,1406.4
,,,,,,,,7191,2119.9,2628.8,9052.9,3180.3,4382.0,4311.6,2665.9,1937.8,2645.1,9559.5,2860.2,1429.8
,,,,,,,,7192,2189.0,2790.2,9281.5,3322.3,4479.2,4471.8,2741.7,1960.2,2745.0,9964.3,3020.1,1482.6
,,,,,,,,7193,2299.4,2930.4,9889.6,3469.2,4769.9,4779.9,2882.0,2076.6,2908.8,10556.8,3155.8,1555.2
,,,,,,,,7194,2456.5,3053.1,10366.0,3650.6,4974.3,4936.0,3058.5,2219.1,3029.7,10931.7,3278.1,1648.3
,,,,,,,,7195,2468.9,3094.6,10421.4,3705.1,5085.7,5038.3,3137.9,2228.9,3085.3,11302.2,3326.9,1664.2
,,,,,,,,7196,2419.2,3005.0,10405.0,3677.4,4962.2,4984.2,2997.5,2184.9,3049.3,10914.4,3270.0,1636.3
,,,,,,,,7197,2326.7,2886.2,9838.8,3473.7,4799.7,4767.5,2885.5,2064.9,2910.7,10489.4,3151.1,1559.9
,,,,,,,,7198,2182.6,2760.7,9344.6,3333.8,4566.5,4555.6,2797.6,1998.2,2773.1,10180.3,3011.5,1504.2
,,,,,,,,7199,2114.8,2651.9,9036.0,3162.1,4334.8,4307.2,2662.2,1919.9,2636.3,9619.9,2830.3,1454.2
,,,,,,,,7200,2058.5,2557.2,8807.2,3122.5,4229.7,4236.1,2565.3,1884.0,2615.8,9409.3,2820.4,1418.5
,,,,,,,,7201,1919.9,2390.2,8212.3,2847.1,3996.4,3961.3,2433.9,1716.1,2370.4,8752.4,2634.9,1301.7
,,,,,,,,7202,1807.3,2285.3,7632.9,2711.9,3686.6,3759.3,2253.7,1630.6,2267.8,8244.2,2435.9,1231.6
,,,,,,,,7203,1712.5,2152.3,7187.8,2557.7,3512.2,3483.2,2155.6,1529.2,2156.1,7735.4,2308.1,1152.5
,,,,,,,,7204,1697.2,2088.9,7113.9,2503.2,3466.3,3437.2,2133.0,1510.4,2132.2,7755.6,2252.5,1150.7
,,,,,,,,7205,1757.3,2217.2,7435.5,2645.4,3626.1,3641.4,2200.8,1590.0,2201.0,8157.9,2369.3,1202.0
,,,,,,,,7206,1914.7,2419.7,8279.7,2930.5,3954.3,3938.6,2455.8,1736.1,2452.4,8919.4,2604.3,1308.9
,,,,,,,,7207,2118.1,2697.5,9182.9,3155.7,4412.4,4336.1,2683.7,1944.3,2694.0,9657.4,2925.5,1460.5
,,,,,,,,7208,2289.3,2850.6,9928.4,3486.5,4700.9,4743.8,2935.6,2113.5,2881.7,10587.4,3128.3,1582.3
,,,,,,,,7209,2377.6,3001.4,10052.1,3524.2,4870.4,4966.9,3033.3,2148.5,2970.7,10914.2,3243.7,1604.0
,,,,,,,,7210,2381.1,2942.2,9991.1,3536.1,4837.2,4772.5,2965.8,2149.6,2938.3,10774.8,3190.9,1608.7
,,,,,,,,7211,2232.8,2784.4,9590.3,3368.3,4657.5,4706.2,2863.5,2036.6,2848.4,10449.9,3050.3,1531.6
,,,,,,,,7212,2176.6,2721.5,9027.4,3274.0,4459.7,4502.3,2720.8,1922.2,2734.8,9909.9,2964.1,1460.2
,,,,,,,,7213,2118.4,2632.7,8898.1,3126.6,4287.5,4289.6,2603.0,1895.8,2656.8,9657.8,2806.5,1421.8
,,,,,,,,7214,2087.6,2623.9,8945.2,3093.2,4304.1,4250.0,2647.7,1862.9,2587.2,9613.3,2857.0,1396.9
,,,,,,,,7215,2123.1,2655.4,9112.5,3161.7,4372.4,4362.9,2655.8,1944.7,2643.2,9770.3,2895.1,1432.1
,,,,,,,,7216,2194.4,2802.3,9319.4,3301.4,4562.2,4628.6,2817.7,2028.5,2796.8,10156.8,3006.8,1491.9
,,,,,,,,7217,2350.1,2928.4,9848.2,3516.0,4808.0,4783.6,2920.1,2094.1,2949.1,10774.3,3178.2,1565.4
,,,,,,,,7218,2446.6,3033.8,10301.8,3665.5,5050.9,5004.9,3042.2,2210.2,3083.1,10998.3,3281.3,1652.6
,,,,,,,,7219,2499.4,3118.6,10612.7,3690.5,5070.2,5107.4,3129.5,2267.5,3113.1,11177.8,3355.4,1668.5
,,,,,,,,7220,2425.1,3012.1,10287.9,3636.9,4967.0,5031.0,3098.8,2235.5,3075.5,11062.7,3264.0,1644.0
,,,,,,,,7221,2313.2,2945.3,9944.9,3491.5,4742.0,4784.8,2967.1,2115.7,2951.3,10714.2,3133.1,1564.9
,,,,,,,,7222,2217.4,2786.7,9342.9,3347.1,4619.5,4542.2,2783.9,2002.5,2757.9,10275.9,3019.9,1486.5
,,,,,,,,7223,2106.4,2627.5,8963.0,3228.6,4410.0,4315.0,2634.9,1892.1,2705.9,9645.7,2897.3,1422.0
,,,,,,,,7224,2088.9,2622.2,8702.2,3131.8,4303.0,4228.3,2632.9,1892.4,2567.6,9443.3,2790.3,1407.8
,,,,,,,,7225,2048.7,2576.4,8815.5,3102.8,4273.7,4201.0,2610.5,1873.1,2604.8,9420.6,2798.5,1384.5
,,,,,,,,7226,1934.5,2424.5,8347.6,2866.2,3950.7,3991.3,2463.2,1744.4,2439.7,8941.7,2627.8,1316.2
,,,,,,,,7227,1857.9,2280.6,7758.1,2717.8,3780.7,3817.9,2339.9,1644.1,2273.1,8285.0,2467.3,1249.0
,,,,,,,,7228,1793.5,2226.9,7574.4,2662.1,3663.9,3704.9,2248.2,1614.5,2241.8,8151.8,2405.2,1227.7
,,,,,,,,7229,1861.1,2320.9,7903.7,2816.1,3914.9,3889.2,2362.8,1724.7,2374.9,8635.2,2555.1,1292.6
,,,,,,,,7230,2047.6,2563.5,8810.0,3098.1,4294.1,4250.5,2598.1,1891.7,2605.8,9430.7,2806.2,1413.6
,,,,,,,,7231,2256.9,2839.1,9598.7,3409.1,4737.5,4709.5,2872.6,2082.4,2867.0,10498.4,3094.2,1534.5
,,,,,,,,7232,2471.8,3049.8,10335.8,3686.7,5110.8,5112.0,3065.1,2225.0,3057.5,11238.9,3381.2,1656.9
,,,,,,,,7233,2560.6,3165.0,10695.3,3808.8,5261.7,5192.9,3189.5,2334.1,3229.6,11708.0,3505.1,1736.2
,,,,,,,,7234,2529.0,3166.6,10561.4,3746.6,5263.7,5150.7,3158.4,2288.3,3161.2,11414.4,3425.6,1719.3
,,,,,,,,7235,2412.8,2984.3,10114.0,3577.8,5011.9,5046.3,2992.2,2204.5,3078.1,11086.5,3236.3,1610.7
,,,,,,,,7236,2301.4,2851.3,9899.8,3463.5,4688.9,4808.4,2919.8,2060.2,2892.2,10644.7,3141.8,1577.5
,,,,,,,,7237,2247.1,2808.6,9499.5,3357.0,4563.2,4627.5,2805.7,2021.5,2780.9,10187.2,3030.6,1537.6
,,,,,,,,7238,2232.5,2830.8,9497.7,3307.9,4546.5,4648.3,2839.2,2050.8,2797.2,10298.3,3054.8,1528.6
,,,,,,,,7239,2273.9,2852.1,9552.4,3419.8,4656.0,4627.0,2844.1,2053.2,2822.6,10337.8,3048.6,1542.8
,,,,,,,,7240,2371.9,3000.0,10199.5,3542.6,4893.3,4960.2,3008.1,2119.7,2975.0,10881.1,3229.6,1602.1
,,,,,,,,7241,2476.7,3111.6,10473.3,3741.1,5194.6,5204.3,3122.1,2279.9,3158.1,11315.3,3384.7,1669.6
,,,,,,,,7242,2584.7,3238.1,10950.6,3962.8,5447.9,5363.4,3314.0,2348.6,3266.8,12077.4,3578.4,1792.2
,,,,,,,,7243,2689.2,3280.5,11394.0,4040.1,5391.8,5462.6,3366.0,2392.3,3372.5,12031.2,3627.1,1789.2
,,,,,,,,7244,2620.0,3304.8,11167.1,3907.1,5425.2,5438.3,3296.6,2346.7,3251.8,11887.8,3578.1,1765.1
,,,,,,,,7245,2514.4,3119.3,10456.7,3800.4,5099.4,5215.3,3146.7,2253.5,3114.2,11291.7,3390.2,1669.7
,,,,,,,,7246,2400.7,2996.1,10052.1,3550.4,4939.5,4905.5,3002.7,2141.7,2947.5,10851.9,3256.8,1595.1
,,,,,,,,7247,2279.0,2872.9,9513.7,3440.8,4698.5,4667.6,2830.2,2072.5,2831.6,10410.9,3058.4,1524.4
,,,,,,,,7248,2201.8,2771.2,9523.5,3358.5,4617.8,4543.6,2775.0,1988.1,2786.6,10027.6,3005.5,1509.0
,,,,,,,,7249,2074.3,2567.2,8844.4,3118.9,4265.5,4239.4,2624.3,1857.4,2590.5,9368.2,2827.2,1376.0
,,,,,,,,7250,1961.9,2472.6,8334.6,2932.2,4039.3,4045.1,2418.5,1746.0,2420.1,8969.2,2671.4,1299.3
,,,,,,,,7251,1834.9,2325.2,7866.3,2789.9,3837.7,3857.4,2295.2,1673.8,2307.4,8440.0,2501.1,1246.7
,,,,,,,,7252,1808.5,2299.0,7752.3,2691.2,3776.4,3689.0,2304.6,1625.1,2265.1,8262.6,2453.2,1223.1
,,,,,,,,7253,1888.2,2400.5,8037.9,2801.9,3925.8,3896.3,2406.8,1693.5,2350.8,8637.5,2580.9,1261.9
,,,,,,,,7254,2068.3,2631.4,8939.1,3093.7,4248.3,4342.3,2622.6,1884.2,2638.2,9416.6,2814.0,1394.1
,,,,,,,,7255,2324.7,2908.5,9884.3,3482.8,4750.4,4755.8,2862.8,2079.5,2876.6,10501.8,3145.7,1543.1
,,,,,,,,7256,2483.6,3060.7,10467.2,3694.2,5069.5,5168.5,3119.3,2271.5,3122.7,11268.4,3356.8,1664.9
,,,,,,,,7257,2540.6,3218.6,10815.3,3891.6,5270.9,5339.3,3240.6,2344.4,3269.4,11805.8,3510.5,1710.8
,,,,,,,,7258,2506.2,3136.1,10849.1,3762.1,5188.1,5176.9,3164.7,2299.6,3211.4,11437.5,3458.7,1720.1
,,,,,,,,7259,2437.9,2994.9,10179.0,3594.4,5026.0,5052.5,3041.1,2224.9,3042.4,11257.8,3236.9,1649.2
,,,,,,,,7260,2350.1,2932.4,9857.4,3448.3,4808.8,4814.1,2951.6,2104.3,2960.6,10468.7,3120.1,1582.8
,,,,,,,,7261,2262.9,2810.4,9578.7,3360.9,4652.6,4629.1,2854.4,2041.1,2828.2,10314.8,3088.7,1545.0
,,,,,,,,7262,2261.9,2833.3,9660.9,3340.4,4672.0,4677.2,2845.3,2031.5,2846.8,10251.0,3059.2,1526.7
,,,,,,,,7263,2284.9,2838.1,9752.0,3431.8,4755.2,4728.6,2849.0,2105.1,2883.1,10413.5,3128.6,1538.7
,,,,,,,,7264,2372.7,2982.3,10072.0,3551.6,4950.3,4879.4,2960.8,2180.5,3018.3,11002.4,3196.0,1631.9
,,,,,,,,7265,2529.8,3096.2,10669.4,3749.1,5238.0,5171.6,3156.0,2268.9,3203.4,11648.9,3406.5,1677.6
,,,,,,,,7266,2601.2,3239.8,11213.4,3932.4,5464.7,5396.2,3314.9,2372.5,3319.7,11940.1,3573.2,1757.0
,,,,,,,,7267,2642.1,3319.7,11243.7,3984.4,5533.5,5560.8,3392.4,2438.9,3399.5,12077.8,3574.9,1820.3
,,,,,,,,7268,2588.7,3295.5,11107.3,3985.4,5406.0,5416.9,3351.5,2368.3,3308.9,11991.9,3570.5,1777.5
,,,,,,,,7269,2550.5,3164.5,10608.8,3756.3,5210.7,5237.4,3187.4,2255.4,3151.4,11668.1,3431.8,1696.0
,,,,,,,,7270,2385.6,2985.9,10200.9,3560.2,4848.5,4951.2,2966.0,2163.6,3017.8,11037.2,3229.4,1588.7
,,,,,,,,7271,2296.2,2856.8,9656.7,3413.4,4737.9,4776.2,2915.7,2076.1,2854.1,10319.1,3083.1,1544.3
,,,,,,,,7272,2234.9,2787.6,9432.1,3332.6,4651.6,4531.9,2798.9,2036.5,2792.2,10204.2,2998.6,1500.4
,,,,,,,,7273,2091.6,2611.7,8751.2,3069.8,4325.2,4250.8,2585.1,1872.9,2601.7,9390.9,2809.1,1408.9
,,,,,,,,7274,1952.5,2443.8,8345.0,2925.4,4064.6,4087.1,2492.7,1786.3,2483.7,9084.6,2662.3,1319.0
,,,,,,,,7275,1853.0,2306.4,7836.3,2763.1,3818.4,3872.7,2309.1,1705.6,2352.1,8401.8,2492.6,1242.9
,,,,,,,,7276,1849.3,2306.1,7759.0,2706.0,3756.0,3808.2,2301.0,1629.5,2306.3,8408.7,2464.3,1223.3
,,,,,,,,7277,1888.9,2348.9,8135.8,2894.0,3909.2,3965.1,2384.0,1717.8,2431.5,8704.4,2560.6,1280.3
,,,,,,,,7278,2063.9,2634.5,9000.8,3123.8,4376.6,4345.1,2627.8,1880.0,2651.1,9506.7,2819.3,1429.9
,,,,,,,,7279,2330.5,2861.5,9762.1,3503.5,4775.1,4733.4,2915.8,2073.5,2916.6,10747.2,3104.3,1583.5
,,,,,,,,7280,2521.7,3112.6,10603.7,3802.3,5196.8,5188.1,3135.9,2275.7,3152.7,11412.0,3409.3,1705.4
,,,,,,,,7281,2555.2,3186.6,10909.1,3929.5,5271.0,5350.5,3236.9,2328.6,3213.0,11839.8,3448.6,1722.3
,,,,,,,,7282,2585.6,3156.2,10702.3,3807.0,5319.8,5183.1,3162.9,2342.6,3235.0,11649.5,3456.4,1710.2
,,,,,,,,7283,2450.8,3077.1,10287.5,3650.8,4994.9,5071.6,3050.5,2207.2,3058.8,11357.6,3253.2,1632.4
,,,,,,,,7284,2336.1,2877.4,9867.4,3482.8,4801.6,4838.3,2953.2,2140.2,2980.4,10748.2,3138.0,1588.6
,,,,,,,,7285,2245.9,2866.6,9512.5,3402.0,4637.8,4645.7,2827.0,2077.7,2837.8,10353.9,3063.4,1547.4
,,,,,,,,7286,2242.7,2825.0,9711.9,3399.3,4692.7,4735.3,2818.1,2065.4,2870.8,10347.0,3062.1,1508.4
,,,,,,,,7287,2319.6,2859.7,9825.7,3408.9,4758.8,4736.4,2870.9,2091.9,2936.7,10710.2,3066.8,1550.0
,,,,,,,,7288,2427.4,2980.4,10256.4,3577.3,5026.4,5001.7,3031.8,2154.5,3013.4,11115.3,3227.3,1596.4
,,,,,,,,7289,2497.1,3127.3,10642.8,3840.6,5267.7,5159.4,3218.6,2306.2,3156.3,11662.8,3428.2,1714.4
,,,,,,,,7290,2618.7,3314.5,11210.9,3984.0,5405.8,5503.9,3328.9,2412.0,3338.5,12115.5,3544.9,1765.0
,,,,,,,,7291,2674.0,3397.0,11553.6,4084.8,5523.8,5599.0,3384.9,2416.0,3353.0,12429.8,3588.8,1814.5
,,,,,,,,7292,2677.9,3306.6,11139.6,3992.8,5432.1,5491.6,3275.7,2380.7,3278.4,12274.6,3542.2,1765.9
,,,,,,,,7293,2563.8,3191.1,10605.7,3741.7,5275.1,5229.6,3215.2,2273.8,3200.2,11502.5,3411.3,1711.5
,,,,,,,,7294,2389.5,3003.7,10104.8,3568.7,4886.3,4992.8,3051.2,2145.8,2990.8,11125.8,3203.1,1637.2
,,,,,,,,7295,2328.6,2862.1,9659.3,3488.3,4680.9,4724.2,2866.3,2073.9,2936.3,10679.2,3104.0,1559.4
,,,,,,,,7296,2227.7,2834.4,9645.0,3410.6,4628.2,4640.6,2792.5,2032.9,2794.1,10364.8,2997.3,1499.9
,,,,,,,,7297,2096.6,2620.8,8806.0,3174.5,4301.4,4325.7,2606.4,1913.1,2595.9,9517.5,2780.5,1401.4
,,,,,,,,7298,1972.0,2454.5,8299.2,2970.1,4135.5,4046.0,2471.7,1817.2,2485.8,9151.1,2642.4,1313.5
,,,,,,,,7299,1867.9,2351.2,8040.6,2790.4,3887.8,3867.4,2364.2,1712.4,2371.0,8577.9,2487.5,1266.4
,,,,,,,,7300,1812.6,2314.1,7875.0,2748.2,3804.2,3748.0,2344.0,1662.6,2342.7,8336.0,2462.4,1221.5
,,,,,,,,7301,1917.1,2435.6,8206.0,2883.7,3928.7,4019.9,2423.5,1756.8,2410.6,8886.2,2616.6,1297.7
,,,,,,,,7302,2100.9,2663.1,8849.2,3148.0,4393.7,4304.9,2675.4,1903.1,2637.6,9791.7,2822.9,1408.5
,,,,,,,,7303,2349.2,2885.8,9842.4,3508.8,4869.6,4765.3,2893.4,2082.2,2902.2,10789.9,3174.0,1561.2
,,,,,,,,7304,2530.5,3149.4,10698.6,3734.4,5217.6,5211.9,3180.9,2263.9,3177.9,11505.6,3366.7,1706.1
,,,,,,,,7305,2582.7,3218.3,10897.7,3881.9,5301.5,5331.0,3292.2,2321.8,3284.8,11842.8,3478.5,1762.8
,,,,,,,,7306,2598.6,3234.4,10851.3,3894.9,5353.6,5228.2,3272.0,2325.2,3187.6,11747.1,3452.0,1713.2
,,,,,,,,7307,2465.2,3069.5,10497.9,3645.5,5056.0,5009.6,3126.0,2246.3,3113.6,11291.0,3308.2,1664.1
,,,,,,,,7308,2378.5,2919.4,9896.1,3559.5,4812.3,4878.4,2983.2,2132.9,2981.0,10867.9,3166.2,1564.0
,,,,,,,,7309,2315.7,2841.9,9625.4,3398.4,4679.2,4666.2,2901.5,2058.9,2844.1,10373.4,3054.3,1518.6
,,,,,,,,7310,2266.1,2859.0,9702.6,3445.8,4689.7,4656.5,2901.8,2078.2,2867.6,10495.9,3080.0,1532.5
,,,,,,,,7311,2323.5,2943.3,9735.1,3472.4,4821.5,4736.3,2910.1,2117.2,2883.8,10752.1,3149.4,1541.0
,,,,,,,,7312,2384.7,2993.6,10121.0,3585.7,4950.0,5024.0,3035.4,2210.4,3035.1,11114.3,3287.8,1628.7
,,,,,,,,7313,2572.9,3168.4,10914.1,3819.3,5287.8,5217.5,3248.9,2328.9,3240.0,11779.7,3404.6,1711.6
,,,,,,,,7314,2636.5,3291.5,11267.8,3941.1,5536.8,5547.8,3301.2,2400.7,3381.7,12251.9,3601.4,1791.7
,,,,,,,,7315,2674.8,3428.2,11639.8,4019.3,5627.5,5634.8,3397.7,2485.7,3355.6,12505.2,3633.4,1829.5
,,,,,,,,7316,2642.7,3341.2,11311.8,3976.8,5522.3,5424.6,3375.4,2432.7,3371.3,12314.9,3571.7,1803.4
,,,,,,,,7317,2567.1,3188.5,10783.6,3790.1,5231.1,5287.8,3159.2,2296.6,3211.4,11833.0,3392.9,1705.3
,,,,,,,,7318,2443.9,3033.8,10212.2,3620.1,5040.8,5014.8,3071.0,2217.6,3035.3,11189.9,3286.1,1620.3
,,,,,,,,7319,2285.3,2917.5,9907.2,3514.0,4765.2,4853.7,2878.4,2076.7,2888.8,10520.1,3105.6,1550.6
,,,,,,,,7320,2245.1,2826.3,9596.3,3356.7,4680.0,4730.6,2805.9,2023.1,2884.6,10332.7,3015.3,1520.8
,,,,,,,,7321,2110.5,2656.9,8812.5,3142.9,4316.0,4404.4,2633.5,1909.0,2611.9,9660.7,2785.9,1400.2
,,,,,,,,7322,1976.7,2510.3,8354.0,2990.8,4152.2,4105.9,2499.6,1791.1,2472.5,9141.8,2695.7,1340.6
,,,,,,,,7323,1881.0,2347.4,7918.1,2837.8,3925.6,3902.3,2360.8,1699.9,2343.3,8645.2,2525.6,1266.8
,,,,,,,,7324,1846.7,2331.2,7849.3,2751.2,3785.2,3834.1,2322.3,1687.8,2315.4,8474.0,2478.9,1231.9
,,,,,,,,7325,1949.8,2444.4,8247.8,2904.8,3961.6,4015.5,2462.6,1746.7,2431.4,8973.8,2556.5,1280.8
,,,,,,,,7326,2144.7,2633.3,8944.6,3171.7,4407.7,4436.4,2661.5,1895.0,2677.9,9720.2,2804.7,1439.1
,,,,,,,,7327,2326.6,2929.3,9928.3,3476.5,4835.4,4777.1,2978.6,2126.6,2968.7,10624.6,3165.6,1586.8
,,,,,,,,7328,2515.0,3206.6,10788.9,3747.0,5251.2,5200.4,3163.1,2268.0,3233.4,11756.7,3373.3,1672.8
,,,,,,,,7329,2607.6,3247.3,11185.7,3870.5,5483.2,5416.0,3297.0,2385.4,3318.9,12011.3,3489.8,1736.3
,,,,,,,,7330,2563.8,3253.9,10827.0,3816.6,5334.6,5397.1,3236.5,2330.3,3233.6,11839.0,3457.8,1732.1
,,,,,,,,7331,2457.8,3085.6,10542.9,3669.4,5109.7,5121.4,3160.0,2228.0,3161.0,11407.3,3284.9,1678.6
,,,,,,,,7332,2387.2,2977.1,10177.3,3520.3,4943.5,4872.7,2998.1,2173.7,3023.5,10776.1,3204.1,1598.2
,,,,,,,,7333,2277.1,2835.2,9665.8,3452.5,4734.1,4777.3,2883.2,2099.6,2921.0,10499.3,3085.2,1557.0
,,,,,,,,7334,2322.2,2851.5,9798.1,3476.9,4717.2,4693.8,2892.6,2068.2,2906.9,10459.6,3077.1,1526.0
,,,,,,,,7335,2362.0,2887.0,9854.1,3523.5,4883.9,4809.5,2898.7,2141.3,2939.3,10561.6,3152.7,1549.2
,,,,,,,,7336,2441.6,3036.4,10267.9,3673.9,5025.2,5090.2,3095.1,2185.9,3020.9,11097.3,3274.3,1627.7
,,,,,,,,7337,2544.8,3228.8,10755.0,3862.5,5331.0,5295.1,3260.9,2345.9,3195.5,11651.5,3384.6,1737.6
,,,,,,,,7338,2657.9,3390.5,11292.1,4007.3,5522.4,5466.7,3338.1,2432.2,3408.6,12267.1,3582.6,1796.9
,,,,,,,,7339,2761.6,3442.0,11492.5,4037.7,5640.9,5564.9,3381.4,2482.2,3467.2,12550.3,3687.7,1841.9
,,,,,,,,7340,2690.7,3392.0,11247.7,4040.1,5478.1,5510.1,3361.4,2428.0,3358.1,12377.6,3572.2,1787.4
,,,,,,,,7341,2563.5,3211.5,10982.0,3822.5,5258.1,5220.8,3255.6,2327.0,3218.0,11692.1,3405.1,1729.7
,,,,,,,,7342,2452.8,3083.2,10330.3,3634.0,4960.7,5032.7,3101.7,2236.1,3073.1,11055.7,3300.5,1627.1
,,,,,,,,7343,2312.9,2878.0,10019.1,3494.9,4811.9,4755.9,2974.9,2126.8,2944.2,10577.1,3083.9,1555.2
,,,,,,,,7344,2282.2,2832.5,9696.3,3398.9,4694.2,4656.1,2827.4,2067.7,2838.7,10332.1,3083.5,1514.1
,,,,,,,,7345,2016.0,2493.0,8559.8,2974.1,4140.5,4084.9,2533.3,1818.9,2484.7,8992.0,2622.2,1336.1
,,,,,,,,7346,1905.1,2357.1,8091.7,2787.3,3917.6,3889.5,2353.5,1698.8,2337.6,8604.9,2515.6,1258.1
,,,,,,,,7347,1804.8,2231.0,7605.4,2689.3,3647.0,3646.7,2261.8,1608.5,2255.9,8262.7,2393.0,1179.2
,,,,,,,,7348,1736.8,2155.7,7454.7,2602.3,3642.7,3597.6,2205.6,1566.4,2199.6,8009.1,2316.4,1171.1
,,,,,,,,7349,1844.0,2314.2,7867.6,2747.9,3787.4,3786.3,2292.9,1681.4,2311.9,8363.5,2414.5,1231.9
,,,,,,,,7350,1984.4,2502.9,8548.9,2978.3,4116.5,4140.8,2540.1,1825.6,2531.1,9193.3,2711.2,1336.7
,,,,,,,,7351,2242.3,2760.2,9530.2,3330.9,4524.7,4522.9,2829.9,2003.4,2807.3,10082.6,2963.5,1497.6
,,,,,,,,7352,2410.8,3022.8,10294.2,3544.5,4900.4,4897.7,3008.1,2154.6,3028.9,10858.8,3183.1,1618.2
,,,,,,,,7353,2473.4,3124.5,10410.6,3687.8,5104.4,5141.3,3148.9,2254.0,3104.5,11465.0,3354.2,1679.9
,,,,,,,,7354,2455.4,3011.2,10305.7,3619.3,5083.9,5119.8,3120.9,2230.5,3114.9,11090.6,3276.8,1629.1
,,,,,,,,7355,2349.1,2922.7,9975.6,3510.7,4825.8,4868.8,2929.9,2102.1,2958.8,10752.1,3107.5,1579.0
,,,,,,,,7356,2267.4,2795.0,9389.0,3355.6,4582.5,4610.1,2782.2,2025.8,2792.4,10119.0,2966.8,1476.2
,,,,,,,,7357,2188.6,2704.3,9355.0,3236.6,4428.4,4482.7,2709.1,1995.2,2713.5,9966.7,2900.7,1454.7
,,,,,,,,7358,2135.0,2690.7,9182.9,3277.9,4447.2,4529.0,2693.0,1957.0,2735.5,9888.7,2908.2,1458.5
,,,,,,,,7359,2230.0,2791.7,9429.7,3309.8,4516.1,4503.4,2759.2,2026.3,2793.9,10177.3,2933.9,1480.7
,,,,,,,,7360,2324.4,2857.5,9775.7,3470.5,4718.4,4800.0,2938.6,2072.4,2889.5,10591.5,3057.4,1521.6
,,,,,,,,7361,2392.3,3057.2,10239.7,3632.1,5051.9,5023.9,3029.5,2216.9,3078.3,10954.0,3280.8,1627.3
,,,,,,,,7362,2511.8,3119.6,10694.2,3800.3,5305.7,5177.9,3228.1,2268.2,3176.3,11768.7,3391.3,1672.2
,,,,,,,,7363,2593.2,3236.6,10825.2,3821.9,5267.8,5378.5,3290.9,2308.5,3205.6,11637.4,3496.6,1717.4
,,,,,,,,7364,2565.5,3172.6,10697.6,3763.5,5292.2,5198.9,3227.8,2297.4,3178.8,11573.1,3393.3,1710.4
,,,,,,,,7365,2416.2,3016.0,10388.4,3675.2,4955.5,4988.1,3065.7,2179.6,3019.7,11064.0,3206.3,1618.9
,,,,,,,,7366,2315.8,2912.8,9685.0,3499.8,4752.3,4695.8,2925.1,2063.3,2913.9,10639.6,3116.2,1549.0
,,,,,,,,7367,2222.3,2763.9,9427.0,3314.4,4602.7,4577.8,2806.6,2025.0,2770.3,10160.9,2948.5,1483.2
,,,,,,,,7368,2127.5,2702.6,9231.1,3224.9,4394.5,4445.2,2724.9,1962.1,2693.0,9898.2,2884.5,1433.4
,,,,,,,,7369,1995.4,2480.1,8540.0,2988.7,4131.5,4148.9,2495.1,1809.3,2527.2,9039.4,2676.0,1328.5
,,,,,,,,7370,1865.8,2341.8,8133.3,2799.8,3886.9,3893.0,2360.9,1694.1,2350.5,8631.8,2547.6,1253.0
,,,,,,,,7371,1787.4,2267.0,7548.2,2706.0,3650.3,3688.4,2277.6,1631.4,2258.6,8164.1,2389.7,1199.9
,,,,,,,,7372,1760.6,2172.2,7419.8,2657.0,3592.2,3668.7,2236.9,1612.9,2190.6,8165.9,2313.8,1176.6
,,,,,,,,7373,1861.2,2276.7,7837.7,2752.8,3776.1,3851.2,2341.6,1676.7,2330.0,8460.4,2431.6,1243.2
,,,,,,,,7374,2045.4,2492.6,8671.3,3038.2,4229.1,4126.0,2527.9,1855.2,2576.5,9381.5,2698.8,1331.5
,,,,,,,,7375,2238.7,2796.7,9564.9,3392.2,4632.6,4677.2,2776.4,2007.8,2802.2,10186.5,2955.6,1491.3
,,,,,,,,7376,2405.1,2980.0,10307.7,3654.7,4989.6,4943.8,3074.4,2201.5,3051.1,11218.2,3243.9,1615.4
,,,,,,,,7377,2505.0,3121.4,10659.4,3686.8,5132.5,5192.0,3179.0,2260.5,3091.2,11513.2,3354.4,1638.4
,,,,,,,,7378,2475.7,3084.6,10386.6,3694.7,5059.3,5069.7,3101.7,2222.2,3137.4,11310.7,3303.1,1656.3
,,,,,,,,7379,2325.0,2937.4,10033.4,3487.6,4919.9,4860.2,2958.8,2148.3,2992.9,10823.2,3121.1,1587.0
,,,,,,,,7380,2224.0,2777.1,9428.1,3335.9,4688.2,4586.8,2808.6,2037.1,2823.1,10266.7,3030.2,1487.6
,,,,,,,,7381,2176.6,2737.0,9413.5,3280.3,4498.8,4552.1,2775.5,1985.6,2788.1,10171.2,2877.8,1461.5
,,,,,,,,7382,2187.2,2728.5,9199.4,3247.9,4518.0,4491.5,2756.0,1948.3,2759.4,9998.2,2902.8,1470.1
,,,,,,,,7383,2189.6,2785.9,9571.6,3315.5,4658.0,4647.6,2804.0,2039.0,2765.1,10114.9,2982.1,1498.6
,,,,,,,,7384,2322.3,2869.8,9694.0,3504.5,4803.0,4729.9,2948.2,2093.2,2944.6,10722.0,3123.9,1533.8
,,,,,,,,7385,2413.2,3036.6,10406.6,3658.5,5104.4,5092.6,3110.3,2188.8,3050.8,11318.8,3257.6,1647.0
,,,,,,,,7386,2560.0,3167.5,10758.7,3772.5,5304.7,5306.9,3211.8,2308.8,3167.1,11732.9,3410.2,1712.1
,,,,,,,,7387,2618.8,3277.6,11149.3,3840.7,5412.2,5353.6,3219.7,2326.4,3308.5,12046.2,3456.7,1746.4
,,,,,,,,7388,2579.3,3158.4,10796.9,3807.8,5320.9,5326.9,3207.6,2299.1,3171.8,11563.8,3356.8,1691.4
,,,,,,,,7389,2414.9,3021.8,10282.5,3660.9,5072.8,5071.5,3044.3,2187.0,3039.8,11131.0,3254.7,1603.6
,,,,,,,,7390,2284.4,2923.7,9941.8,3502.0,4797.2,4761.2,2879.5,2116.7,2940.6,10608.5,3075.2,1521.3
,,,,,,,,7391,2224.5,2736.3,9447.4,3290.6,4561.8,4522.5,2784.2,2009.2,2770.4,10292.6,2938.9,1467.2
,,,,,,,,7392,2187.6,2735.2,9267.4,3228.4,4488.9,4523.2,2717.4,1936.3,2723.1,9848.1,2923.2,1442.1
,,,,,,,,7393,2148.1,2654.5,9081.8,3222.3,4408.6,4478.1,2668.3,1953.4,2705.0,9909.1,2816.7,1405.9
,,,,,,,,7394,2033.7,2526.1,8579.2,3032.7,4148.3,4169.8,2583.1,1818.0,2525.9,9326.3,2721.2,1329.5
,,,,,,,,7395,1898.9,2372.6,8050.7,2861.0,3911.5,3996.9,2433.9,1731.2,2411.6,8844.2,2571.4,1288.8
,,,,,,,,7396,1902.7,2353.9,8113.4,2786.3,3867.7,3934.8,2406.0,1712.0,2353.4,8697.8,2471.1,1237.3
,,,,,,,,7397,1996.8,2443.2,8341.7,2987.4,4059.5,4118.7,2446.2,1772.5,2472.2,9026.2,2587.0,1321.5
,,,,,,,,7398,2126.5,2705.7,9182.8,3241.4,4521.9,4402.9,2737.7,1985.0,2713.6,10044.5,2861.0,1425.4
,,,,,,,,7399,2368.9,2947.4,10014.2,3611.3,4890.8,4973.8,3022.1,2176.6,3024.5,10913.0,3141.5,1596.4
,,,,,,,,7400,2600.5,3243.7,11014.2,3859.4,5364.1,5265.2,3293.3,2310.7,3283.1,11819.1,3470.5,1714.0
,,,,,,,,7401,2630.1,3370.4,11354.4,4053.0,5506.4,5574.2,3385.1,2404.8,3346.7,12101.6,3548.1,1765.0
,,,,,,,,7402,2641.0,3274.6,11160.5,3941.5,5372.3,5423.9,3310.9,2373.1,3271.5,12112.6,3464.1,1733.3
,,,,,,,,7403,2528.1,3104.8,10738.7,3787.2,5279.1,5288.2,3133.9,2283.5,3133.0,11578.2,3346.7,1684.5
,,,,,,,,7404,2384.5,2974.1,10369.8,3642.9,4929.6,4911.6,3034.7,2197.3,3067.8,10971.8,3208.2,1613.3
,,,,,,,,7405,2367.1,2968.9,10094.4,3561.1,4783.4,4906.8,2989.6,2105.0,2936.7,10591.4,3102.8,1542.6
,,,,,,,,7406,2346.6,2911.2,9798.3,3460.5,4844.9,4750.6,2971.4,2129.5,2934.9,10778.2,3108.7,1550.1
,,,,,,,,7407,2353.5,2976.0,10068.5,3521.1,4947.0,4939.4,3004.9,2189.0,3016.4,10793.9,3174.2,1565.6
,,,,,,,,7408,2455.3,3109.4,10587.0,3664.9,5187.1,5120.3,3080.3,2258.8,3122.5,11399.5,3277.8,1651.6
,,,,,,,,7409,2571.0,3262.5,11184.7,3871.7,5462.2,5448.2,3251.7,2393.2,3265.4,11878.0,3461.5,1744.6
,,,,,,,,7410,2713.5,3362.4,11736.4,4051.6,5617.7,5573.1,3485.9,2495.9,3389.5,12676.0,3601.6,1811.2
,,,,,,,,7411,2746.9,3428.4,11855.1,4179.2,5656.3,5668.0,3542.8,2531.5,3496.0,12687.4,3684.6,1829.5
,,,,,,,,7412,2694.9,3364.3,11460.7,4099.7,5569.5,5672.3,3458.7,2475.6,3428.3,12616.9,3634.5,1821.9
,,,,,,,,7413,2603.0,3238.4,10948.1,3876.2,5350.4,5420.0,3260.9,2375.6,3280.0,11876.2,3472.5,1725.0
,,,,,,,,7414,2498.6,3098.6,10402.7,3758.3,5119.1,5054.7,3116.0,2242.6,3164.4,11358.2,3337.2,1659.1
,,,,,,,,7415,2407.9,2961.3,10089.5,3569.0,4951.4,4964.7,3016.1,2127.6,3009.3,10983.6,3132.1,1583.8
,,,,,,,,7416,2298.8,2915.3,9952.6,3472.3,4784.7,4833.8,2904.3,2123.9,2924.0,10569.2,3118.1,1551.7
,,,,,,,,7417,2152.7,2704.0,9223.0,3217.3,4441.4,4404.5,2742.5,1971.8,2714.6,9808.9,2836.8,1427.0
,,,,,,,,7418,2020.3,2515.1,8764.0,3048.0,4195.2,4173.7,2553.2,1876.3,2572.2,9221.1,2733.2,1340.0
,,,,,,,,7419,1940.1,2388.9,8267.7,2881.4,3981.6,3957.1,2400.2,1735.7,2432.2,8947.8,2600.3,1299.2
,,,,,,,,7420,1918.1,2352.3,7929.0,2868.8,3926.5,3905.3,2394.3,1719.6,2379.8,8761.2,2513.4,1274.1
,,,,,,,,7421,2002.9,2475.5,8318.8,2970.3,4107.5,4082.1,2509.1,1823.2,2495.0,9113.2,2630.9,1314.7
,,,,,,,,7422,2203.3,2734.5,9319.1,3295.5,4542.7,4512.1,2703.6,1961.1,2774.0,9842.3,2857.2,1426.5
,,,,,,,,7423,2425.9,3012.5,10121.8,3584.0,4994.0,4900.8,3003.0,2179.4,3011.9,11014.5,3197.3,1603.2
,,,,,,,,7424,2567.0,3232.7,10932.5,3889.0,5381.8,5440.0,3236.5,2379.7,3297.7,11890.5,3409.7,1704.2
,,,,,,,,7425,2719.9,3339.9,11327.6,4057.8,5581.7,5462.6,3362.9,2469.0,3354.3,12345.7,3585.9,1796.9
,,,,,,,,7426,2663.7,3258.9,11266.0,3957.4,5481.0,5438.1,3328.7,2372.1,3357.2,12087.8,3554.0,1754.3
,,,,,,,,7427,2559.0,3170.7,10908.7,3803.8,5206.7,5309.8,3225.9,2317.5,3170.6,11768.4,3373.5,1698.9
,,,,,,,,7428,2434.0,3035.1,10327.5,3681.0,5084.4,5087.0,3054.5,2224.3,3102.4,11005.5,3188.3,1609.1
,,,,,,,,7429,2339.1,2986.9,9946.3,3524.2,4937.7,4824.5,2998.9,2161.1,2985.3,10672.6,3170.8,1551.5
,,,,,,,,7430,2362.5,2895.5,9920.6,3492.4,4829.5,4871.6,2963.3,2118.2,2948.4,10853.7,3079.8,1574.4
,,,,,,,,7431,2383.0,3005.5,10239.0,3630.5,4996.9,4950.5,3024.6,2197.4,3055.5,11099.5,3165.6,1590.7
,,,,,,,,7432,2481.1,3100.9,10713.4,3737.6,5192.8,5159.7,3098.2,2270.1,3174.2,11555.4,3313.8,1661.8
,,,,,,,,7433,2604.4,3323.5,11039.3,3918.3,5441.6,5488.8,3335.0,2380.3,3335.4,12159.8,3473.6,1750.8
,,,,,,,,7434,2734.3,3416.4,11588.6,4128.5,5744.9,5742.4,3419.1,2501.6,3467.9,12599.0,3611.7,1821.8
,,,,,,,,7435,2759.5,3517.0,11993.3,4214.0,5799.2,5702.2,3545.6,2495.9,3530.1,12867.4,3693.1,1842.1
,,,,,,,,7436,2754.8,3401.2,11703.3,4105.7,5684.4,5711.9,3453.6,2490.3,3444.2,12579.2,3614.4,1830.8
,,,,,,,,7437,2637.7,3290.5,11042.3,3903.0,5416.0,5459.0,3309.4,2399.8,3337.0,12116.5,3487.6,1737.2
,,,,,,,,7438,2500.8,3073.6,10725.0,3762.6,5200.7,5164.3,3148.7,2279.0,3114.0,11546.7,3270.1,1636.7
,,,,,,,,7439,2371.7,2976.4,10135.2,3592.8,4875.8,4888.1,2980.3,2195.2,3019.0,11017.2,3198.4,1571.5
,,,,,,,,7440,2299.2,2949.5,9989.0,3476.4,4752.6,4868.2,2905.3,2135.4,2970.3,10782.0,3113.4,1534.5
,,,,,,,,7441,2150.6,2723.1,9336.8,3283.1,4516.5,4528.6,2701.3,1959.1,2715.7,10085.2,2864.0,1417.8
,,,,,,,,7442,2037.5,2592.6,8747.3,3042.4,4179.1,4220.7,2600.4,1886.1,2571.7,9428.9,2748.4,1365.8
,,,,,,,,7443,1943.5,2419.8,8318.1,2912.2,4064.0,4028.0,2430.7,1771.4,2452.6,8884.2,2601.6,1303.3
,,,,,,,,7444,1902.8,2345.6,8039.8,2884.5,3990.4,3891.7,2412.9,1714.0,2395.5,8876.9,2511.3,1279.5
,,,,,,,,7445,2005.7,2516.7,8523.8,3007.6,4120.5,4063.4,2537.7,1829.2,2513.4,9089.7,2660.8,1336.6
,,,,,,,,7446,2213.0,2743.3,9237.9,3255.8,4532.7,4516.3,2720.8,1994.9,2757.4,10112.8,2884.4,1464.7
,,,,,,,,7447,2406.5,3048.0,10243.3,3673.5,5003.7,5031.2,3037.4,2181.9,3065.0,11216.9,3183.2,1594.7
,,,,,,,,7448,2627.4,3270.4,11239.2,3967.1,5373.0,5440.2,3282.5,2402.7,3289.9,12164.9,3463.6,1740.4
,,,,,,,,7449,2678.0,3373.4,11393.9,4092.9,5623.1,5652.6,3428.0,2468.7,3396.5,12227.7,3589.2,1788.4
,,,,,,,,7450,2634.9,3319.2,11352.2,3939.1,5569.0,5459.0,3399.0,2414.4,3372.2,12310.4,3546.9,1764.9
,,,,,,,,7451,2519.0,3204.8,10927.3,3859.5,5281.0,5318.2,3226.1,2307.8,3229.1,11702.4,3363.0,1670.5
,,,,,,,,7452,2438.2,3060.3,10419.8,3623.1,5020.2,5085.8,3068.6,2203.6,3114.0,11163.0,3249.3,1605.8
,,,,,,,,7453,2383.7,3002.4,10141.8,3545.6,4873.3,4839.6,3001.5,2136.0,2987.4,10930.2,3146.6,1571.3
,,,,,,,,7454,2371.4,2971.7,10004.6,3544.6,4910.7,4855.8,2946.3,2132.7,2954.7,10944.0,3175.0,1541.8
,,,,,,,,7455,2403.5,3036.7,10347.4,3636.8,5022.4,4949.6,3077.4,2199.1,3000.9,11039.6,3216.2,1613.0
,,,,,,,,7456,2521.5,3165.3,10808.5,3755.7,5177.9,5222.0,3166.6,2295.0,3189.7,11418.5,3295.3,1658.2
,,,,,,,,7457,2625.5,3265.3,11147.8,4009.5,5472.6,5497.3,3343.9,2383.2,3306.5,11978.5,3506.2,1751.7
,,,,,,,,7458,2767.2,3417.6,11630.9,4120.9,5773.0,5690.6,3449.8,2504.0,3446.8,12532.3,3637.6,1848.1
,,,,,,,,7459,2838.1,3515.7,12044.3,4258.8,5876.4,5838.5,3578.9,2535.4,3549.4,13010.9,3706.4,1878.1
,,,,,,,,7460,2796.6,3426.8,11791.0,4147.9,5733.1,5624.8,3468.3,2487.4,3518.4,12539.8,3610.9,1829.3
,,,,,,,,7461,2652.0,3331.3,11096.0,3985.1,5406.9,5537.6,3318.9,2384.6,3332.4,12042.4,3478.0,1773.5
,,,,,,,,7462,2517.4,3100.2,10560.7,3734.8,5147.0,5119.9,3158.6,2301.8,3154.9,11345.1,3281.6,1640.7
,,,,,,,,7463,2408.2,3021.8,10105.0,3567.6,4937.9,4988.5,3039.0,2153.2,3032.5,11198.6,3190.3,1587.6
,,,,,,,,7464,2358.9,2966.9,9847.7,3521.6,4913.0,4863.0,2914.7,2106.6,2914.5,10881.0,3146.5,1568.0
,,,,,,,,7465,2179.9,2743.9,9223.0,3254.6,4504.0,4498.8,2708.8,1987.6,2756.0,9999.8,2858.7,1423.8
,,,,,,,,7466,2074.3,2569.4,8645.2,3111.2,4296.5,4287.8,2633.4,1897.4,2596.6,9536.6,2710.0,1381.7
,,,,,,,,7467,1922.8,2440.8,8400.3,2916.2,4090.1,4001.1,2435.4,1783.6,2465.5,8837.0,2553.5,1303.2
,,,,,,,,7468,1934.5,2373.0,8259.6,2900.7,3953.3,3941.7,2397.9,1761.2,2395.4,8731.3,2567.0,1283.7
,,,,,,,,7469,1985.7,2473.6,8469.6,3035.1,4157.0,4148.7,2526.4,1847.1,2538.9,9209.3,2658.2,1314.9
,,,,,,,,7470,2166.5,2726.2,9228.1,3273.2,4601.9,4577.1,2812.0,1985.8,2784.2,9990.9,2871.4,1453.4
,,,,,,,,7471,2442.2,3065.9,10264.0,3682.8,5069.9,5015.3,3072.4,2219.5,3066.1,11130.7,3170.9,1588.9
,,,,,,,,7472,2662.1,3292.9,11257.1,3937.5,5365.5,5402.1,3345.0,2354.7,3362.8,11907.2,3432.3,1713.2
,,,,,,,,7473,2710.5,3364.7,11400.2,4018.2,5669.0,5583.5,3456.8,2429.8,3409.0,12473.3,3608.8,1772.0
,,,,,,,,7474,2649.2,3353.1,11516.5,3971.1,5520.7,5485.2,3394.6,2424.4,3400.6,12479.4,3528.4,1776.8
,,,,,,,,7475,2532.6,3164.5,10773.5,3896.8,5264.2,5335.6,3272.2,2347.4,3265.7,11866.3,3354.0,1721.1
,,,,,,,,7476,2482.0,3033.7,10516.2,3635.6,5141.2,5007.3,3107.2,2229.4,3059.1,11279.9,3271.4,1645.8
,,,,,,,,7477,2419.2,2989.4,10230.4,3615.3,4980.5,4985.0,2987.5,2164.9,2993.9,10974.5,3197.4,1558.1
,,,,,,,,7478,2359.3,2990.6,10123.3,3595.4,4844.4,4895.4,2954.0,2140.1,2976.4,10896.7,3133.8,1574.7
,,,,,,,,7479,2435.9,2982.0,10258.4,3618.6,4945.1,4991.2,3076.9,2216.0,3096.1,11194.8,3157.0,1582.0
,,,,,,,,7480,2500.3,3150.8,10606.0,3790.3,5152.7,5288.3,3172.5,2257.4,3197.4,11643.5,3295.2,1691.9
,,,,,,,,7481,2667.0,3294.4,11248.5,3965.1,5563.9,5467.6,3385.5,2389.4,3397.0,12269.5,3532.6,1757.5
,,,,,,,,7482,2815.4,3513.5,11956.5,4162.5,5816.4,5672.5,3478.3,2514.3,3452.6,12585.6,3687.5,1849.0
,,,,,,,,7483,2838.2,3514.9,12059.0,4251.1,5819.0,5906.0,3524.5,2565.9,3533.9,12791.8,3778.3,1862.3
,,,,,,,,7484,2803.3,3519.7,11929.8,4157.7,5684.9,5718.7,3483.2,2558.1,3464.8,12922.7,3708.9,1823.2
,,,,,,,,7485,2693.1,3339.6,11236.8,3970.0,5453.4,5425.0,3353.2,2380.5,3353.0,12163.4,3498.1,1745.0
,,,,,,,,7486,2544.1,3108.2,10770.5,3727.8,5272.9,5161.3,3166.1,2303.2,3157.6,11487.5,3371.3,1668.0
,,,,,,,,7487,2387.0,3056.8,10398.1,3649.0,4952.2,5023.4,3035.7,2201.4,3011.4,11030.5,3242.3,1617.9
,,,,,,,,7488,2352.1,2929.0,9940.6,3570.6,4819.4,4869.2,2929.7,2131.8,2948.5,10660.5,3115.9,1581.6
,,,,,,,,7489,2192.6,2750.9,9219.5,3336.0,4511.6,4578.5,2735.1,1983.6,2765.9,10136.2,2892.1,1449.8
,,,,,,,,7490,2065.7,2619.4,8764.0,3137.6,4236.8,4323.5,2613.1,1912.0,2614.3,9498.7,2713.6,1359.0
,,,,,,,,7491,1980.2,2473.5,8232.3,2956.0,4116.4,4116.2,2443.0,1805.1,2498.3,9108.0,2578.5,1288.4
,,,,,,,,7492,1949.5,2410.1,8282.4,2878.2,3988.1,4048.8,2438.9,1771.4,2446.4,8921.0,2543.3,1269.5
,,,,,,,,7493,2002.3,2535.1,8640.5,3003.5,4224.9,4203.4,2522.3,1844.3,2528.7,9281.2,2647.0,1328.6
,,,,,,,,7494,2199.7,2732.9,9394.1,3276.0,4573.3,4567.3,2796.6,2015.3,2758.8,10113.9,2922.6,1443.2
,,,,,,,,7495,2471.0,3064.9,10278.0,3720.5,5004.1,5080.9,3065.9,2245.1,3057.0,11203.7,3273.4,1592.5
,,,,,,,,7496,2624.1,3330.6,11272.5,3904.6,5517.7,5480.7,3327.4,2365.4,3310.2,12046.3,3473.4,1755.7
,,,,,,,,7497,2719.1,3459.8,11471.4,4134.3,5590.4,5627.9,3485.7,2480.6,3424.0,12475.0,3572.6,1804.1
,,,,,,,,7498,2681.0,3376.9,11560.2,4030.8,5612.6,5524.9,3397.5,2415.8,3414.2,12299.8,3519.3,1779.9
,,,,,,,,7499,2553.9,3260.8,11085.7,3861.4,5361.9,5332.8,3253.6,2338.5,3241.4,11795.5,3426.1,1729.5
,,,,,,,,7500,2500.4,3085.2,10564.5,3722.9,5073.9,5068.2,3151.6,2257.4,3126.4,11414.8,3232.5,1605.7
,,,,,,,,7501,2386.2,3026.0,10130.7,3586.7,4911.8,4953.2,2991.8,2183.5,3020.8,11167.6,3172.8,1571.1
,,,,,,,,7502,2354.3,3007.2,10247.7,3573.8,4979.8,4924.6,2972.4,2201.2,3005.2,11071.8,3178.4,1597.6
,,,,,,,,7503,2435.7,3053.1,10397.9,3681.9,4976.9,5087.6,3110.9,2219.1,3106.9,11093.4,3258.6,1608.3
,,,,,,,,7504,2519.0,3182.4,10822.4,3808.4,5223.8,5240.2,3227.1,2340.1,3155.7,11621.6,3340.7,1692.1
,,,,,,,,7505,2698.3,3323.2,11230.0,3969.0,5497.0,5587.9,3335.1,2440.0,3418.5,12339.3,3573.3,1746.2
,,,,,,,,7506,2781.1,3535.1,11813.7,4138.2,5839.4,5829.7,3532.9,2549.5,3513.8,12724.5,3722.0,1818.7
,,,,,,,,7507,2823.9,3587.5,12115.4,4201.9,5799.6,5795.7,3568.0,2563.7,3537.2,12929.9,3771.1,1886.9
,,,,,,,,7508,2791.8,3442.3,11952.1,4142.3,5789.3,5804.6,3499.8,2505.3,3477.5,12747.0,3739.5,1864.6
,,,,,,,,7509,2650.2,3373.6,11236.8,4022.4,5459.8,5502.0,3366.1,2412.8,3324.8,12417.3,3576.3,1773.8
,,,,,,,,7510,2561.3,3170.7,10642.8,3791.2,5203.4,5261.7,3190.4,2295.5,3158.6,11784.1,3362.1,1694.6
,,,,,,,,7511,2436.8,3072.9,10273.2,3689.5,5072.4,5016.9,3042.9,2187.5,3022.9,11232.4,3219.7,1626.3
,,,,,,,,7512,2380.2,2955.2,10006.5,3509.7,4862.8,4866.1,3023.7,2159.5,3027.5,10869.7,3151.8,1560.5
,,,,,,,,7513,2092.7,2614.4,8892.5,3093.5,4304.2,4316.8,2595.6,1877.9,2640.2,9636.5,2747.4,1362.3
,,,,,,,,7514,1978.2,2442.0,8308.8,2950.0,4008.1,4073.3,2504.4,1783.3,2447.5,9024.5,2610.2,1294.2
,,,,,,,,7515,1853.8,2319.3,7859.4,2793.4,3897.0,3832.3,2347.3,1700.8,2364.5,8429.7,2463.3,1217.4
,,,,,,,,7516,1847.1,2287.3,7765.4,2746.1,3743.9,3729.5,2327.0,1664.6,2329.4,8396.1,2404.7,1194.9
,,,,,,,,7517,1901.3,2362.7,8067.9,2879.4,3999.7,3933.2,2380.5,1718.2,2389.5,8628.5,2535.1,1262.4
,,,,,,,,7518,2116.0,2608.8,8995.4,3131.2,4334.1,4348.3,2639.6,1874.5,2606.9,9689.1,2718.9,1393.5
,,,,,,,,7519,2303.2,2895.6,9943.6,3434.4,4810.5,4845.9,2882.9,2122.6,2933.7,10632.7,3001.4,1533.5
,,,,,,,,7520,2464.0,3142.6,10761.6,3768.3,5152.8,5111.2,3198.5,2257.4,3126.8,11610.2,3314.0,1643.4
,,,,,,,,7521,2560.4,3255.2,11003.0,3836.5,5298.8,5416.9,3233.2,2319.7,3280.3,11704.1,3438.6,1691.5
,,,,,,,,7522,2546.4,3207.8,10750.9,3822.0,5280.5,5279.4,3178.3,2347.6,3248.2,11646.5,3354.7,1681.0
,,,,,,,,7523,2422.4,3015.5,10407.9,3614.5,5048.7,5069.2,3091.3,2248.3,3102.9,11314.4,3244.3,1623.9
,,,,,,,,7524,2319.4,2930.2,9831.1,3529.7,4804.0,4790.3,2942.2,2107.4,2923.7,10723.8,3088.6,1527.1
,,,,,,,,7525,2296.0,2808.1,9582.1,3360.7,4748.3,4653.8,2857.9,2053.8,2853.6,10296.3,2975.7,1505.8
,,,,,,,,7526,2226.4,2821.2,9459.3,3419.8,4685.1,4697.7,2884.9,2045.9,2892.9,10377.6,2937.7,1500.1
,,,,,,,,7527,2270.6,2908.4,9717.2,3488.5,4697.2,4833.4,2901.6,2102.5,2920.4,10556.2,3032.7,1528.5
,,,,,,,,7528,2427.9,2981.9,10127.0,3611.8,4973.1,5021.3,2994.4,2212.9,3027.2,11028.0,3139.1,1594.6
,,,,,,,,7529,2518.2,3201.6,10760.6,3740.4,5282.2,5267.4,3165.3,2266.1,3159.8,11548.1,3290.5,1642.3
,,,,,,,,7530,2632.1,3301.9,11170.2,3928.2,5410.3,5518.3,3327.6,2430.7,3355.4,12259.7,3433.7,1757.5
,,,,,,,,7531,2658.9,3398.4,11284.6,3975.5,5601.7,5584.4,3378.3,2471.1,3424.9,12383.1,3491.1,1789.3
,,,,,,,,7532,2632.3,3269.5,11350.3,3922.2,5513.7,5532.3,3340.9,2421.6,3297.1,12135.6,3487.8,1723.4
,,,,,,,,7533,2516.5,3201.7,10868.1,3772.5,5214.9,5288.2,3230.8,2293.9,3204.8,11580.3,3277.7,1662.3
,,,,,,,,7534,2406.5,3003.2,10216.4,3584.6,5030.0,4914.0,3054.5,2196.7,3036.2,11098.1,3129.4,1575.0
,,,,,,,,7535,2273.0,2846.8,9905.6,3461.2,4779.2,4819.5,2913.4,2097.3,2907.2,10702.8,3012.7,1509.8
,,,,,,,,7536,2229.5,2759.6,9523.6,3357.9,4647.3,4688.3,2847.0,2015.7,2848.4,10421.6,2979.5,1472.7
,,,,,,,,7537,2055.4,2628.9,8903.5,3109.9,4381.2,4329.1,2668.9,1915.8,2661.2,9697.6,2768.0,1378.8
,,,,,,,,7538,1946.5,2469.0,8371.2,2972.1,4113.4,4090.9,2469.2,1803.1,2524.2,8933.2,2560.4,1313.5
,,,,,,,,7539,1845.8,2349.0,8014.4,2837.9,3867.8,3811.0,2342.3,1705.6,2363.6,8583.8,2432.2,1241.2
,,,,,,,,7540,1808.9,2293.7,7862.2,2713.8,3850.7,3771.0,2326.7,1677.5,2301.8,8485.6,2411.6,1199.2
,,,,,,,,7541,1924.5,2383.6,8138.0,2848.1,3992.8,3969.1,2444.1,1739.3,2404.4,8931.5,2533.3,1260.9
,,,,,,,,7542,2085.0,2663.2,9021.6,3111.2,4396.2,4323.7,2664.8,1892.8,2654.3,9703.1,2792.2,1385.5
,,,,,,,,7543,2342.3,2863.0,9751.1,3468.9,4884.5,4765.1,2935.4,2109.9,2957.6,10571.9,3067.0,1529.9
,,,,,,,,7544,2536.1,3124.4,10592.3,3735.6,5203.2,5127.4,3205.6,2295.8,3127.7,11414.5,3277.1,1664.2
,,,,,,,,7545,2579.5,3224.6,11151.0,3845.4,5451.0,5315.3,3266.6,2389.2,3304.8,11860.6,3385.2,1680.0
,,,,,,,,7546,2568.3,3202.1,10715.8,3876.9,5357.1,5264.3,3202.5,2314.7,3251.7,11689.9,3378.9,1686.7
,,,,,,,,7547,2469.7,3040.8,10423.2,3647.0,5072.1,5124.8,3098.8,2244.0,3100.3,11339.3,3184.0,1604.5
,,,,,,,,7548,2379.8,2894.8,9924.8,3529.3,4886.2,4806.9,2941.2,2147.5,2931.3,10700.3,3065.6,1550.8
,,,,,,,,7549,2270.9,2889.4,9650.0,3425.9,4786.5,4743.7,2905.8,2051.2,2864.7,10599.4,2980.4,1520.6
,,,,,,,,7550,2244.7,2831.2,9696.3,3439.4,4644.7,4721.2,2895.2,2056.2,2835.6,10311.0,3005.8,1471.3
,,,,,,,,7551,2326.6,2891.1,9832.2,3453.8,4867.1,4820.0,2937.2,2125.4,2895.0,10720.7,3087.2,1534.0
,,,,,,,,7552,2411.8,3030.7,10250.8,3641.4,5007.0,5015.4,3048.6,2198.4,3047.7,11237.5,3178.7,1594.3
,,,,,,,,7553,2549.5,3157.0,10645.5,3753.8,5331.7,5259.5,3165.2,2317.5,3234.7,11726.4,3332.5,1678.5
,,,,,,,,7554,2685.6,3351.7,11161.2,4003.1,5459.3,5542.9,3324.0,2417.8,3303.4,12132.1,3531.4,1727.1
,,,,,,,,7555,2721.1,3358.3,11321.6,4024.4,5567.9,5610.0,3431.1,2466.9,3438.6,12521.7,3505.7,1763.6
,,,,,,,,7556,2672.4,3291.3,11363.6,3985.9,5442.6,5556.2,3337.4,2385.4,3388.7,12153.4,3454.6,1734.8
,,,,,,,,7557,2529.5,3155.0,10737.9,3807.0,5317.9,5304.6,3183.9,2289.6,3223.5,11603.6,3304.0,1662.5
,,,,,,,,7558,2440.6,2981.6,10295.1,3631.2,4991.9,5010.6,3020.2,2167.1,3063.1,11187.3,3211.4,1575.6
,,,,,,,,7559,2323.6,2851.8,9960.5,3508.1,4814.0,4822.5,2876.2,2074.7,2960.4,10716.9,3081.2,1523.8
,,,,,,,,7560,2242.1,2856.6,9562.2,3378.1,4628.9,4648.8,2870.4,2059.6,2855.9,10264.0,2989.3,1460.7
,,,,,,,,7561,2236.5,2810.3,9564.1,3357.1,4674.9,4630.3,2784.5,2029.7,2819.5,10174.6,2887.2,1452.7
,,,,,,,,7562,2124.3,2638.9,9097.0,3163.8,4328.3,4379.8,2634.3,1913.4,2663.0,9569.5,2781.1,1366.0
,,,,,,,,7563,1981.7,2476.7,8436.2,3023.0,4108.5,4190.3,2553.4,1813.7,2535.1,9128.1,2629.8,1295.3
,,,,,,,,7564,1931.2,2455.4,8406.3,2962.0,4066.4,4114.6,2456.3,1803.6,2439.8,9096.9,2541.3,1301.9
,,,,,,,,7565,2062.7,2577.5,8751.1,3066.8,4184.7,4243.6,2570.9,1879.3,2579.9,9509.7,2716.8,1362.8
,,,,,,,,7566,2263.4,2773.1,9625.6,3379.9,4695.2,4697.3,2838.1,2043.3,2824.5,10318.5,2913.2,1458.4
,,,,,,,,7567,2521.9,3085.1,10724.3,3754.4,5178.3,5138.4,3149.8,2234.0,3116.3,11423.4,3271.8,1611.0
,,,,,,,,7568,2720.7,3306.7,11520.2,4037.5,5570.1,5484.1,3389.5,2434.9,3354.3,12322.0,3545.0,1758.4
,,,,,,,,7569,2813.5,3515.6,11633.8,4222.5,5745.7,5807.2,3522.8,2527.0,3456.6,12733.4,3596.9,1846.2
,,,,,,,,7570,2734.0,3427.0,11783.9,4123.8,5609.6,5742.7,3491.1,2504.7,3493.9,12423.3,3589.4,1772.4
,,,,,,,,7571,2658.2,3237.1,11157.5,3964.5,5451.0,5504.4,3293.9,2422.6,3285.6,12058.0,3408.9,1710.7
,,,,,,,,7572,2512.0,3134.4,10719.6,3777.8,5208.3,5164.9,3198.3,2268.8,3159.7,11574.7,3289.6,1650.5
,,,,,,,,7573,2427.9,3030.2,10315.9,3639.2,5096.1,5011.7,3070.4,2201.0,3038.3,11282.7,3227.6,1587.2
,,,,,,,,7574,2420.7,3012.8,10221.9,3616.3,4983.3,4965.4,3035.7,2231.8,3090.7,11089.8,3152.9,1589.4
,,,,,,,,7575,2494.0,3130.4,10530.3,3667.6,5125.9,5100.6,3156.0,2265.3,3166.3,11529.1,3260.7,1646.0
,,,,,,,,7576,2570.7,3184.0,10914.3,3818.6,5362.3,5339.4,3238.6,2363.7,3279.4,11910.2,3349.0,1669.7
,,,,,,,,7577,2698.7,3376.5,11684.8,4072.3,5628.5,5619.3,3433.1,2494.4,3427.8,12373.7,3510.8,1765.2
,,,,,,,,7578,2872.0,3588.3,11885.0,4223.5,5895.3,5796.0,3626.9,2569.2,3613.7,12991.2,3671.1,1859.9
,,,,,,,,7579,2890.5,3572.9,12412.3,4295.7,6022.3,6028.8,3699.1,2623.1,3685.0,13293.6,3757.6,1896.9
,,,,,,,,7580,2806.8,3543.3,12141.1,4233.6,5952.0,5962.8,3558.5,2571.7,3612.4,13209.7,3727.1,1884.4
,,,,,,,,7581,2700.8,3377.3,11422.4,4100.7,5673.3,5671.9,3419.6,2500.7,3459.8,12495.3,3537.1,1798.7
,,,,,,,,7582,2580.2,3201.4,10905.0,3852.0,5271.4,5345.7,3266.6,2329.3,3282.7,11798.7,3367.7,1700.1
,,,,,,,,7583,2471.2,3087.8,10593.3,3706.6,5082.8,5135.1,3125.0,2273.5,3102.1,11301.5,3255.0,1601.1
,,,,,,,,7584,2401.7,3053.7,10351.4,3590.7,4964.9,4923.1,3074.1,2204.6,3025.0,10943.4,3158.8,1562.8
,,,,,,,,7585,2230.9,2802.7,9576.3,3325.1,4656.9,4706.9,2840.3,2010.7,2850.4,10256.2,2939.1,1477.8
,,,,,,,,7586,2097.6,2682.1,8928.1,3200.2,4422.6,4398.6,2658.6,1957.1,2658.3,9900.6,2787.1,1381.5
,,,,,,,,7587,1991.9,2476.5,8445.2,3003.1,4146.4,4168.2,2531.7,1801.7,2515.3,9214.2,2664.7,1308.5
,,,,,,,,7588,1992.6,2499.0,8303.0,2977.1,4107.2,4124.9,2527.0,1782.7,2496.7,9014.3,2560.4,1276.5
,,,,,,,,7589,2041.0,2588.2,8721.4,3111.8,4270.5,4269.5,2571.1,1850.8,2638.4,9361.1,2671.4,1330.4
,,,,,,,,7590,2268.6,2834.8,9725.0,3343.1,4722.0,4700.7,2820.1,2074.9,2855.7,10481.6,2978.8,1478.1
,,,,,,,,7591,2525.6,3164.9,10581.0,3700.6,5172.3,5239.4,3202.2,2285.1,3188.1,11367.8,3308.3,1648.1
,,,,,,,,7592,2681.0,3355.6,11426.5,4106.7,5513.8,5540.0,3452.9,2492.1,3451.1,12560.5,3560.4,1775.8
,,,,,,,,7593,2776.7,3447.1,11792.2,4167.7,5847.3,5776.3,3499.5,2513.3,3560.2,12955.8,3669.9,1803.1
,,,,,,,,7594,2765.6,3429.5,11678.3,4160.5,5791.1,5765.6,3437.3,2509.3,3466.7,12480.2,3559.2,1817.3
,,,,,,,,7595,2656.5,3330.4,11071.4,3928.6,5417.8,5422.2,3326.7,2421.9,3290.8,12184.8,3426.6,1742.0
,,,,,,,,7596,2554.0,3130.6,10829.3,3816.5,5304.5,5268.7,3179.2,2308.9,3174.6,11578.5,3353.0,1633.3
,,,,,,,,7597,2432.6,3080.8,10360.7,3729.2,5056.7,5071.2,3111.3,2251.9,3102.5,11124.8,3215.9,1624.8
,,,,,,,,7598,2436.7,3086.6,10427.7,3680.3,5008.4,5079.2,3066.6,2221.6,3102.3,11118.6,3239.6,1590.4
,,,,,,,,7599,2490.9,3135.4,10429.4,3738.2,5104.6,5127.3,3180.0,2278.0,3180.0,11520.4,3276.2,1647.0
,,,,,,,,7600,2604.3,3287.5,11176.8,3870.8,5361.1,5455.6,3321.6,2365.0,3313.6,12105.9,3377.7,1718.4
,,,,,,,,7601,2759.5,3460.1,11458.2,4064.4,5626.5,5713.3,3442.2,2519.9,3499.8,12398.9,3597.4,1782.2
,,,,,,,,7602,2817.9,3598.6,12159.1,4342.2,5885.6,5874.6,3651.3,2609.1,3556.5,13228.2,3689.8,1857.4
,,,,,,,,7603,2934.8,3617.9,12313.5,4370.3,6026.1,6078.5,3672.7,2613.3,3687.4,13448.2,3830.4,1886.7
,,,,,,,,7604,2861.9,3571.3,12276.0,4277.9,5993.5,5839.2,3592.9,2619.2,3649.9,13179.3,3728.4,1867.9
,,,,,,,,7605,2749.0,3406.6,11544.7,4042.6,5721.5,5744.3,3402.6,2512.7,3470.9,12442.2,3574.1,1789.5
,,,,,,,,7606,2628.1,3268.1,10863.1,3933.7,5426.4,5339.3,3310.8,2376.2,3288.0,12050.8,3430.7,1697.3
,,,,,,,,7607,2482.4,3075.1,10606.5,3749.7,5136.2,5087.8,3098.2,2251.9,3163.6,11471.9,3241.2,1631.4
,,,,,,,,7608,2447.2,3000.3,10157.7,3604.1,5026.5,4963.7,3049.2,2211.6,3048.5,11239.6,3154.1,1586.7
,,,,,,,,7609,2245.5,2858.0,9589.1,3380.4,4687.6,4607.7,2817.6,2069.9,2838.0,10432.4,2921.8,1451.2
,,,,,,,,7610,2122.4,2633.0,8957.2,3241.9,4371.9,4465.6,2716.7,1953.7,2731.2,9728.9,2779.7,1404.0
,,,,,,,,7611,2036.3,2535.5,8535.5,3056.9,4145.5,4209.6,2558.2,1857.2,2541.4,9343.2,2612.8,1317.8
,,,,,,,,7612,1996.8,2478.3,8503.8,3002.8,4061.8,4114.2,2522.7,1815.3,2531.2,9084.6,2565.2,1311.9
,,,,,,,,7613,2057.3,2611.2,8715.3,3101.8,4296.3,4357.6,2657.8,1898.8,2609.0,9534.7,2670.4,1370.0
,,,,,,,,7614,2273.7,2815.6,9662.0,3447.4,4692.6,4754.6,2851.4,2044.7,2837.8,10541.8,2965.0,1486.6
,,,,,,,,7615,2551.1,3105.0,10695.8,3774.5,5165.5,5271.2,3174.7,2278.0,3181.2,11400.9,3242.0,1627.3
,,,,,,,,7616,2749.8,3440.4,11422.7,4072.4,5656.3,5568.7,3381.3,2484.5,3401.1,12670.6,3510.3,1748.0
,,,,,,,,7617,2834.3,3510.9,11864.7,4203.1,5845.8,5773.8,3585.4,2579.2,3594.5,12737.5,3670.0,1840.0
,,,,,,,,7618,2779.8,3426.5,11816.3,4126.4,5812.7,5824.8,3473.2,2525.4,3540.9,12929.9,3587.3,1814.6
,,,,,,,,7619,2632.6,3364.3,11168.4,4037.7,5545.8,5463.4,3310.3,2383.5,3359.9,12259.8,3471.5,1722.3
,,,,,,,,7620,2498.3,3143.9,10667.8,3781.1,5267.2,5244.2,3215.1,2308.0,3171.8,11610.5,3311.4,1665.5
,,,,,,,,7621,2486.9,3121.2,10423.4,3710.0,5049.7,5047.2,3085.2,2249.0,3153.2,11224.9,3265.7,1594.4
,,,,,,,,7622,2466.9,3084.8,10333.0,3713.1,5077.0,5072.4,3083.7,2263.3,3085.2,11469.1,3244.1,1584.7
,,,,,,,,7623,2535.4,3114.9,10506.1,3778.4,5149.4,5190.3,3136.6,2255.0,3145.0,11362.8,3273.7,1650.2
,,,,,,,,7624,2646.2,3211.0,10945.8,3904.4,5424.2,5427.8,3339.8,2362.7,3284.1,11979.8,3384.1,1695.4
,,,,,,,,7625,2716.1,3385.7,11734.2,4091.6,5733.0,5709.8,3520.3,2529.8,3432.8,12473.1,3584.2,1773.6
,,,,,,,,7626,2893.7,3609.4,12283.1,4332.1,5898.5,5990.3,3651.7,2579.9,3598.0,13111.8,3723.6,1854.9
,,,,,,,,7627,2898.3,3695.1,12335.5,4323.9,6063.3,5991.9,3708.0,2631.7,3724.1,13560.5,3843.2,1887.7
,,,,,,,,7628,2888.7,3544.1,12194.3,4321.7,5896.4,6015.1,3599.6,2600.7,3617.2,13216.3,3735.0,1850.9
,,,,,,,,7629,2776.2,3428.4,11761.6,4123.5,5762.6,5647.5,3473.9,2466.0,3447.2,12570.2,3581.4,1785.4
,,,,,,,,7630,2617.8,3300.5,11169.2,3878.2,5442.1,5348.8,3294.4,2353.1,3329.9,12020.4,3412.2,1714.3
,,,,,,,,7631,2493.4,3158.1,10470.5,3792.8,5165.2,5171.7,3199.1,2248.4,3193.4,11407.0,3250.1,1620.6
,,,,,,,,7632,2419.9,3089.2,10263.3,3625.6,4978.4,5124.3,3104.2,2191.6,3049.5,11106.3,3155.8,1578.3
,,,,,,,,7633,2278.2,2853.8,9749.3,3362.5,4659.6,4759.6,2866.7,2055.4,2885.5,10484.6,2941.1,1467.0
,,,,,,,,7634,2146.4,2667.9,8991.4,3231.9,4449.0,4466.6,2722.4,1960.2,2698.0,9759.5,2789.3,1403.6
,,,,,,,,7635,2010.7,2527.8,8631.9,3080.8,4210.0,4208.5,2562.4,1821.3,2565.8,9429.2,2684.0,1324.6
,,,,,,,,7636,2011.3,2475.0,8363.9,3009.1,4122.8,4136.0,2522.1,1829.8,2531.4,9178.0,2589.9,1315.7
,,,,,,,,7637,2096.6,2584.7,8956.2,3127.3,4317.9,4364.1,2620.9,1914.2,2603.8,9557.6,2751.9,1374.0
,,,,,,,,7638,2313.0,2814.7,9741.0,3397.9,4793.9,4670.3,2914.7,2109.3,2861.4,10545.1,2995.7,1483.2
,,,,,,,,7639,2545.8,3201.2,10591.8,3773.9,5172.8,5297.7,3182.0,2328.9,3177.2,11510.9,3331.0,1629.4
,,,,,,,,7640,2741.7,3382.1,11569.5,4143.2,5695.4,5640.3,3456.3,2482.2,3491.2,12639.7,3568.3,1753.8
,,,,,,,,7641,2789.3,3497.3,12041.0,4167.4,5901.3,5788.5,3599.8,2551.7,3544.8,12865.2,3687.8,1844.0
,,,,,,,,7642,2755.3,3502.9,11893.8,4195.3,5747.2,5747.9,3509.8,2509.8,3519.7,12866.9,3627.3,1826.4
,,,,,,,,7643,2652.8,3332.1,11190.1,3965.4,5574.7,5527.8,3342.8,2442.2,3357.9,12371.2,3455.1,1719.2
,,,,,,,,7644,2541.9,3187.1,10830.1,3873.2,5280.4,5289.2,3230.2,2288.2,3178.2,11871.8,3291.3,1679.1
,,,,,,,,7645,2475.0,3097.9,10405.3,3663.3,5165.7,5109.2,3152.2,2251.1,3092.6,11327.6,3207.1,1636.6
,,,,,,,,7646,2496.2,3110.3,10350.8,3726.0,5049.0,5188.2,3152.2,2278.3,3077.1,11371.9,3197.0,1621.3
,,,,,,,,7647,2522.6,3174.8,10786.5,3766.9,5239.3,5203.0,3220.7,2264.3,3222.7,11464.1,3270.8,1658.3
,,,,,,,,7648,2597.4,3252.0,11073.6,3903.0,5459.8,5385.2,3290.3,2390.4,3325.6,12072.2,3372.8,1726.5
,,,,,,,,7649,2759.9,3428.2,11654.5,4167.2,5715.3,5641.5,3439.6,2548.3,3450.1,12876.0,3571.9,1782.4
,,,,,,,,7650,2871.3,3635.5,12421.6,4287.0,6013.1,5939.7,3703.3,2612.1,3671.7,13192.6,3740.5,1863.7
,,,,,,,,7651,2941.7,3639.0,12631.2,4399.5,6138.0,6158.2,3766.7,2693.6,3684.9,13384.3,3786.8,1905.7
,,,,,,,,7652,2847.7,3597.6,12296.9,4360.1,5913.3,6064.4,3660.2,2615.8,3664.2,13405.0,3727.0,1873.4
,,,,,,,,7653,2719.2,3437.8,11748.0,4132.6,5659.1,5730.3,3533.5,2524.2,3499.1,12699.0,3609.6,1781.8
,,,,,,,,7654,2634.4,3247.7,11183.2,3961.2,5477.3,5397.0,3350.8,2374.3,3271.4,12175.0,3443.6,1714.8
,,,,,,,,7655,2483.1,3173.2,10822.4,3748.9,5233.6,5246.8,3198.6,2293.3,3139.2,11573.1,3238.2,1630.6
,,,,,,,,7656,2445.7,3062.7,10504.6,3702.7,5038.4,5129.6,3065.2,2245.3,3094.6,11221.6,3206.4,1617.7
,,,,,,,,7657,2273.2,2814.4,9806.9,3425.9,4785.4,4725.9,2843.9,2095.2,2882.6,10416.3,2936.1,1479.3
,,,,,,,,7658,2147.3,2690.1,9109.6,3197.3,4469.8,4413.1,2711.7,1940.2,2701.2,9949.0,2799.0,1384.4
,,,,,,,,7659,2031.9,2567.1,8682.4,3045.6,4274.3,4262.8,2613.4,1877.9,2578.7,9513.6,2618.7,1315.0
,,,,,,,,7660,1993.8,2525.0,8405.4,3021.8,4118.3,4179.5,2540.7,1807.0,2549.9,9253.0,2622.2,1293.6
,,,,,,,,7661,2078.4,2635.6,8947.2,3138.3,4332.2,4294.2,2643.1,1921.5,2620.7,9511.4,2728.3,1357.3
,,,,,,,,7662,2308.8,2879.7,9745.5,3468.0,4792.9,4772.8,2914.8,2120.3,2868.2,10594.7,2955.5,1498.3
,,,,,,,,7663,2541.3,3223.0,10790.3,3854.9,5271.2,5325.3,3170.0,2339.4,3221.1,11742.6,3354.5,1659.5
,,,,,,,,7664,2709.8,3377.8,11702.9,4129.7,5675.1,5692.2,3503.6,2485.5,3466.5,12522.5,3611.7,1800.9
,,,,,,,,7665,2865.3,3547.0,11963.6,4250.0,5835.2,5793.8,3622.4,2570.6,3599.3,12873.7,3684.3,1823.1
,,,,,,,,7666,2810.3,3509.9,12052.1,4169.5,5794.9,5731.2,3527.1,2544.1,3530.1,12855.1,3599.4,1826.9
,,,,,,,,7667,2715.0,3356.6,11404.4,4042.3,5628.8,5554.9,3382.0,2467.8,3387.2,12314.5,3541.3,1745.6
,,,,,,,,7668,2582.1,3172.4,10920.8,3892.2,5266.6,5351.7,3268.2,2327.4,3268.5,11822.6,3320.5,1644.2
,,,,,,,,7669,2473.3,3101.8,10742.3,3746.6,5202.4,5224.1,3118.2,2250.3,3185.6,11450.4,3228.5,1637.1
,,,,,,,,7670,2444.0,3068.5,10502.0,3770.7,5101.0,5191.6,3161.7,2265.1,3171.7,11354.5,3252.0,1600.8
,,,,,,,,7671,2555.9,3141.2,10775.2,3809.9,5247.1,5241.8,3234.8,2273.1,3235.8,11634.8,3320.9,1638.5
,,,,,,,,7672,2637.5,3273.3,11215.6,3918.8,5497.4,5420.8,3337.6,2401.4,3379.5,12032.1,3471.4,1723.1
,,,,,,,,7673,2786.7,3457.6,11716.1,4189.0,5774.0,5812.9,3496.3,2502.1,3493.0,12856.2,3628.2,1781.0
,,,,,,,,7674,2931.2,3592.6,12178.5,4374.9,5952.3,6057.6,3654.8,2608.3,3631.6,13441.7,3793.9,1863.8
,,,,,,,,7675,2937.2,3699.0,12361.7,4402.6,6056.3,6042.7,3692.4,2672.3,3770.2,13686.9,3799.9,1895.6
,,,,,,,,7676,2935.8,3601.5,12441.2,4402.3,5931.4,5994.3,3674.9,2666.4,3643.7,13178.5,3731.0,1899.5
,,,,,,,,7677,2811.2,3458.8,11801.3,4151.8,5675.4,5801.4,3510.5,2514.0,3542.7,12852.6,3640.3,1808.1
,,,,,,,,7678,2637.1,3268.3,11070.8,3904.3,5412.5,5427.8,3322.5,2376.8,3292.8,12259.2,3392.0,1695.6
,,,,,,,,7679,2495.8,3201.2,10731.4,3746.7,5275.4,5254.3,3209.0,2328.4,3199.1,11505.8,3329.7,1649.0
,,,,,,,,7680,2493.0,3114.4,10453.6,3722.5,5095.9,5150.2,3156.3,2236.7,3077.5,11370.7,3164.0,1582.0
,,,,,,,,7681,2141.4,2678.9,9206.5,3198.9,4410.1,4408.6,2720.1,1951.2,2744.6,9787.9,2826.2,1399.2
,,,,,,,,7682,2029.9,2507.7,8723.8,3024.5,4172.1,4195.0,2577.8,1834.2,2589.1,9377.4,2611.2,1307.6
,,,,,,,,7683,1919.9,2377.0,8219.9,2901.1,3956.7,4045.1,2438.0,1766.9,2444.5,8953.0,2514.0,1237.6
,,,,,,,,7684,1916.5,2359.1,8010.9,2839.9,3956.7,3983.4,2370.1,1702.2,2366.3,8771.4,2468.1,1215.6
,,,,,,,,7685,1967.1,2443.7,8324.2,2984.7,4147.0,4143.0,2502.4,1781.2,2496.6,9136.7,2574.7,1284.0
,,,,,,,,7686,2143.1,2735.3,9279.5,3268.4,4542.3,4532.8,2740.8,1991.1,2748.0,10107.2,2781.4,1399.8
,,,,,,,,7687,2397.2,3043.5,10287.2,3638.8,4971.4,4975.9,3027.6,2172.4,3014.5,11114.7,3112.4,1572.1
,,,,,,,,7688,2599.2,3261.2,10903.3,3867.4,5314.7,5410.4,3264.1,2368.6,3260.9,12119.9,3377.6,1670.3
,,,,,,,,7689,2717.6,3348.5,11274.6,3977.8,5531.1,5519.1,3370.8,2429.9,3377.9,12405.0,3430.9,1717.8
,,,,,,,,7690,2618.2,3322.3,11358.9,3919.9,5453.7,5458.3,3371.8,2379.8,3372.1,12204.4,3457.1,1710.7
,,,,,,,,7691,2507.4,3170.1,10623.2,3837.8,5185.6,5259.2,3241.3,2340.1,3180.2,11612.1,3327.3,1622.4
,,,,,,,,7692,2438.4,3051.1,10180.1,3631.7,5032.9,4962.1,3054.1,2175.1,3073.7,11224.8,3157.6,1593.5
,,,,,,,,7693,2345.1,2908.3,10043.0,3572.7,4856.8,4814.7,2969.6,2139.0,2953.6,10757.1,3045.6,1518.9
,,,,,,,,7694,2374.7,2944.3,9839.1,3492.1,4851.1,4848.4,2960.2,2148.6,2985.2,10638.4,3020.2,1531.0
,,,,,,,,7695,2385.6,2972.0,10098.1,3608.4,4890.9,5012.6,3062.7,2165.4,3031.5,10985.5,3105.0,1561.9
,,,,,,,,7696,2493.4,3139.9,10551.7,3683.4,5186.9,5162.4,3147.2,2242.3,3170.5,11621.8,3188.9,1615.3
,,,,,,,,7697,2605.6,3292.6,11114.4,3874.9,5491.4,5460.0,3334.9,2378.7,3281.0,11905.3,3370.0,1687.2
,,,,,,,,7698,2714.7,3389.6,11627.8,4169.6,5741.2,5690.7,3470.4,2462.8,3434.8,12795.1,3512.6,1778.4
,,,,,,,,7699,2774.8,3508.0,11779.2,4230.3,5864.9,5699.9,3506.2,2536.5,3529.9,12879.5,3597.2,1790.1
,,,,,,,,7700,2720.4,3456.9,11758.0,4063.7,5670.7,5615.6,3480.7,2498.0,3487.9,12475.1,3531.8,1757.1
,,,,,,,,7701,2640.8,3256.2,11289.1,3920.2,5362.5,5412.3,3358.1,2395.0,3301.0,12244.3,3443.2,1705.4
,,,,,,,,7702,2489.8,3111.3,10717.9,3742.0,5160.1,5215.2,3188.5,2266.1,3143.6,11380.4,3264.8,1635.8
,,,,,,,,7703,2409.4,2964.6,10056.2,3592.5,4999.2,4923.9,3017.2,2158.9,3022.3,11091.9,3075.7,1571.0
,,,,,,,,7704,2296.1,2872.0,9989.1,3495.9,4797.1,4837.3,2952.0,2131.1,2932.5,10589.5,2992.6,1496.6
,,,,,,,,7705,2151.8,2706.3,9247.3,3248.4,4492.6,4533.3,2696.7,1999.7,2730.1,9936.2,2763.9,1423.4
,,,,,,,,7706,2053.5,2577.7,8796.1,3102.3,4215.4,4200.1,2597.6,1855.9,2569.3,9567.6,2666.4,1309.2
,,,,,,,,7707,1924.2,2402.6,8168.8,2888.6,4024.4,4019.6,2458.6,1742.7,2471.6,8942.9,2517.8,1240.1
,,,,,,,,7708,1914.3,2408.3,7980.4,2857.7,3903.5,3987.5,2391.4,1750.3,2437.9,8779.6,2447.1,1220.6
,,,,,,,,7709,1972.0,2502.2,8388.9,2986.3,4168.0,4094.7,2531.1,1817.4,2533.6,9191.2,2559.7,1302.7
,,,,,,,,7710,2179.9,2735.7,9305.5,3245.3,4575.0,4500.5,2726.7,2006.5,2735.3,9935.3,2805.9,1429.4
,,,,,,,,7711,2382.4,3030.3,10348.7,3666.9,5035.6,5078.3,3035.3,2224.5,3066.8,10984.7,3152.3,1557.4
,,,,,,,,7712,2603.9,3272.5,11071.3,3945.0,5403.2,5399.6,3310.7,2347.8,3337.8,12105.4,3413.9,1694.8
,,,,,,,,7713,2702.3,3354.9,11509.2,3993.6,5529.5,5544.2,3448.0,2462.7,3412.4,12503.6,3483.0,1769.6
,,,,,,,,7714,2669.2,3330.6,11146.7,3981.7,5513.8,5462.2,3389.6,2437.1,3332.4,12107.8,3437.0,1722.9
,,,,,,,,7715,2531.2,3160.5,10868.9,3777.9,5277.1,5278.6,3237.2,2337.4,3192.5,11791.8,3338.1,1661.8
,,,,,,,,7716,2413.7,3034.9,10461.2,3616.9,5068.0,4998.7,3053.2,2249.2,3063.2,11258.5,3114.3,1597.2
,,,,,,,,7717,2397.8,2998.4,10016.1,3538.1,4867.6,4894.6,2979.5,2136.5,3003.5,10939.7,3043.0,1546.7
,,,,,,,,7718,2321.5,2981.2,9885.2,3556.7,4898.1,4929.0,3010.5,2124.2,3015.0,10994.7,3078.9,1506.9
,,,,,,,,7719,2409.9,2978.6,10308.3,3613.9,5032.6,4959.8,3074.0,2185.2,3054.1,11091.7,3091.6,1538.8
,,,,,,,,7720,2484.4,3169.1,10727.1,3749.9,5198.4,5180.7,3169.2,2270.5,3140.0,11590.9,3279.3,1631.4
,,,,,,,,7721,2598.2,3325.3,11184.3,3934.2,5411.8,5479.3,3291.1,2367.3,3293.2,12146.4,3420.9,1694.9
,,,,,,,,7722,2716.6,3445.3,11649.1,4148.2,5782.3,5671.6,3483.1,2496.0,3446.5,12569.2,3539.8,1799.5
,,,,,,,,7723,2812.4,3551.0,11811.5,4236.4,5833.8,5851.1,3558.8,2572.0,3517.3,13088.7,3612.9,1835.2
,,,,,,,,7724,2778.1,3400.0,11829.4,4087.9,5706.1,5741.7,3515.1,2516.5,3446.0,12663.0,3598.9,1771.0
,,,,,,,,7725,2615.7,3305.6,11333.8,3932.7,5522.5,5512.3,3306.8,2391.9,3346.9,12108.7,3384.6,1724.3
,,,,,,,,7726,2489.7,3086.9,10663.3,3705.9,5202.1,5183.1,3137.6,2253.9,3187.9,11603.7,3271.0,1602.4
,,,,,,,,7727,2368.2,3030.0,10065.5,3547.0,4966.7,5034.3,3024.6,2194.6,2996.0,11133.4,3078.8,1547.3
,,,,,,,,7728,2316.9,2882.7,10035.0,3553.5,4911.6,4909.6,2944.4,2139.1,2955.6,10744.8,3047.0,1495.5
,,,,,,,,7729,2293.3,2883.1,9915.8,3474.1,4761.0,4742.8,2892.8,2122.0,2918.7,10709.3,3019.5,1514.4
,,,,,,,,7730,2171.2,2726.3,9366.9,3300.3,4603.1,4584.2,2774.5,1988.6,2803.9,10202.5,2872.4,1427.3
,,,,,,,,7731,2078.3,2620.6,8804.7,3094.7,4286.5,4343.2,2609.5,1878.4,2637.2,9525.3,2717.4,1352.8
,,,,,,,,7732,2038.2,2552.6,8608.3,3082.9,4228.1,4273.8,2598.9,1847.4,2555.4,9473.4,2632.3,1305.3
,,,,,,,,7733,2123.5,2693.5,9029.2,3175.1,4414.5,4351.7,2680.6,1927.7,2651.0,9704.9,2748.2,1392.6
,,,,,,,,7734,2351.0,2953.6,9867.2,3534.6,4880.9,4892.5,2952.4,2140.4,2951.6,10855.3,3008.6,1499.0
,,,,,,,,7735,2550.7,3222.3,11063.7,3864.4,5311.5,5307.9,3315.7,2374.9,3283.7,11866.8,3336.3,1675.4
,,,,,,,,7736,2788.4,3503.1,11852.3,4160.4,5853.3,5738.0,3575.5,2523.4,3538.0,12776.7,3611.8,1818.0
,,,,,,,,7737,2863.9,3547.0,12103.2,4252.1,5976.4,6053.6,3611.3,2605.4,3592.5,13350.9,3749.3,1872.6
,,,,,,,,7738,2864.6,3516.9,12200.2,4212.8,5898.6,5878.7,3572.8,2569.9,3567.1,13128.1,3685.3,1818.9
,,,,,,,,7739,2701.9,3453.9,11504.2,4128.0,5585.1,5605.8,3492.5,2513.6,3425.3,12484.8,3553.8,1788.2
,,,,,,,,7740,2632.8,3293.5,11113.0,3878.3,5426.6,5408.8,3327.1,2372.5,3275.0,12106.9,3325.3,1692.1
,,,,,,,,7741,2519.1,3205.3,10690.0,3818.2,5303.2,5292.5,3240.3,2276.7,3250.0,11535.3,3237.2,1635.5
,,,,,,,,7742,2520.1,3149.4,10564.0,3760.4,5249.8,5294.6,3160.1,2277.4,3201.4,11531.6,3265.9,1622.6
,,,,,,,,7743,2590.1,3188.7,10834.6,3907.0,5393.3,5393.4,3254.7,2359.1,3214.2,11983.9,3361.8,1665.5
,,,,,,,,7744,2705.5,3330.2,11478.7,4029.4,5478.0,5571.6,3339.9,2434.1,3350.8,12337.0,3448.3,1733.6
,,,,,,,,7745,2833.3,3563.6,12053.4,4221.6,5844.4,5771.6,3586.2,2584.6,3606.4,12924.5,3641.2,1820.6
,,,,,,,,7746,2944.0,3651.8,12596.8,4459.2,6095.1,6057.0,3764.6,2702.5,3714.8,13678.3,3848.1,1879.5
,,,,,,,,7747,2980.2,3782.6,12914.6,4466.4,6290.2,6228.6,3816.8,2764.1,3845.4,13714.9,3918.5,1932.8
,,,,,,,,7748,2986.3,3680.8,12525.5,4381.7,6193.1,6075.0,3679.9,2713.5,3774.3,13495.5,3789.6,1885.0
,,,,,,,,7749,2801.2,3518.3,11940.2,4174.3,5908.3,5768.6,3567.3,2560.2,3543.0,13086.1,3679.7,1822.0
,,,,,,,,7750,2693.1,3352.7,11383.6,4034.8,5514.9,5617.5,3390.4,2462.5,3390.6,12241.8,3491.0,1737.1
,,,,,,,,7751,2547.5,3182.2,10769.5,3796.5,5343.0,5339.1,3276.1,2311.8,3282.4,11872.3,3363.8,1649.7
,,,,,,,,7752,2493.0,3117.0,10743.7,3770.7,5211.2,5238.7,3129.8,2282.5,3125.4,11506.8,3228.9,1632.2
,,,,,,,,7753,2292.7,2861.9,9732.3,3448.4,4797.9,4853.6,2961.0,2123.3,2926.5,10819.7,3032.1,1499.9
,,,,,,,,7754,2201.1,2789.3,9292.0,3323.2,4608.3,4611.1,2755.0,1998.0,2789.8,10215.6,2834.7,1439.0
,,,,,,,,7755,2050.4,2568.0,8899.7,3075.1,4323.2,4264.0,2642.5,1917.5,2640.2,9500.8,2717.2,1333.5
,,,,,,,,7756,2039.6,2569.2,8662.0,3096.4,4307.1,4182.5,2584.0,1884.6,2585.9,9313.9,2614.8,1335.8
,,,,,,,,7757,2143.9,2675.4,9129.7,3179.2,4484.9,4474.2,2673.4,1970.8,2711.5,9802.8,2752.1,1375.5
,,,,,,,,7758,2356.3,2936.5,9899.0,3473.7,4852.8,4816.1,2973.3,2114.9,2926.3,10823.3,3015.1,1523.5
,,,,,,,,7759,2623.3,3202.9,11014.0,3851.3,5448.1,5442.8,3263.5,2336.7,3265.0,11808.0,3378.6,1662.5
,,,,,,,,7760,2812.9,3465.3,11878.3,4168.2,5837.7,5755.6,3552.4,2565.8,3521.8,12968.0,3590.3,1805.0
,,,,,,,,7761,2889.2,3565.1,12468.0,4345.1,5956.1,6087.4,3653.2,2648.2,3710.7,13430.1,3763.8,1872.5
,,,,,,,,7762,2887.4,3534.0,12018.4,4310.3,6006.1,5917.9,3609.4,2636.7,3581.1,13296.5,3671.4,1832.9
,,,,,,,,7763,2708.1,3454.4,11538.6,4062.9,5757.8,5672.9,3503.0,2512.2,3426.5,12514.8,3574.2,1757.9
,,,,,,,,7764,2648.0,3272.6,11043.3,3877.5,5354.7,5454.4,3272.1,2361.4,3282.2,11888.5,3381.7,1686.6
,,,,,,,,7765,2513.1,3148.0,10649.8,3841.6,5350.6,5356.1,3223.4,2290.7,3236.9,11738.4,3297.0,1651.2
,,,,,,,,7766,2515.8,3144.1,10615.9,3831.5,5247.0,5261.6,3194.4,2280.2,3247.3,11557.3,3236.3,1612.4
,,,,,,,,7767,2550.7,3189.0,10841.0,3862.0,5303.1,5406.9,3318.9,2335.4,3278.7,11905.4,3386.8,1681.4
,,,,,,,,7768,2725.5,3352.8,11491.6,3980.4,5667.7,5613.3,3452.4,2464.7,3359.8,12580.0,3427.0,1713.8
,,,,,,,,7769,2866.2,3530.7,11930.6,4253.8,5911.7,5830.4,3591.8,2545.6,3564.8,13167.5,3694.6,1803.0
,,,,,,,,7770,2919.7,3660.6,12394.7,4422.3,6125.1,6098.6,3731.4,2722.1,3728.6,13567.0,3825.3,1912.8
,,,,,,,,7771,3024.9,3726.5,12687.0,4469.9,6171.1,6278.1,3823.0,2728.4,3787.3,13833.3,3900.8,1917.0
,,,,,,,,7772,2972.8,3735.7,12608.5,4421.7,6196.7,6099.2,3753.0,2705.7,3724.5,13545.9,3768.8,1913.8
,,,,,,,,7773,2869.6,3504.9,12148.2,4187.7,5968.9,5831.0,3581.3,2549.2,3561.3,13164.7,3634.2,1836.3
,,,,,,,,7774,2685.7,3313.8,11341.6,4059.7,5622.8,5503.1,3441.8,2440.1,3445.7,12240.8,3526.3,1760.3
,,,,,,,,7775,2543.3,3237.9,10983.3,3896.2,5385.9,5394.8,3234.5,2322.2,3243.4,11707.9,3289.0,1647.7
,,,,,,,,7776,2495.4,3147.6,10754.5,3777.7,5264.4,5247.3,3214.4,2324.9,3149.2,11568.5,3258.7,1621.0
,,,,,,,,7777,2315.7,2939.6,10020.2,3553.6,4817.0,4847.5,2932.1,2152.6,2937.9,10701.8,3052.6,1494.7
,,,,,,,,7778,2187.5,2743.5,9399.0,3330.4,4560.8,4550.5,2827.5,2019.8,2766.8,10193.1,2868.9,1433.2
,,,,,,,,7779,2101.8,2649.9,8754.2,3102.9,4401.4,4296.1,2649.2,1879.5,2640.0,9723.1,2671.0,1352.4
,,,,,,,,7780,2045.7,2573.5,8736.1,3043.0,4258.1,4312.3,2612.6,1869.2,2582.8,9515.8,2612.1,1332.3
,,,,,,,,7781,2124.0,2649.1,9189.0,3216.2,4477.8,4476.4,2700.4,1954.0,2696.6,9947.9,2808.5,1382.8
,,,,,,,,7782,2375.3,2909.1,9914.0,3546.4,4910.0,4932.3,3007.9,2128.1,2978.8,10731.2,3048.4,1504.4
,,,,,,,,7783,2613.6,3282.8,10981.4,3869.4,5439.8,5380.4,3276.0,2397.5,3338.4,12140.6,3351.4,1678.3
,,,,,,,,7784,2848.3,3490.5,12024.2,4257.5,5875.0,5769.0,3559.6,2598.8,3598.4,13009.9,3649.6,1838.2
,,,,,,,,7785,2913.1,3639.5,12320.0,4412.6,6031.5,6000.4,3682.1,2690.7,3627.8,13358.1,3726.1,1855.6
,,,,,,,,7786,2909.9,3572.9,12263.3,4334.4,5965.6,5926.2,3617.2,2642.2,3681.0,13348.0,3655.5,1877.5
,,,,,,,,7787,2734.4,3439.9,11610.6,4156.4,5773.7,5739.3,3457.5,2499.1,3462.2,12669.6,3548.5,1780.3
,,,,,,,,7788,2596.3,3326.4,11265.3,4000.3,5477.1,5528.1,3359.5,2402.0,3358.7,12171.4,3347.9,1691.9
,,,,,,,,7789,2530.0,3180.3,10977.6,3842.0,5235.2,5259.7,3272.3,2315.3,3252.3,11818.0,3296.1,1623.8
,,,,,,,,7790,2556.4,3191.9,10785.0,3872.3,5262.4,5345.2,3190.0,2297.6,3203.2,11839.2,3305.2,1640.3
,,,,,,,,7791,2565.7,3251.2,11033.5,3917.1,5468.0,5421.7,3330.1,2357.7,3328.6,11853.6,3371.6,1697.0
,,,,,,,,7792,2682.3,3382.9,11354.4,4053.6,5541.5,5649.5,3392.2,2472.2,3387.0,12642.4,3459.6,1746.8
,,,,,,,,7793,2864.0,3517.1,12030.5,4246.4,5832.7,5852.6,3623.6,2628.8,3629.8,13088.9,3683.2,1841.8
,,,,,,,,7794,2965.2,3749.3,12474.3,4474.6,6238.1,6175.7,3805.6,2746.6,3785.8,13688.3,3867.5,1902.2
,,,,,,,,7795,3019.9,3776.2,13024.8,4582.9,6355.7,6211.7,3786.2,2778.4,3798.9,13953.1,3863.0,1970.5
,,,,,,,,7796,2970.4,3689.3,12587.8,4440.0,6174.2,6196.1,3730.8,2697.1,3725.3,13697.2,3886.1,1924.5
,,,,,,,,7797,2856.1,3538.2,12134.4,4304.2,5984.7,5895.3,3570.5,2616.1,3553.1,13072.9,3643.2,1832.7
,,,,,,,,7798,2701.6,3377.5,11356.4,4003.3,5575.5,5545.1,3423.1,2475.9,3448.3,12358.8,3449.1,1721.5
,,,,,,,,7799,2622.7,3199.6,10984.2,3931.6,5360.3,5358.6,3289.8,2393.3,3264.6,11829.4,3332.9,1676.5
,,,,,,,,7800,2487.8,3140.0,10809.1,3781.2,5173.6,5239.4,3207.3,2302.6,3170.7,11707.5,3234.9,1618.9
,,,,,,,,7801,2321.2,2899.4,10038.8,3550.3,4873.2,4858.0,2973.8,2158.8,2953.8,10744.1,3030.0,1527.0
,,,,,,,,7802,2210.3,2796.7,9469.6,3356.0,4600.3,4553.6,2773.8,1996.2,2851.4,10318.3,2857.6,1418.0
,,,,,,,,7803,2103.5,2606.5,8989.0,3195.5,4345.6,4349.6,2673.0,1905.5,2653.2,9754.9,2678.9,1334.7
,,,,,,,,7804,2089.9,2601.2,8690.3,3090.1,4273.7,4271.2,2636.6,1870.1,2604.1,9566.2,2688.5,1310.4
,,,,,,,,7805,2179.8,2668.3,9030.1,3228.8,4536.7,4547.3,2756.4,1948.9,2720.6,10066.2,2784.6,1398.3
,,,,,,,,7806,2334.0,2958.9,10090.0,3578.1,4988.7,4925.1,3017.0,2128.1,3006.8,10918.6,3010.8,1500.7
,,,,,,,,7807,2601.6,3266.5,11251.3,3867.8,5374.3,5436.5,3361.3,2376.5,3358.0,12000.7,3391.2,1682.9
,,,,,,,,7808,2866.9,3482.1,11835.6,4198.4,5897.2,5803.7,3560.1,2551.0,3608.1,13217.2,3645.9,1808.2
,,,,,,,,7809,2913.5,3640.7,12267.2,4398.9,6147.6,6119.9,3735.1,2697.1,3719.1,13397.6,3773.3,1896.4
,,,,,,,,7810,2859.7,3608.4,12340.1,4312.8,5942.1,6069.8,3646.6,2637.7,3613.2,13410.2,3742.9,1854.9
,,,,,,,,7811,2800.3,3407.7,11773.7,4092.6,5812.5,5784.0,3501.4,2558.1,3546.0,12711.2,3551.1,1768.1
,,,,,,,,7812,2610.6,3327.3,11306.5,3999.6,5496.6,5413.0,3378.6,2429.6,3361.6,12043.1,3397.1,1718.6
,,,,,,,,7813,2542.4,3209.3,10753.7,3821.8,5257.1,5374.2,3206.8,2360.9,3230.7,11824.4,3293.3,1654.2
,,,,,,,,7814,2565.7,3160.9,10854.1,3857.2,5276.8,5351.4,3261.6,2302.8,3232.4,11682.7,3290.2,1643.6
,,,,,,,,7815,2578.2,3277.7,11137.1,3953.2,5496.0,5395.1,3323.5,2357.5,3292.4,11891.2,3406.4,1677.5
,,,,,,,,7816,2708.0,3342.4,11485.3,4087.1,5687.1,5591.1,3450.9,2502.8,3395.5,12614.2,3466.9,1727.2
,,,,,,,,7817,2820.4,3539.9,12015.8,4312.6,5926.4,5906.3,3601.4,2616.9,3597.2,13096.1,3725.2,1838.7
,,,,,,,,7818,2970.4,3689.2,12635.0,4445.0,6160.6,6276.5,3837.0,2746.5,3742.5,13616.2,3860.3,1905.4
,,,,,,,,7819,2995.7,3759.2,12841.3,4544.9,6315.6,6378.9,3834.5,2763.5,3901.7,14157.8,3918.7,1930.9
,,,,,,,,7820,2958.0,3787.6,12777.3,4490.5,6170.3,6297.1,3804.8,2701.8,3816.2,13902.6,3894.9,1942.2
,,,,,,,,7821,2875.7,3526.2,12058.3,4244.4,5855.7,5855.7,3637.1,2598.5,3639.9,13035.4,3711.8,1867.7
,,,,,,,,7822,2691.1,3434.1,11410.2,4022.2,5632.4,5594.6,3457.2,2445.1,3474.3,12705.6,3509.0,1761.4
,,,,,,,,7823,2569.3,3224.2,11021.9,3896.8,5471.6,5333.9,3307.0,2381.5,3287.6,12145.1,3387.5,1688.3
,,,,,,,,7824,2533.3,3181.5,10756.8,3767.6,5316.6,5336.5,3238.9,2288.6,3240.4,11531.0,3263.1,1657.4
,,,,,,,,7825,2327.6,2931.4,9944.2,3540.0,4931.7,4880.1,3013.6,2174.5,2944.9,11028.2,2995.9,1502.7
,,,,,,,,7826,2215.1,2807.0,9372.1,3300.7,4665.9,4591.2,2823.0,2046.8,2814.5,10206.6,2852.4,1430.5
,,,,,,,,7827,2113.5,2648.5,9080.6,3198.5,4346.5,4324.0,2654.0,1945.2,2685.3,9778.7,2681.9,1340.2
,,,,,,,,7828,2102.5,2597.6,8787.1,3073.8,4254.4,4286.6,2654.8,1893.3,2611.9,9607.7,2659.1,1325.3
,,,,,,,,7829,2177.1,2691.0,9330.4,3255.1,4515.8,4550.5,2710.6,1984.0,2740.0,9913.0,2822.5,1395.7
,,,,,,,,7830,2390.0,2946.5,10097.1,3612.2,4889.8,4988.4,3040.6,2187.3,2993.3,10827.6,3042.4,1543.7
,,,,,,,,7831,2653.8,3261.7,11030.8,3956.1,5542.7,5485.5,3333.3,2419.4,3326.4,11995.4,3347.3,1709.5
,,,,,,,,7832,2850.7,3588.3,12096.0,4243.2,5914.2,5874.4,3583.7,2601.0,3586.4,13239.0,3681.8,1836.7
,,,,,,,,7833,2907.1,3647.8,12427.7,4361.4,6173.0,6043.1,3717.2,2665.6,3680.3,13587.0,3758.2,1884.2
,,,,,,,,7834,2918.1,3660.6,12230.2,4384.6,6076.2,5992.3,3648.5,2608.5,3653.2,13169.7,3680.1,1841.1
,,,,,,,,7835,2814.6,3508.6,11622.3,4208.2,5710.7,5723.5,3501.9,2540.1,3555.4,12876.0,3569.6,1777.3
,,,,,,,,7836,2645.7,3363.3,11109.8,3989.2,5459.9,5525.4,3315.6,2429.3,3361.5,12254.4,3456.6,1727.6
,,,,,,,,7837,2609.2,3258.0,10838.7,3912.9,5347.3,5419.5,3308.6,2357.0,3258.3,11965.5,3357.6,1654.6
,,,,,,,,7838,2551.2,3256.4,10778.2,3859.1,5258.8,5339.5,3241.0,2321.5,3270.5,11689.6,3336.3,1634.1
,,,,,,,,7839,2643.7,3293.0,11113.7,3873.2,5516.7,5402.6,3349.1,2424.3,3361.5,11980.3,3392.5,1702.0
,,,,,,,,7840,2754.1,3430.1,11432.8,4122.2,5726.0,5643.7,3472.9,2469.3,3418.0,12731.6,3526.4,1766.8
,,,,,,,,7841,2873.7,3546.5,12333.6,4247.4,6035.7,5980.2,3681.7,2608.1,3619.1,13262.9,3660.6,1857.5
,,,,,,,,7842,3015.2,3779.3,12899.7,4449.6,6172.6,6223.7,3780.2,2770.3,3781.0,13846.8,3895.3,1907.9
,,,,,,,,7843,3043.9,3857.6,12914.1,4606.8,6279.7,6339.3,3872.8,2818.2,3850.4,14290.4,3953.7,1954.8
,,,,,,,,7844,3020.7,3801.5,12756.4,4468.6,6220.3,6214.6,3766.3,2706.4,3806.4,13691.0,3862.6,1920.6
,,,,,,,,7845,2907.4,3576.8,12029.3,4325.0,6055.7,5883.2,3623.0,2605.0,3631.0,13373.7,3665.9,1855.4
,,,,,,,,7846,2691.4,3437.0,11624.8,4060.7,5621.6,5646.1,3501.4,2467.0,3451.7,12715.1,3546.4,1749.2
,,,,,,,,7847,2630.7,3311.7,11202.7,3916.3,5492.6,5437.6,3339.4,2402.9,3323.0,11931.1,3361.6,1669.1
,,,,,,,,7848,2559.2,3161.4,10670.1,3793.3,5355.1,5374.0,3205.9,2317.4,3196.5,11852.1,3300.2,1643.2
,,,,,,,,7849,2235.7,2780.6,9570.1,3380.9,4676.7,4568.8,2813.4,2034.2,2828.1,10307.2,2867.4,1427.1
,,,,,,,,7850,2121.1,2595.2,8970.1,3131.7,4420.5,4405.0,2656.0,1938.2,2656.3,9577.3,2717.8,1344.5
,,,,,,,,7851,2018.1,2455.7,8433.1,3013.3,4199.6,4145.6,2507.4,1813.2,2532.4,9135.9,2587.9,1277.1
,,,,,,,,7852,1942.7,2424.9,8192.7,2962.6,4089.6,4017.2,2476.3,1770.5,2464.3,9003.2,2499.6,1245.6
,,,,,,,,7853,2031.2,2591.5,8682.4,3066.7,4211.8,4317.5,2603.2,1866.6,2563.4,9449.2,2639.9,1317.8
,,,,,,,,7854,2217.8,2835.4,9574.2,3379.4,4670.4,4608.0,2805.5,2073.5,2886.8,10329.2,2883.0,1435.2
,,,,,,,,7855,2470.6,3091.1,10696.3,3695.8,5120.7,5123.8,3168.7,2282.7,3195.1,11580.0,3222.7,1602.5
,,,,,,,,7856,2662.3,3318.9,11298.3,3994.4,5504.9,5516.6,3355.8,2472.9,3410.3,12352.6,3454.4,1735.2
,,,,,,,,7857,2729.4,3420.0,11688.2,4095.0,5738.7,5723.5,3470.7,2503.3,3491.3,12905.7,3547.6,1795.6
,,,,,,,,7858,2749.8,3436.8,11603.9,4079.8,5664.9,5697.9,3425.7,2493.9,3491.2,12631.0,3473.3,1739.0
,,,,,,,,7859,2652.9,3269.8,11102.2,3887.6,5432.9,5508.7,3367.6,2363.5,3283.8,12074.5,3327.7,1702.2
,,,,,,,,7860,2521.5,3152.7,10711.6,3800.3,5163.6,5146.7,3223.7,2255.5,3161.4,11559.9,3256.2,1629.7
,,,,,,,,7861,2466.0,3073.9,10233.5,3690.5,5108.8,5071.8,3070.1,2247.1,3107.3,11235.2,3120.1,1547.9
,,,,,,,,7862,2451.6,3040.4,10452.2,3664.5,5043.5,5002.6,3052.2,2221.6,3033.8,11131.3,3111.1,1546.1
,,,,,,,,7863,2455.1,3053.2,10518.3,3725.9,5124.6,5176.9,3176.1,2237.9,3093.9,11480.6,3180.4,1603.2
,,,,,,,,7864,2600.0,3195.1,10902.8,3911.3,5328.7,5381.1,3284.5,2349.2,3250.7,12016.9,3334.3,1635.2
,,,,,,,,7865,2682.6,3352.4,11424.5,4021.0,5673.5,5668.8,3392.6,2478.1,3426.6,12556.2,3533.5,1760.4
,,,,,,,,7866,2838.3,3551.7,12183.1,4202.0,5884.8,5864.9,3575.8,2625.3,3542.1,13072.8,3693.1,1831.9
,,,,,,,,7867,2907.5,3612.3,12288.8,4300.8,5969.3,6033.1,3609.0,2593.4,3649.3,13247.4,3659.9,1850.2
,,,,,,,,7868,2794.6,3572.8,12038.3,4191.9,5866.5,5850.8,3541.6,2574.8,3592.1,13148.4,3635.7,1817.6
,,,,,,,,7869,2741.0,3426.8,11677.2,4027.1,5619.5,5583.9,3397.7,2460.9,3475.1,12478.6,3450.3,1739.2
,,,,,,,,7870,2586.4,3199.9,10974.6,3836.4,5308.6,5369.5,3221.0,2320.7,3312.5,11912.2,3275.1,1668.0
,,,,,,,,7871,2439.7,3111.9,10465.6,3735.9,5090.7,5148.6,3164.2,2271.2,3100.1,11511.0,3199.0,1598.5
,,,,,,,,7872,2391.2,2986.7,10215.7,3623.7,4941.4,5017.1,3054.0,2185.3,3082.8,11114.8,3103.4,1555.5
,,,,,,,,7873,2221.0,2806.7,9442.7,3323.1,4585.7,4649.9,2870.5,2016.9,2818.8,10242.1,2890.0,1415.7
,,,,,,,,7874,2113.8,2625.3,9005.9,3165.9,4350.7,4425.1,2688.4,1942.1,2682.4,9903.2,2712.2,1353.8
,,,,,,,,7875,2024.9,2492.6,8574.8,3026.7,4115.9,4138.5,2572.6,1805.5,2511.2,9170.9,2567.8,1279.6
,,,,,,,,7876,1982.6,2471.7,8430.3,2981.8,4055.6,4062.8,2519.5,1773.3,2491.6,9127.2,2523.0,1273.1
,,,,,,,,7877,2052.0,2551.8,8825.6,3066.6,4338.1,4252.4,2569.6,1854.9,2576.7,9617.5,2661.9,1299.9
,,,,,,,,7878,2256.3,2827.0,9676.5,3409.4,4673.9,4677.0,2851.0,2073.3,2843.8,10501.9,2924.3,1446.6
,,,,,,,,7879,2510.1,3090.1,10562.9,3777.3,5153.0,5182.4,3153.1,2268.6,3166.4,11591.7,3181.6,1590.0
,,,,,,,,7880,2680.0,3367.5,11295.2,4011.7,5589.5,5540.6,3434.2,2464.3,3434.5,12299.2,3503.6,1734.6
,,,,,,,,7881,2805.4,3513.9,11950.2,4167.3,5868.0,5734.0,3570.6,2525.4,3481.7,12822.7,3580.4,1793.6
,,,,,,,,7882,2750.8,3462.8,11505.5,4153.7,5772.5,5642.2,3525.2,2543.8,3440.1,12830.6,3568.3,1779.8
,,,,,,,,7883,2657.0,3295.2,11067.7,3917.9,5536.0,5523.9,3387.2,2388.7,3328.1,12279.9,3336.0,1694.1
,,,,,,,,7884,2479.6,3179.1,10806.9,3811.8,5266.2,5280.3,3195.4,2278.5,3233.2,11573.6,3222.7,1603.1
,,,,,,,,7885,2455.1,3083.1,10416.9,3683.8,5097.1,5066.9,3113.6,2252.8,3131.6,11331.4,3119.3,1573.5
,,,,,,,,7886,2459.9,3063.2,10495.0,3680.2,5106.1,5057.7,3085.6,2213.6,3122.5,11360.5,3115.2,1538.4
,,,,,,,,7887,2501.9,3103.9,10532.5,3697.4,5167.5,5154.8,3107.3,2277.2,3121.3,11345.1,3208.5,1611.8
,,,,,,,,7888,2612.8,3235.9,11016.8,3925.3,5311.2,5371.9,3298.5,2376.0,3315.4,11796.4,3307.5,1646.1
,,,,,,,,7889,2742.3,3363.1,11553.3,4137.3,5713.2,5748.7,3458.3,2475.5,3497.1,12646.1,3486.2,1759.8
,,,,,,,,7890,2856.4,3598.5,12226.2,4313.9,5912.9,5865.4,3579.0,2608.7,3606.9,13030.1,3655.3,1837.2
,,,,,,,,7891,2923.7,3647.6,12489.8,4404.4,6013.7,5969.8,3641.1,2611.4,3622.4,13423.3,3691.9,1839.6
,,,,,,,,7892,2813.8,3509.7,12114.4,4318.7,5846.5,5916.6,3636.5,2596.9,3561.6,13175.2,3646.6,1831.1
,,,,,,,,7893,2715.9,3434.4,11626.9,4144.9,5601.7,5700.1,3500.7,2513.1,3452.8,12581.0,3488.2,1758.8
,,,,,,,,7894,2593.5,3207.6,11037.4,3883.2,5364.7,5387.3,3295.2,2351.2,3266.8,12008.1,3312.4,1639.5
,,,,,,,,7895,2480.1,3132.4,10464.7,3759.1,5163.7,5139.7,3113.3,2257.1,3145.6,11402.2,3180.0,1606.9
,,,,,,,,7896,2414.3,3046.6,10387.3,3637.7,5063.7,4983.4,3082.0,2194.8,3080.4,11279.5,3078.6,1535.4
,,,,,,,,7897,2406.9,2953.3,10131.8,3550.5,4991.2,5014.9,3035.8,2150.5,3029.2,11184.9,3016.7,1541.7
,,,,,,,,7898,2243.8,2795.9,9518.1,3428.2,4718.9,4770.6,2893.4,2074.9,2846.6,10369.1,2884.0,1429.6
,,,,,,,,7899,2148.1,2646.9,8967.5,3203.7,4450.3,4498.5,2750.8,1939.4,2705.9,9805.9,2729.4,1381.5
,,,,,,,,7900,2117.1,2625.5,8876.2,3190.8,4386.2,4346.0,2648.9,1946.9,2670.1,9687.7,2667.6,1350.2
,,,,,,,,7901,2208.1,2762.0,9306.3,3295.1,4600.6,4562.0,2802.5,2018.6,2792.7,10108.2,2795.4,1418.3
,,,,,,,,7902,2394.8,3005.8,10332.7,3567.9,5015.5,5018.9,3048.2,2171.6,3047.6,11063.1,3111.8,1549.9
,,,,,,,,7903,2637.0,3351.3,11168.8,4017.0,5574.3,5527.9,3394.9,2406.8,3354.2,12478.0,3390.2,1708.2
,,,,,,,,7904,2873.0,3559.8,12397.1,4279.4,5998.6,5934.5,3701.8,2621.1,3623.8,13234.5,3687.5,1843.1
,,,,,,,,7905,2990.0,3731.0,12815.3,4415.1,6127.6,6108.1,3749.7,2742.5,3742.7,13738.3,3826.1,1927.2
,,,,,,,,7906,2956.5,3644.9,12568.2,4422.5,6192.8,6085.7,3711.4,2664.2,3770.1,13679.6,3760.4,1887.2
,,,,,,,,7907,2799.2,3503.6,11816.2,4265.5,5872.2,5932.7,3550.1,2535.4,3570.4,13079.3,3562.7,1779.0
,,,,,,,,7908,2667.0,3399.8,11568.4,4077.7,5633.4,5609.4,3455.2,2425.5,3412.0,12359.1,3446.1,1709.6
,,,,,,,,7909,2621.7,3270.6,11109.3,3888.2,5438.9,5420.6,3310.5,2376.6,3305.2,11992.5,3361.2,1671.4
,,,,,,,,7910,2630.7,3278.2,11069.5,3868.7,5348.3,5405.4,3349.6,2383.7,3348.7,11997.1,3379.2,1686.5
,,,,,,,,7911,2662.7,3275.3,11202.0,3952.2,5481.9,5537.0,3368.7,2442.1,3378.6,12328.8,3419.7,1695.8
,,,,,,,,7912,2803.9,3453.8,11640.9,4092.4,5787.7,5772.6,3534.2,2514.9,3547.1,12647.2,3524.2,1746.8
,,,,,,,,7913,2913.6,3664.2,12353.0,4301.3,6106.5,6113.5,3693.8,2652.2,3694.6,13277.9,3693.8,1873.5
,,,,,,,,7914,3048.4,3762.2,12891.6,4600.4,6301.7,6386.5,3914.4,2817.1,3890.2,14061.1,3925.7,1953.4
,,,,,,,,7915,3087.0,3890.8,13126.2,4601.2,6391.9,6384.9,3900.6,2801.1,3929.4,14097.9,4008.9,1973.3
,,,,,,,,7916,3054.2,3778.7,12811.8,4567.6,6337.0,6287.4,3814.0,2773.8,3832.0,13848.3,3893.9,1967.7
,,,,,,,,7917,2889.6,3674.0,12338.3,4377.0,6113.9,6123.5,3686.9,2684.3,3679.1,13358.0,3684.3,1889.3
,,,,,,,,7918,2798.1,3457.1,11803.3,4093.2,5759.7,5682.5,3480.0,2550.4,3552.1,12599.4,3574.3,1757.6
,,,,,,,,7919,2675.4,3348.6,11108.3,3971.6,5537.5,5576.3,3340.2,2391.3,3396.6,12347.7,3431.7,1712.0
,,,,,,,,7920,2553.5,3195.3,11025.4,3886.1,5338.8,5349.0,3296.0,2357.9,3263.4,11878.5,3340.3,1649.7
,,,,,,,,7921,2432.3,2973.0,10059.6,3628.7,5060.9,5013.5,3007.4,2224.7,3078.6,10990.9,3071.7,1514.7
,,,,,,,,7922,2257.3,2799.7,9633.0,3379.7,4676.4,4677.6,2871.0,2097.8,2867.0,10511.5,2925.1,1430.9
,,,,,,,,7923,2116.2,2687.4,9131.8,3262.1,4513.8,4426.3,2763.4,1977.5,2747.0,9815.6,2740.2,1364.9
,,,,,,,,7924,2123.6,2601.3,8969.0,3132.3,4408.0,4392.4,2712.9,1912.9,2653.6,9792.9,2713.5,1339.6
,,,,,,,,7925,2209.2,2758.6,9277.7,3332.2,4538.1,4624.8,2822.3,2026.4,2814.7,10261.5,2824.3,1414.2
,,,,,,,,7926,2423.6,3012.9,10179.5,3647.4,5070.9,5015.3,3112.4,2242.4,3061.4,11225.8,3101.6,1550.4
,,,,,,,,7927,2689.6,3334.5,11376.4,3975.1,5548.4,5595.2,3413.3,2449.2,3425.2,12343.8,3410.4,1736.1
,,,,,,,,7928,2933.5,3565.6,12435.0,4290.8,6021.2,5931.4,3698.0,2640.5,3709.4,13370.4,3651.5,1867.5
,,,,,,,,7929,2984.6,3739.1,12637.0,4526.1,6248.1,6299.6,3820.3,2748.4,3813.3,13950.3,3762.7,1886.5
,,,,,,,,7930,2912.1,3631.7,12487.3,4485.8,6177.5,6114.4,3699.0,2673.3,3723.9,13778.9,3726.9,1859.8
,,,,,,,,7931,2855.2,3487.6,12123.5,4255.6,5825.8,5916.9,3629.6,2612.1,3547.7,12947.7,3622.0,1813.4
,,,,,,,,7932,2700.7,3362.4,11364.2,4038.6,5564.6,5631.5,3417.8,2499.8,3477.9,12620.2,3442.2,1700.2
,,,,,,,,7933,2655.3,3303.2,11304.0,3995.4,5507.0,5431.3,3350.5,2433.3,3367.1,12044.4,3312.1,1661.1
,,,,,,,,7934,2649.4,3266.6,11176.9,3920.3,5404.5,5430.7,3296.5,2373.5,3354.1,12238.3,3361.6,1694.8
,,,,,,,,7935,2686.3,3309.6,11490.1,3999.9,5599.5,5486.7,3383.0,2463.4,3356.7,12477.4,3419.2,1683.8
,,,,,,,,7936,2784.1,3459.7,11783.0,4166.8,5793.9,5701.2,3509.3,2517.9,3491.9,12849.3,3515.2,1783.1
,,,,,,,,7937,2892.2,3613.6,12479.8,4386.8,6169.5,6071.7,3735.7,2689.9,3693.5,13367.4,3770.7,1854.9
,,,,,,,,7938,3009.6,3842.7,13024.4,4516.6,6358.0,6408.4,3832.8,2755.0,3908.3,13951.5,3919.0,1927.2
,,,,,,,,7939,3068.9,3841.7,13343.3,4682.8,6390.9,6387.4,3943.1,2800.0,3905.0,14154.5,3992.5,1970.9
,,,,,,,,7940,3035.7,3822.9,12842.4,4603.5,6295.6,6311.0,3868.4,2774.0,3866.2,14105.0,3846.3,1928.4
,,,,,,,,7941,2897.9,3689.5,12346.1,4365.8,6004.5,6166.7,3751.2,2661.9,3666.5,13389.2,3761.6,1859.6
,,,,,,,,7942,2772.4,3474.6,11749.2,4146.4,5842.9,5696.5,3500.6,2546.3,3480.1,12825.9,3545.6,1771.5
,,,,,,,,7943,2672.1,3333.2,11293.8,3981.0,5461.3,5460.5,3408.2,2407.3,3400.7,12110.6,3450.4,1701.0
,,,,,,,,7944,2556.0,3284.4,11037.6,3903.6,5329.9,5374.8,3243.3,2371.0,3284.3,11817.0,3346.8,1657.2
,,,,,,,,7945,2422.4,3048.8,10141.2,3620.3,5017.1,5041.9,3045.5,2192.3,3099.1,11170.2,3105.1,1539.0
,,,,,,,,7946,2275.4,2854.1,9624.9,3423.3,4698.2,4766.0,2873.8,2109.7,2877.8,10657.7,2922.2,1437.5
,,,,,,,,7947,2165.6,2736.5,9177.9,3214.4,4501.5,4462.0,2733.8,1956.5,2709.4,9838.1,2750.3,1372.8
,,,,,,,,7948,2133.5,2660.2,9117.4,3224.3,4404.4,4404.4,2656.0,1914.6,2650.8,9794.7,2691.4,1351.1
,,,,,,,,7949,2215.6,2726.5,9290.0,3333.2,4651.9,4619.1,2799.6,2017.5,2798.0,10313.2,2791.6,1417.2
,,,,,,,,7950,2456.9,3034.7,10315.9,3650.0,5064.0,5048.6,3107.7,2212.1,3116.9,11153.3,3073.3,1531.6
,,,,,,,,7951,2678.3,3366.9,11263.1,4010.9,5542.9,5639.9,3446.5,2439.9,3379.5,12591.2,3438.8,1740.2
,,,,,,,,7952,2882.6,3606.9,12288.3,4370.9,5966.4,5981.2,3632.7,2644.7,3734.2,13291.8,3685.3,1843.8
,,,,,,,,7953,3035.4,3765.6,12644.8,4487.0,6205.5,6159.3,3816.8,2730.1,3827.3,13978.7,3783.5,1923.8
,,,,,,,,7954,2957.6,3661.8,12690.1,4488.1,6177.3,6170.1,3738.1,2727.7,3752.9,13877.0,3775.0,1877.5
,,,,,,,,7955,2851.0,3548.7,12098.1,4285.1,5915.1,5941.7,3558.8,2580.5,3588.6,13114.9,3658.9,1815.3
,,,,,,,,7956,2723.6,3380.3,11373.6,4081.9,5725.9,5574.0,3466.9,2452.9,3422.7,12593.9,3436.2,1710.2
,,,,,,,,7957,2624.7,3328.8,11335.5,4012.0,5463.8,5428.3,3328.3,2374.7,3344.8,12030.0,3373.9,1665.0
,,,,,,,,7958,2661.2,3317.7,10989.7,3993.4,5475.4,5399.6,3330.0,2364.3,3361.3,11986.8,3337.8,1693.9
,,,,,,,,7959,2662.8,3365.8,11260.8,4048.4,5615.8,5652.1,3392.7,2422.6,3432.1,12342.0,3439.9,1685.6
,,,,,,,,7960,2774.4,3434.2,11996.8,4234.1,5730.9,5884.5,3584.4,2585.5,3590.3,13076.8,3550.5,1793.3
,,,,,,,,7961,2935.5,3701.3,12657.8,4411.6,6138.0,6022.9,3765.4,2709.2,3735.5,13748.8,3798.0,1847.8
,,,,,,,,7962,3108.4,3880.1,12866.5,4569.7,6424.9,6450.5,3862.7,2789.9,3925.3,14219.5,3947.7,1965.3
,,,,,,,,7963,3084.2,3886.1,13397.7,4669.0,6451.7,6474.9,3980.6,2813.3,3973.6,14583.7,3993.6,2001.0
,,,,,,,,7964,3026.8,3805.2,12930.1,4589.4,6475.9,6357.9,3937.3,2785.6,3878.9,14313.5,3968.1,1935.3
,,,,,,,,7965,2976.4,3618.1,12553.1,4431.5,6126.1,6164.0,3682.7,2680.9,3752.6,13732.7,3768.1,1897.9
,,,,,,,,7966,2829.0,3469.4,11814.1,4172.8,5790.0,5859.8,3579.5,2541.1,3539.6,12840.2,3515.1,1773.9
,,,,,,,,7967,2708.1,3315.4,11241.7,4050.3,5588.9,5521.2,3429.8,2423.0,3443.0,12471.1,3441.6,1727.2
,,,,,,,,7968,2582.7,3231.7,11232.9,3909.2,5430.4,5478.3,3319.2,2346.2,3292.7,11957.2,3307.6,1680.0
,,,,,,,,7969,2390.1,3016.4,10365.8,3614.9,5069.0,5049.4,3097.4,2210.0,3078.4,11210.4,3123.2,1563.9
,,,,,,,,7970,2284.1,2857.7,9772.9,3420.1,4828.7,4813.0,2928.5,2063.7,2892.1,10559.3,2916.9,1460.9
,,,,,,,,7971,2195.7,2731.3,9180.0,3265.1,4550.2,4492.1,2769.6,1963.6,2759.0,10090.8,2739.7,1396.2
,,,,,,,,7972,2099.4,2656.5,9157.2,3171.3,4449.9,4422.3,2727.9,1958.9,2681.2,9880.6,2728.1,1362.0
,,,,,,,,7973,2193.2,2760.1,9545.9,3314.1,4663.1,4666.5,2847.2,2039.8,2796.5,10311.8,2857.6,1427.1
,,,,,,,,7974,2404.7,3035.2,10399.6,3630.2,5153.8,5068.9,3110.5,2257.6,3058.6,11350.6,3067.4,1558.4
,,,,,,,,7975,2708.1,3356.2,11459.8,4017.7,5671.7,5658.0,3453.6,2472.9,3469.5,12639.1,3399.9,1728.5
,,,,,,,,7976,2878.1,3644.3,12392.2,4374.1,6147.6,6043.8,3694.0,2650.2,3724.3,13608.2,3768.8,1852.4
,,,,,,,,7977,3054.0,3802.9,12961.1,4450.1,6275.1,6334.8,3797.3,2733.3,3862.5,13857.3,3814.1,1937.5
,,,,,,,,7978,3015.6,3737.9,12515.2,4522.5,6244.5,6165.2,3722.1,2741.1,3766.8,13700.9,3806.7,1908.2
,,,,,,,,7979,2820.3,3519.5,11955.7,4322.0,5936.3,5963.8,3622.8,2594.3,3670.2,13106.7,3662.0,1815.2
,,,,,,,,7980,2713.2,3365.3,11742.6,4024.9,5676.3,5668.0,3465.1,2502.0,3467.8,12450.4,3440.8,1719.4
,,,,,,,,7981,2648.3,3304.3,11339.3,3997.5,5589.3,5504.0,3320.1,2448.9,3332.9,12327.3,3347.2,1680.4
,,,,,,,,7982,2605.1,3274.4,11110.3,3978.0,5458.5,5535.5,3358.3,2383.6,3393.5,12126.5,3405.0,1681.2
,,,,,,,,7983,2685.6,3390.2,11507.9,4017.8,5614.7,5666.0,3390.7,2435.6,3416.1,12310.5,3468.0,1717.7
,,,,,,,,7984,2776.9,3477.4,11861.4,4231.7,5758.9,5770.9,3594.4,2549.5,3527.8,12800.9,3583.1,1785.1
,,,,,,,,7985,2957.2,3726.8,12627.1,4440.3,6048.4,6169.1,3706.5,2710.8,3705.8,13746.3,3780.8,1884.6
,,,,,,,,7986,3080.5,3871.7,12984.2,4598.2,6448.4,6361.8,3866.0,2799.8,3858.5,14092.9,3884.1,1963.7
,,,,,,,,7987,3116.0,3862.9,13195.5,4671.0,6560.3,6429.5,4017.7,2827.5,4024.1,14320.9,4029.5,2010.8
,,,,,,,,7988,3071.7,3893.2,13266.9,4642.6,6348.4,6372.1,3911.1,2837.6,3863.2,14035.8,3868.4,1962.7
,,,,,,,,7989,2927.2,3682.1,12498.5,4442.1,6169.7,6219.0,3715.5,2675.4,3738.1,13704.2,3797.6,1887.2
,,,,,,,,7990,2828.8,3448.1,11903.7,4226.8,5841.7,5809.7,3508.9,2589.4,3526.2,12897.0,3543.9,1774.3
,,,,,,,,7991,2667.4,3345.9,11474.4,4058.9,5618.7,5571.4,3363.9,2460.1,3382.2,12524.0,3453.6,1697.5
,,,,,,,,7992,2579.6,3290.4,11180.8,3949.9,5479.5,5468.0,3322.6,2373.5,3365.1,12252.4,3346.8,1657.5
,,,,,,,,7993,2434.1,2996.2,10265.9,3660.6,5061.2,5087.5,3070.9,2192.8,3042.6,11129.1,3095.9,1530.7
,,,,,,,,7994,2292.0,2853.1,9699.2,3464.3,4729.3,4767.2,2931.7,2107.5,2894.7,10478.7,2893.8,1444.4
,,,,,,,,7995,2149.0,2689.0,9265.8,3282.5,4569.4,4490.6,2784.4,1981.7,2759.7,10072.3,2734.8,1399.8
,,,,,,,,7996,2149.9,2679.1,9004.8,3244.2,4482.8,4382.8,2690.3,1924.1,2709.9,9789.5,2710.6,1340.8
,,,,,,,,7997,2245.3,2806.7,9452.4,3382.4,4655.5,4669.7,2836.7,2057.8,2860.8,10288.7,2841.5,1432.2
,,,,,,,,7998,2482.1,3042.6,10528.5,3715.3,5159.6,5173.0,3146.5,2263.1,3116.3,11406.0,3099.7,1570.2
,,,,,,,,7999,2715.7,3394.3,11535.0,4032.3,5659.0,5709.2,3443.2,2486.0,3443.7,12437.0,3403.2,1724.4
,,,,,,,,8000,2947.8,3606.4,12298.4,4372.4,6038.9,6111.3,3727.7,2680.5,3675.0,13399.5,3756.4,1857.4
,,,,,,,,8001,3001.7,3776.9,12903.0,4511.4,6335.2,6308.8,3800.1,2749.3,3859.4,14152.7,3829.0,1943.4
,,,,,,,,8002,2985.1,3680.9,12735.5,4455.5,6264.5,6236.0,3739.1,2699.7,3768.6,13910.8,3776.3,1889.8
,,,,,,,,8003,2865.0,3550.7,12281.7,4343.3,5966.6,5877.3,3642.4,2598.7,3608.2,13385.7,3587.7,1807.2
,,,,,,,,8004,2748.0,3371.9,11648.0,4063.5,5665.9,5768.6,3423.7,2537.6,3456.6,12798.9,3440.2,1750.7
,,,,,,,,8005,2637.2,3342.0,11240.3,3939.9,5570.8,5551.7,3333.3,2420.9,3406.5,12449.6,3410.6,1671.9
,,,,,,,,8006,2641.9,3264.9,11216.2,3959.9,5594.2,5533.4,3391.8,2384.5,3393.3,12406.3,3416.3,1661.9
,,,,,,,,8007,2660.4,3404.9,11541.6,4072.9,5608.1,5648.5,3390.0,2458.0,3442.7,12340.5,3410.2,1726.9
,,,,,,,,8008,2780.2,3556.2,11906.1,4224.3,5903.8,5803.7,3572.2,2582.7,3606.5,13189.8,3586.8,1770.1
,,,,,,,,8009,2929.3,3711.8,12613.5,4434.6,6111.4,6185.1,3726.6,2701.5,3737.9,13574.3,3772.6,1901.7
,,,,,,,,8010,3078.1,3830.1,13311.0,4573.8,6359.8,6423.0,3964.2,2862.7,3962.0,14489.8,3895.0,1945.7
,,,,,,,,8011,3161.6,3983.4,13211.7,4709.2,6469.6,6526.3,4026.7,2916.2,4012.8,14740.6,4015.2,1984.6
,,,,,,,,8012,3107.5,3875.8,13260.8,4681.2,6417.8,6460.7,3917.4,2860.0,3897.5,14264.1,3925.8,1989.9
,,,,,,,,8013,2933.9,3755.1,12638.0,4376.8,6088.7,6158.1,3748.4,2707.5,3812.7,13818.8,3759.9,1875.9
,,,,,,,,8014,2785.5,3512.2,11889.5,4192.2,5834.6,5789.1,3531.2,2598.8,3543.8,13039.4,3572.4,1803.3
,,,,,,,,8015,2730.5,3372.9,11585.0,4079.1,5548.2,5570.9,3407.0,2452.5,3448.2,12571.5,3438.4,1713.3
,,,,,,,,8016,2629.5,3314.1,11164.2,3983.9,5520.6,5547.3,3359.6,2420.0,3356.7,12049.2,3377.7,1657.0
,,,,,,,,8017,2298.6,2854.0,9694.4,3392.3,4774.6,4717.6,2933.0,2092.3,2945.7,10522.1,2922.4,1444.8
,,,,,,,,8018,2152.2,2691.8,9253.3,3257.9,4569.3,4491.1,2761.0,1987.9,2782.5,9948.6,2732.2,1363.4
,,,,,,,,8019,2082.5,2604.0,8771.9,3114.9,4265.6,4284.0,2569.7,1859.5,2603.7,9388.3,2622.2,1316.3
,,,,,,,,8020,2012.6,2514.5,8664.4,3012.9,4258.7,4251.8,2562.1,1855.7,2579.3,9413.7,2564.0,1268.4
,,,,,,,,8021,2080.7,2668.6,9020.5,3171.5,4385.4,4379.0,2715.1,1946.4,2672.6,9741.7,2690.9,1338.5
,,,,,,,,8022,2286.3,2848.1,9780.9,3426.9,4842.9,4757.2,2913.6,2107.6,2929.8,10764.4,2981.0,1485.9
,,,,,,,,8023,2579.4,3204.5,10818.3,3792.4,5378.4,5278.0,3278.1,2369.0,3242.3,11882.9,3260.0,1612.7
,,,,,,,,8024,2770.6,3475.5,11599.5,4088.7,5786.1,5713.7,3544.2,2496.2,3520.0,12659.6,3523.4,1754.4
,,,,,,,,8025,2837.2,3545.9,12071.5,4307.2,5902.5,5952.0,3673.2,2611.6,3646.9,13217.4,3666.3,1825.0
,,,,,,,,8026,2844.3,3481.6,11860.6,4261.0,5808.5,5876.3,3528.9,2608.2,3529.1,12991.5,3590.0,1785.3
,,,,,,,,8027,2667.3,3357.8,11615.1,4107.5,5709.0,5653.9,3384.7,2465.8,3444.0,12396.1,3462.4,1710.7
,,,,,,,,8028,2543.4,3215.2,10906.3,3835.2,5346.6,5335.1,3307.3,2390.5,3274.9,11789.7,3249.1,1645.3
,,,,,,,,8029,2481.3,3123.9,10538.7,3784.7,5187.7,5195.4,3162.4,2304.0,3184.5,11447.9,3227.1,1583.6
,,,,,,,,8030,2497.1,3150.6,10495.5,3771.5,5223.1,5205.6,3162.0,2269.4,3163.4,11591.0,3218.7,1567.2
,,,,,,,,8031,2535.9,3211.1,10892.1,3765.8,5296.9,5318.0,3207.2,2315.5,3206.5,11759.8,3259.5,1617.2
,,,,,,,,8032,2673.6,3284.5,11116.0,3994.9,5608.4,5467.8,3343.8,2406.7,3381.8,12366.6,3395.7,1676.5
,,,,,,,,8033,2799.6,3466.5,11844.3,4219.2,5780.4,5741.0,3589.8,2545.1,3600.6,13079.9,3565.4,1781.6
,,,,,,,,8034,2898.7,3619.3,12489.3,4412.2,6103.9,6044.5,3681.9,2700.7,3673.9,13537.0,3705.0,1868.6
,,,,,,,,8035,2999.9,3737.6,12736.6,4411.0,6222.0,6257.2,3736.7,2711.5,3795.7,13872.4,3767.2,1880.2
,,,,,,,,8036,2918.6,3596.3,12570.5,4423.7,6082.1,6019.9,3708.8,2641.8,3761.6,13593.4,3696.1,1829.0
,,,,,,,,8037,2796.5,3472.9,11961.4,4130.2,5801.8,5766.1,3500.1,2584.9,3521.1,12985.1,3553.8,1801.6
,,,,,,,,8038,2613.4,3361.6,11287.9,3947.1,5534.6,5581.9,3382.0,2411.2,3361.2,12363.1,3370.0,1677.7
,,,,,,,,8039,2551.3,3148.5,10908.1,3779.2,5238.1,5351.7,3225.3,2345.4,3246.2,11590.7,3222.1,1593.3
,,,,,,,,8040,2473.3,3088.9,10431.4,3770.5,5135.9,5181.6,3110.5,2250.1,3146.8,11399.5,3110.8,1580.6
,,,,,,,,8041,2277.0,2837.4,9706.3,3501.7,4770.7,4802.9,2909.8,2077.0,2927.7,10742.9,2901.0,1450.5
,,,,,,,,8042,2163.1,2701.4,9128.2,3266.6,4535.5,4476.7,2773.8,1982.1,2733.6,10098.2,2735.1,1385.6
,,,,,,,,8043,2088.7,2545.7,8695.2,3096.3,4313.5,4275.4,2633.1,1895.9,2616.9,9531.7,2610.7,1305.4
,,,,,,,,8044,2024.3,2531.8,8686.0,3041.0,4161.4,4222.5,2563.9,1829.7,2591.8,9360.8,2580.1,1298.5
,,,,,,,,8045,2093.6,2658.5,9105.3,3186.6,4397.0,4399.1,2669.6,1913.5,2652.3,9670.0,2654.1,1333.9
,,,,,,,,8046,2328.1,2901.4,9777.7,3506.7,4845.7,4902.8,2979.2,2125.0,2911.1,10745.7,2920.1,1470.3
,,,,,,,,8047,2584.8,3198.4,11068.8,3806.4,5432.1,5338.5,3266.5,2319.5,3268.8,11866.3,3239.5,1645.9
,,,,,,,,8048,2761.0,3456.9,11729.2,4106.2,5755.6,5854.1,3476.6,2544.2,3539.8,12720.1,3550.0,1772.6
,,,,,,,,8049,2863.8,3580.7,12136.4,4276.7,5985.0,6041.6,3684.5,2640.1,3603.3,13376.3,3684.9,1797.4
,,,,,,,,8050,2863.3,3530.1,12082.9,4237.7,5933.8,5904.0,3605.3,2568.0,3565.2,13232.6,3620.2,1806.5
,,,,,,,,8051,2708.5,3402.9,11537.8,4071.3,5705.8,5661.9,3429.1,2504.7,3411.4,12470.3,3483.1,1738.1
,,,,,,,,8052,2607.5,3252.0,10882.5,3939.7,5428.0,5464.6,3303.4,2395.8,3321.1,12145.8,3314.6,1658.5
,,,,,,,,8053,2485.8,3191.8,10730.1,3791.6,5190.1,5259.2,3198.9,2309.0,3229.6,11629.1,3240.6,1603.4
,,,,,,,,8054,2523.4,3091.5,10809.6,3754.9,5231.3,5252.7,3215.8,2311.8,3197.3,11498.7,3228.8,1580.3
,,,,,,,,8055,2563.7,3227.0,10906.0,3885.5,5294.8,5403.4,3251.7,2326.4,3212.4,11757.1,3254.9,1603.2
,,,,,,,,8056,2663.8,3290.1,11352.7,3976.1,5622.7,5625.8,3352.1,2405.7,3395.6,12188.3,3401.2,1687.6
,,,,,,,,8057,2826.5,3542.3,11942.0,4259.7,5818.0,5896.6,3609.4,2555.6,3517.3,13029.5,3527.0,1783.9
,,,,,,,,8058,2924.0,3672.9,12358.2,4409.0,6080.0,6030.3,3680.7,2716.1,3766.9,13369.9,3668.9,1850.3
,,,,,,,,8059,2972.3,3712.1,12636.0,4472.3,6270.6,6132.2,3736.9,2701.2,3842.2,13801.4,3754.4,1874.2
,,,,,,,,8060,2911.4,3670.5,12436.4,4413.4,6176.1,6021.2,3756.5,2700.2,3692.9,13491.6,3737.5,1856.6
,,,,,,,,8061,2825.5,3555.3,11801.2,4183.5,5865.7,5846.6,3607.3,2580.4,3613.0,12856.5,3530.7,1774.1
,,,,,,,,8062,2629.3,3311.5,11444.1,4029.2,5585.5,5526.2,3376.0,2449.9,3363.5,12381.9,3416.5,1711.7
,,,,,,,,8063,2564.7,3174.0,10843.1,3809.4,5357.7,5267.0,3234.0,2326.6,3250.0,11847.2,3274.8,1634.2
,,,,,,,,8064,2463.2,3126.0,10615.8,3782.1,5176.6,5108.4,3205.6,2290.5,3141.0,11589.5,3158.2,1570.0
,,,,,,,,8065,2426.9,3045.6,10357.6,3681.6,5137.9,5079.4,3091.1,2257.3,3087.5,11409.3,3145.5,1545.9
,,,,,,,,8066,2314.4,2891.5,9759.9,3537.2,4801.4,4793.3,2962.5,2135.7,2930.7,10669.2,2970.4,1481.6
,,,,,,,,8067,2221.2,2791.7,9233.9,3337.7,4527.6,4629.4,2755.7,2043.9,2789.9,10216.6,2826.4,1411.1
,,,,,,,,8068,2131.3,2725.8,9281.3,3288.3,4511.6,4481.8,2765.4,1971.1,2767.8,9910.2,2737.0,1361.1
,,,,,,,,8069,2252.7,2822.5,9553.4,3421.0,4691.6,4661.2,2904.8,2079.9,2829.5,10420.5,2876.8,1451.9
,,,,,,,,8070,2449.4,3052.4,10489.9,3662.0,5193.4,5142.9,3128.3,2262.5,3152.5,11576.3,3131.9,1593.1
,,,,,,,,8071,2737.4,3401.0,11500.8,4123.5,5791.0,5713.7,3433.8,2482.7,3522.5,12812.8,3502.2,1724.5
,,,,,,,,8072,2994.5,3667.8,12590.9,4476.9,6084.5,6129.6,3729.6,2727.9,3714.0,13786.2,3762.0,1862.1
,,,,,,,,8073,3041.4,3811.2,13039.4,4569.5,6404.7,6320.8,3857.4,2768.3,3839.7,14352.5,3851.4,1949.4
,,,,,,,,8074,3039.2,3791.9,12920.5,4508.6,6219.4,6249.9,3856.2,2730.8,3784.5,13762.8,3812.2,1928.6
,,,,,,,,8075,2859.0,3620.3,12417.1,4339.1,6085.4,6052.3,3671.5,2628.2,3664.0,13227.9,3673.7,1850.9
,,,,,,,,8076,2751.1,3502.6,11862.4,4098.7,5699.8,5730.9,3505.1,2508.9,3566.2,12636.8,3473.8,1775.6
,,,,,,,,8077,2717.9,3335.8,11468.6,4089.4,5573.9,5530.0,3425.9,2461.8,3377.0,12427.3,3369.4,1689.1
,,,,,,,,8078,2717.6,3366.8,11268.2,3967.3,5545.0,5638.3,3399.7,2440.3,3419.8,12552.7,3366.1,1684.5
,,,,,,,,8079,2707.5,3403.6,11637.1,4073.7,5699.1,5631.6,3449.2,2462.3,3483.8,12710.9,3486.3,1731.2
,,,,,,,,8080,2887.5,3570.4,12017.6,4265.4,5862.5,5976.1,3624.8,2622.0,3581.4,13184.5,3565.4,1817.8
,,,,,,,,8081,3014.8,3777.3,12896.5,4452.1,6291.0,6184.5,3790.8,2775.2,3757.7,13785.9,3766.8,1904.6
,,,,,,,,8082,3084.9,3928.8,13224.4,4654.4,6435.3,6458.5,4001.5,2880.9,3965.6,14543.1,4013.5,1984.9
,,,,,,,,8083,3169.2,4012.8,13427.3,4796.8,6694.7,6643.8,4020.8,2946.8,4042.8,14911.5,3990.6,2015.3
,,,,,,,,8084,3142.5,3866.7,13300.1,4651.6,6432.5,6568.0,3930.0,2903.8,3973.7,14581.3,4016.3,1955.7
,,,,,,,,8085,3037.5,3746.3,12672.8,4540.0,6320.6,6247.0,3846.4,2768.9,3781.4,13972.2,3853.4,1876.8
,,,,,,,,8086,2869.7,3527.8,12183.9,4210.5,5981.3,5860.2,3617.9,2582.7,3568.4,13116.6,3627.4,1827.4
,,,,,,,,8087,2766.8,3431.6,11656.9,4049.6,5604.1,5629.3,3478.7,2471.1,3510.2,12676.5,3489.1,1732.7
,,,,,,,,8088,2655.2,3315.8,11357.5,4008.2,5591.3,5563.0,3372.6,2437.2,3425.0,12347.4,3370.0,1663.4
,,,,,,,,8089,2458.8,3122.2,10501.8,3719.0,5068.9,5167.8,3096.9,2252.3,3101.7,11530.3,3121.7,1544.1
,,,,,,,,8090,2338.1,2877.6,9819.5,3452.8,4819.6,4853.8,3003.3,2118.6,2957.5,10770.7,2920.5,1479.5
,,,,,,,,8091,2204.0,2723.9,9468.6,3281.5,4651.1,4555.9,2812.0,1995.0,2768.0,10171.7,2797.0,1390.1
,,,,,,,,8092,2187.9,2686.7,9179.9,3238.5,4462.1,4497.0,2733.9,1995.9,2794.2,10090.1,2783.5,1363.5
,,,,,,,,8093,2300.5,2814.0,9570.2,3452.1,4670.4,4711.5,2857.2,2059.0,2881.6,10413.8,2904.8,1449.5
,,,,,,,,8094,2517.6,3100.8,10566.3,3776.8,5142.4,5118.5,3176.4,2272.7,3154.6,11494.6,3141.5,1553.9
,,,,,,,,8095,2753.9,3392.6,11650.2,4152.2,5809.0,5657.6,3478.6,2525.1,3475.7,12846.9,3517.4,1755.3
,,,,,,,,8096,2987.0,3719.3,12601.6,4478.2,6269.7,6139.0,3757.6,2694.5,3825.3,13885.7,3764.0,1858.3
,,,,,,,,8097,3107.7,3833.8,13150.0,4603.4,6498.1,6350.4,3883.4,2832.6,3958.1,14369.1,3869.9,1964.5
,,,,,,,,8098,3013.2,3839.5,12757.0,4572.5,6265.8,6333.8,3811.7,2797.7,3874.8,14015.0,3794.8,1923.1
,,,,,,,,8099,2895.5,3589.8,12349.2,4359.3,6004.2,6090.2,3653.1,2654.7,3677.5,13387.0,3694.2,1850.9
,,,,,,,,8100,2796.9,3521.3,11747.7,4105.2,5848.3,5833.9,3552.6,2568.1,3573.5,12894.9,3481.7,1771.2
,,,,,,,,8101,2725.1,3345.3,11329.2,4030.8,5606.5,5581.6,3459.1,2475.2,3466.9,12356.0,3465.1,1695.7
,,,,,,,,8102,2696.2,3342.5,11404.9,3994.1,5638.7,5539.8,3414.9,2464.5,3441.9,12610.4,3390.3,1711.4
,,,,,,,,8103,2731.3,3411.3,11575.4,4052.1,5633.3,5762.3,3494.4,2500.7,3523.6,12611.4,3489.1,1720.8
,,,,,,,,8104,2878.2,3560.8,12012.2,4263.6,5927.7,5892.3,3643.9,2597.2,3662.4,13323.4,3565.1,1817.8
,,,,,,,,8105,3050.1,3721.8,12909.7,4568.3,6218.9,6270.5,3843.2,2723.5,3778.1,13876.4,3814.3,1930.9
,,,,,,,,8106,3105.1,3869.5,13207.0,4758.2,6516.2,6459.4,3975.7,2911.7,3996.9,14461.9,3957.2,1982.8
,,,,,,,,8107,3237.8,4053.0,13448.8,4821.9,6566.5,6754.7,4049.5,2909.1,4103.2,14581.7,4035.5,1997.9
,,,,,,,,8108,3115.9,3943.4,13440.6,4749.1,6532.9,6565.8,3956.1,2867.6,4053.0,14612.4,3972.8,1970.4
,,,,,,,,8109,3003.0,3745.0,12797.5,4494.9,6329.5,6188.9,3788.9,2766.2,3790.1,14006.6,3858.1,1902.9
,,,,,,,,8110,2849.8,3567.4,12253.6,4242.7,5979.2,5977.1,3675.8,2581.0,3631.7,13271.6,3585.3,1788.3
,,,,,,,,8111,2720.9,3400.2,11686.3,4098.9,5758.8,5643.5,3521.7,2480.4,3481.2,12667.0,3428.1,1723.1
,,,,,,,,8112,2652.2,3350.7,11238.0,3979.9,5597.8,5532.6,3436.5,2475.9,3369.0,12286.0,3408.3,1684.1
,,,,,,,,8113,2480.6,3076.3,10602.1,3660.6,5166.6,5188.7,3147.5,2257.5,3188.2,11601.4,3163.8,1560.9
,,,,,,,,8114,2342.6,2948.8,9875.4,3557.1,4898.3,4935.6,3017.2,2139.2,3014.2,10703.3,3007.2,1462.5
,,,,,,,,8115,2239.6,2767.5,9351.3,3299.3,4621.2,4683.2,2804.4,2049.4,2819.6,10218.6,2836.6,1385.5
,,,,,,,,8116,2207.0,2686.1,9152.8,3220.4,4555.0,4586.8,2764.9,1978.4,2793.9,10017.8,2717.4,1363.6
,,,,,,,,8117,2294.9,2834.0,9801.1,3400.7,4692.4,4708.5,2926.5,2087.6,2880.0,10596.1,2902.2,1424.6
,,,,,,,,8118,2482.0,3118.1,10533.9,3763.0,5187.8,5197.5,3151.8,2293.4,3143.0,11672.2,3161.0,1574.8
,,,,,,,,8119,2764.8,3439.7,11806.7,4164.7,5776.6,5802.6,3518.7,2531.9,3505.0,12754.4,3464.8,1748.2
,,,,,,,,8120,2946.3,3784.2,12572.7,4451.7,6288.1,6289.0,3839.3,2721.3,3836.1,13803.7,3728.1,1877.1
,,,,,,,,8121,3092.7,3877.4,13023.3,4568.7,6516.7,6459.1,3898.9,2805.1,3883.0,14360.9,3913.2,1948.7
,,,,,,,,8122,3007.6,3809.7,12917.7,4498.3,6322.0,6295.9,3859.8,2796.4,3859.1,14261.6,3819.5,1945.0
,,,,,,,,8123,2912.6,3625.9,12519.8,4372.5,6113.0,6152.0,3657.1,2709.7,3728.0,13406.5,3691.2,1828.2
,,,,,,,,8124,2780.5,3473.4,11964.4,4219.1,5824.7,5750.7,3556.3,2530.0,3533.9,12848.9,3538.0,1787.2
,,,,,,,,8125,2691.2,3381.4,11576.7,4079.9,5574.0,5639.6,3477.1,2471.6,3436.9,12676.6,3464.7,1725.7
,,,,,,,,8126,2691.8,3396.9,11320.7,3990.7,5589.6,5616.0,3387.3,2451.7,3454.2,12518.7,3433.0,1691.4
,,,,,,,,8127,2784.5,3428.3,11761.5,4092.9,5734.6,5789.0,3469.8,2536.6,3500.4,12587.0,3502.5,1727.6
,,,,,,,,8128,2853.2,3600.4,12062.9,4335.2,5932.1,6064.3,3623.8,2620.0,3675.3,13329.3,3610.1,1835.7
,,,,,,,,8129,3010.6,3719.4,12793.8,4570.7,6247.9,6376.5,3792.7,2782.7,3843.1,14061.5,3846.1,1888.4
,,,,,,,,8130,3186.7,3987.8,13240.2,4777.3,6482.1,6507.7,3959.5,2900.9,3969.6,14494.5,3981.9,1980.8
,,,,,,,,8131,3167.1,3974.7,13600.5,4742.1,6718.5,6604.9,4101.9,2963.2,4122.0,15018.2,4000.0,2030.7
,,,,,,,,8132,3153.3,3988.8,13551.9,4793.5,6575.3,6556.6,3952.5,2893.5,4047.1,14538.1,4042.0,1992.0
,,,,,,,,8133,3014.0,3755.8,12787.2,4471.9,6234.5,6339.0,3818.4,2730.8,3797.7,13907.8,3860.6,1904.8
,,,,,,,,8134,2843.0,3564.9,11998.3,4333.9,5933.3,6003.9,3678.0,2648.2,3609.1,13077.7,3670.5,1806.8
,,,,,,,,8135,2733.1,3415.7,11524.3,4143.8,5649.5,5684.2,3457.8,2507.2,3453.9,12710.2,3495.1,1724.2
,,,,,,,,8136,2664.7,3382.5,11376.1,4006.7,5658.5,5527.0,3417.7,2433.0,3423.9,12509.1,3337.7,1697.1
,,,,,,,,8137,2462.0,3078.8,10635.1,3684.8,5162.0,5105.2,3168.1,2256.4,3133.8,11588.8,3145.0,1562.8
,,,,,,,,8138,2350.2,2930.1,9957.4,3502.1,4977.3,4918.5,3017.7,2148.2,2948.1,10750.7,2955.5,1470.2
,,,,,,,,8139,2234.9,2802.3,9494.7,3348.8,4634.3,4579.7,2841.1,2025.8,2820.2,10298.6,2804.5,1387.7
,,,,,,,,8140,2174.4,2754.2,9353.1,3241.8,4611.4,4597.1,2739.0,1972.4,2771.9,10017.2,2734.7,1376.4
,,,,,,,,8141,2283.7,2883.6,9700.8,3377.2,4727.6,4809.4,2916.8,2070.0,2938.3,10552.4,2896.5,1461.6
,,,,,,,,8142,2518.8,3117.0,10659.5,3804.0,5204.3,5208.3,3219.1,2310.7,3151.4,11738.3,3158.0,1602.9
,,,,,,,,8143,2787.1,3456.3,11673.8,4166.3,5762.3,5796.3,3565.2,2549.3,3512.4,12816.1,3512.3,1768.5
,,,,,,,,8144,2997.6,3798.8,12855.8,4472.9,6218.4,6288.4,3788.3,2753.8,3813.3,13936.8,3773.5,1866.4
,,,,,,,,8145,3135.4,3839.3,13123.9,4613.3,6533.2,6444.8,3933.9,2816.5,3952.2,14200.2,3903.3,1965.9
,,,,,,,,8146,3072.2,3785.4,12998.6,4570.0,6454.8,6455.3,3891.1,2787.4,3919.6,14026.7,3861.3,1912.0
,,,,,,,,8147,2934.5,3626.5,12578.6,4358.0,6110.4,6017.9,3774.9,2693.5,3715.1,13443.6,3719.9,1841.9
,,,,,,,,8148,2826.4,3512.5,11999.6,4180.1,5813.5,5758.6,3565.8,2581.3,3581.7,12868.3,3508.3,1744.7
,,,,,,,,8149,2695.3,3447.1,11508.4,4132.1,5587.0,5672.5,3471.9,2496.2,3409.0,12776.4,3444.9,1737.0
,,,,,,,,8150,2676.7,3415.6,11599.8,4052.8,5670.8,5564.1,3495.0,2455.6,3417.1,12711.8,3466.5,1685.9
,,,,,,,,8151,2741.8,3496.3,11596.0,4151.2,5744.8,5838.6,3564.4,2543.1,3542.7,12871.5,3512.0,1732.6
,,,,,,,,8152,2852.0,3626.7,12190.5,4319.7,6029.9,6049.7,3700.1,2638.8,3607.8,13415.5,3658.7,1800.9
,,,,,,,,8153,3015.6,3780.5,12825.3,4504.6,6319.4,6229.8,3852.7,2800.9,3878.9,13891.5,3861.5,1906.0
,,,,,,,,8154,3134.5,4008.2,13633.4,4779.9,6603.3,6558.5,3967.6,2872.7,3998.9,14597.4,3960.9,1986.3
,,,,,,,,8155,3251.5,3992.9,13759.1,4887.4,6773.5,6697.3,4073.6,2910.4,4130.1,14865.4,4112.1,2061.6
,,,,,,,,8156,3129.1,3995.4,13432.2,4718.1,6504.6,6598.2,4035.7,2936.0,4082.0,14665.2,4048.0,1981.8
,,,,,,,,8157,3032.8,3764.8,12813.7,4610.3,6365.8,6290.8,3877.6,2775.8,3820.0,13826.5,3788.8,1883.9
,,,,,,,,8158,2837.7,3563.9,12121.4,4330.7,5999.2,5985.1,3628.9,2604.3,3634.7,13301.1,3638.3,1836.9
,,,,,,,,8159,2774.4,3412.0,11648.1,4166.6,5750.7,5784.3,3553.1,2561.4,3517.5,12771.4,3472.9,1714.6
,,,,,,,,8160,2677.2,3380.3,11451.8,4021.1,5666.3,5634.3,3375.6,2432.6,3462.8,12350.7,3375.5,1678.4
,,,,,,,,8161,2487.1,3091.4,10533.0,3796.7,5165.5,5267.5,3145.4,2255.3,3154.4,11550.4,3115.8,1590.5
,,,,,,,,8162,2350.1,2907.7,10040.4,3575.3,4962.3,4944.3,3036.5,2156.2,2979.6,10863.8,2983.4,1481.7
,,,,,,,,8163,2213.4,2797.2,9451.1,3379.3,4637.5,4667.3,2864.6,2014.9,2847.8,10472.8,2832.9,1396.5
,,,,,,,,8164,2168.7,2709.8,9442.6,3244.9,4531.2,4629.2,2823.5,1982.1,2805.2,10067.1,2745.1,1393.7
,,,,,,,,8165,2263.5,2846.0,9768.8,3476.9,4815.9,4786.1,2884.9,2077.2,2907.1,10519.8,2873.2,1436.1
,,,,,,,,8166,2477.2,3117.6,10732.6,3725.3,5223.2,5294.9,3227.7,2269.3,3177.0,11557.4,3140.4,1607.2
,,,,,,,,8167,2765.7,3433.5,11963.5,4172.9,5877.6,5744.4,3577.6,2566.9,3515.3,13011.9,3499.1,1738.6
,,,,,,,,8168,2985.3,3759.3,12655.0,4507.5,6262.9,6196.7,3799.7,2718.2,3810.4,13924.8,3785.8,1883.5
,,,,,,,,8169,3145.7,3837.6,13087.5,4680.7,6513.7,6445.1,3924.8,2835.2,3927.1,14280.8,3903.7,1962.5
,,,,,,,,8170,3071.1,3806.7,13055.7,4646.0,6385.7,6307.0,3932.8,2785.4,3892.9,14031.5,3896.6,1956.3
,,,,,,,,8171,2918.8,3632.9,12612.1,4369.9,6160.3,6182.8,3733.7,2720.7,3788.5,13428.0,3661.3,1857.2
,,,,,,,,8172,2844.4,3512.3,11894.1,4269.0,5843.9,5854.6,3558.9,2563.5,3570.3,12810.9,3583.8,1756.5
,,,,,,,,8173,2703.2,3371.4,11619.8,4094.0,5630.3,5744.4,3484.6,2525.4,3488.5,12788.6,3432.2,1713.0
,,,,,,,,8174,2745.5,3433.1,11481.1,4020.0,5745.5,5715.2,3481.3,2500.0,3494.2,12740.7,3447.5,1695.8
,,,,,,,,8175,2746.5,3495.9,11752.5,4125.9,5698.0,5792.8,3499.6,2512.7,3505.9,12801.4,3508.7,1757.1
,,,,,,,,8176,2878.9,3656.1,12292.3,4345.4,5967.0,5966.5,3707.6,2679.1,3653.2,13174.2,3600.5,1802.6
,,,,,,,,8177,2998.2,3805.5,12749.8,4494.9,6267.9,6302.3,3859.0,2814.0,3883.1,14202.6,3877.6,1903.7
,,,,,,,,8178,3174.8,4004.9,13632.0,4802.9,6566.1,6573.7,4065.9,2865.1,4085.8,14700.8,4033.2,1980.0
,,,,,,,,8179,3209.4,4061.1,13922.9,4860.2,6797.4,6824.3,4060.1,2950.5,4139.1,15004.7,4060.7,2023.5
,,,,,,,,8180,3193.9,3930.6,13363.2,4750.3,6559.4,6634.8,4038.5,2869.3,4061.5,14809.8,3961.7,2012.2
,,,,,,,,8181,3012.6,3750.7,12871.7,4566.1,6399.7,6429.0,3869.1,2779.6,3914.7,13996.7,3885.8,1908.1
,,,,,,,,8182,2900.3,3590.7,12251.9,4353.8,6088.0,5988.8,3675.3,2677.7,3701.9,13525.4,3683.0,1822.4
,,,,,,,,8183,2726.3,3508.8,11901.3,4137.3,5819.3,5800.7,3561.1,2527.2,3485.7,12818.2,3507.3,1768.9
,,,,,,,,8184,2675.5,3376.6,11501.3,4038.0,5624.8,5611.2,3480.5,2443.5,3422.9,12379.3,3422.3,1699.6
,,,,,,,,8185,2359.6,2955.0,9925.3,3481.1,4888.7,4859.1,3033.4,2185.5,2990.7,10848.7,2972.3,1469.5
,,,,,,,,8186,2231.0,2795.1,9416.5,3297.1,4668.3,4681.1,2799.5,2028.4,2819.7,10181.6,2805.8,1394.6
,,,,,,,,8187,2082.1,2609.5,8909.3,3125.1,4369.5,4382.6,2679.0,1925.1,2706.9,9856.9,2614.4,1332.3
,,,,,,,,8188,2039.8,2579.5,8779.0,3097.0,4331.2,4326.0,2667.0,1887.6,2641.4,9587.5,2581.9,1296.0
,,,,,,,,8189,2162.5,2681.6,9304.1,3236.2,4544.4,4526.8,2748.7,2003.1,2783.3,10020.6,2731.1,1376.5
,,,,,,,,8190,2365.3,2954.9,10057.1,3596.3,5009.9,4930.2,3032.9,2194.6,2997.8,10917.4,3015.7,1482.0
,,,,,,,,8191,2630.5,3330.4,11152.0,3988.1,5521.6,5438.1,3377.9,2370.4,3371.7,12303.8,3343.7,1672.8
,,,,,,,,8192,2867.6,3558.9,12161.6,4265.6,5853.6,5995.7,3567.2,2582.2,3554.1,13184.3,3562.0,1773.6
,,,,,,,,8193,2913.5,3615.6,12369.5,4452.9,6184.2,6179.2,3757.5,2722.1,3779.7,13356.8,3732.8,1822.7
,,,,,,,,8194,2913.3,3618.9,12228.7,4372.8,6083.0,5995.1,3625.7,2624.4,3643.3,13232.7,3616.5,1819.6
,,,,,,,,8195,2802.2,3471.4,11923.7,4212.5,5755.1,5820.4,3512.7,2530.3,3556.1,12988.9,3530.3,1722.4
,,,,,,,,8196,2620.3,3268.2,11378.6,3985.8,5523.0,5465.5,3333.2,2431.1,3326.5,12289.2,3297.2,1681.8
,,,,,,,,8197,2583.6,3202.3,10925.8,3881.8,5307.1,5449.4,3281.5,2361.4,3309.3,11913.2,3206.1,1641.2
,,,,,,,,8198,2572.6,3205.8,10735.4,3870.2,5292.4,5279.6,3241.7,2318.5,3264.2,11903.1,3220.9,1596.8
,,,,,,,,8199,2630.6,3275.2,10947.4,3871.4,5533.0,5380.0,3333.3,2372.4,3316.5,12058.5,3257.4,1623.0
,,,,,,,,8200,2741.9,3398.1,11561.2,4034.3,5761.4,5700.7,3471.0,2472.6,3443.5,12569.8,3452.8,1719.1
,,,,,,,,8201,2902.1,3552.9,12183.4,4319.4,5951.3,6067.4,3606.8,2621.8,3690.2,13456.5,3659.8,1825.4
,,,,,,,,8202,2967.9,3707.3,12837.5,4528.5,6222.6,6262.0,3795.3,2749.8,3767.5,14007.3,3731.1,1880.3
,,,,,,,,8203,3025.5,3796.4,12965.3,4542.1,6264.0,6287.1,3872.8,2760.5,3866.7,14298.3,3884.7,1913.8
,,,,,,,,8204,2958.2,3751.2,12791.9,4523.7,6189.7,6167.5,3776.7,2746.4,3770.7,13804.3,3725.6,1913.3
,,,,,,,,8205,2859.5,3623.1,12039.7,4257.2,5947.8,5980.9,3618.0,2622.3,3686.7,13409.5,3560.2,1828.8
,,,,,,,,8206,2708.5,3373.3,11722.1,4124.6,5730.3,5750.7,3462.6,2512.0,3411.6,12790.7,3462.4,1714.8
,,,,,,,,8207,2570.7,3283.1,10957.4,3914.3,5422.8,5469.7,3306.3,2367.5,3294.5,11994.4,3299.3,1635.3
,,,,,,,,8208,2564.2,3139.9,10780.5,3759.7,5336.8,5343.2,3246.5,2298.2,3261.5,11681.1,3187.9,1592.4
,,,,,,,,8209,2378.3,2921.5,9957.6,3504.2,4920.5,4928.5,2993.2,2133.4,3019.5,11074.1,2966.2,1473.8
,,,,,,,,8210,2232.7,2753.6,9612.0,3373.8,4649.9,4620.2,2834.1,2074.9,2812.6,10411.0,2792.5,1389.2
,,,,,,,,8211,2107.3,2626.5,9064.9,3167.7,4403.6,4351.7,2706.5,1938.3,2693.2,9655.1,2659.4,1314.9
,,,,,,,,8212,2046.0,2613.6,8945.1,3137.8,4342.1,4393.4,2669.9,1892.3,2629.6,9699.1,2629.9,1325.2
,,,,,,,,8213,2194.9,2730.1,9274.5,3233.7,4533.0,4507.1,2749.7,1976.4,2727.0,10180.3,2699.5,1352.1
,,,,,,,,8214,2411.3,2943.6,10167.1,3520.3,4968.6,4915.0,2994.7,2172.2,3036.4,11126.7,2984.2,1479.6
,,,,,,,,8215,2607.5,3273.4,11261.1,3938.9,5514.5,5501.0,3319.9,2394.5,3363.1,12149.6,3344.7,1676.6
,,,,,,,,8216,2847.0,3578.2,12242.4,4271.1,5921.4,5903.8,3629.2,2637.9,3615.4,12988.5,3528.6,1773.6
,,,,,,,,8217,2921.1,3691.8,12582.4,4448.3,6108.5,6167.7,3772.5,2697.0,3747.7,13475.8,3683.4,1835.1
,,,,,,,,8218,2937.8,3664.5,12386.4,4315.1,6128.3,6037.4,3739.2,2643.7,3653.6,13265.5,3636.0,1819.3
,,,,,,,,8219,2771.7,3507.0,11962.1,4227.1,5814.5,5720.9,3518.6,2530.1,3530.1,12813.2,3458.9,1739.4
,,,,,,,,8220,2690.8,3274.5,11422.2,3999.1,5566.9,5598.3,3418.5,2443.8,3411.9,12357.4,3329.3,1654.1
,,,,,,,,8221,2599.3,3225.9,10931.6,3827.2,5375.1,5429.8,3318.7,2401.0,3291.6,12000.0,3249.1,1606.0
,,,,,,,,8222,2596.4,3173.2,10825.8,3819.9,5316.6,5374.5,3317.6,2361.4,3307.5,11960.0,3195.7,1627.0
,,,,,,,,8223,2649.0,3244.9,11067.6,3950.7,5553.6,5408.7,3303.2,2404.6,3368.0,12050.5,3257.9,1671.5
,,,,,,,,8224,2730.4,3448.8,11702.0,4069.4,5642.5,5682.2,3504.5,2489.4,3435.4,12826.7,3465.6,1722.9
,,,,,,,,8225,2838.4,3551.6,12141.2,4350.2,6043.0,5951.0,3612.4,2664.6,3714.4,13369.4,3670.9,1812.4
,,,,,,,,8226,3033.9,3745.1,12671.7,4518.1,6241.6,6197.7,3838.5,2778.9,3804.8,14023.9,3776.4,1896.7
,,,,,,,,8227,3076.0,3812.6,13034.0,4621.7,6421.0,6369.0,3863.2,2803.1,3861.2,13956.4,3870.4,1916.7
,,,,,,,,8228,3013.5,3775.7,12657.6,4492.5,6177.4,6193.0,3860.6,2740.8,3789.3,13999.3,3751.3,1888.8
,,,,,,,,8229,2913.1,3568.1,12259.7,4272.7,5921.4,5976.6,3618.3,2660.9,3657.1,13173.5,3582.8,1831.3
,,,,,,,,8230,2765.5,3427.8,11578.9,4081.4,5626.9,5642.3,3501.3,2507.5,3504.2,12489.8,3452.4,1702.1
,,,,,,,,8231,2607.8,3240.1,11277.2,3917.1,5484.1,5455.1,3336.7,2413.2,3302.3,12236.6,3294.4,1652.6
,,,,,,,,8232,2546.2,3174.1,10966.0,3849.6,5297.1,5369.0,3252.9,2332.0,3204.4,11823.4,3202.3,1620.8
,,,,,,,,8233,2501.2,3181.6,10756.6,3824.6,5240.6,5200.5,3193.1,2334.5,3239.7,11509.2,3145.8,1602.0
,,,,,,,,8234,2418.9,2960.6,10259.2,3565.4,5038.3,4996.2,3030.5,2161.1,3018.3,11072.2,2966.9,1487.3
,,,,,,,,8235,2273.4,2817.2,9729.0,3376.2,4769.1,4742.7,2892.6,2054.6,2879.8,10357.5,2867.9,1417.0
,,,,,,,,8236,2236.3,2748.3,9508.2,3297.4,4679.3,4680.9,2796.6,2025.2,2812.3,10308.0,2757.7,1385.8
,,,,,,,,8237,2290.6,2896.8,9939.6,3422.8,4881.7,4828.1,2908.4,2106.2,2961.8,10682.4,2892.1,1435.5
,,,,,,,,8238,2574.0,3220.1,10889.0,3772.7,5335.4,5242.0,3235.2,2358.0,3275.2,11625.5,3189.5,1581.2
,,,,,,,,8239,2782.6,3504.8,11911.9,4206.8,5825.7,5800.7,3543.7,2602.9,3552.6,13083.9,3501.9,1754.0
,,,,,,,,8240,3049.7,3739.6,13031.4,4610.8,6282.1,6402.7,3918.8,2788.3,3834.8,14152.1,3761.8,1904.2
,,,,,,,,8241,3114.0,3957.5,13384.5,4735.3,6481.9,6578.6,4012.9,2830.9,3969.5,14637.9,3942.0,1964.6
,,,,,,,,8242,3112.0,3818.8,13023.8,4661.0,6520.5,6477.1,3976.9,2832.6,3903.6,14137.7,3838.2,1974.1
,,,,,,,,8243,2963.8,3734.3,12639.3,4445.6,6224.9,6202.5,3760.9,2716.6,3782.8,13772.9,3771.4,1846.6
,,,,,,,,8244,2799.0,3526.4,11932.2,4236.4,5910.2,5883.4,3587.3,2630.0,3628.0,12958.0,3561.4,1783.8
,,,,,,,,8245,2723.8,3437.6,11846.3,4131.2,5799.7,5710.9,3543.2,2495.8,3479.0,12944.5,3490.1,1716.0
,,,,,,,,8246,2703.6,3395.6,11780.6,4099.8,5739.6,5708.6,3467.5,2497.2,3545.2,12784.7,3410.9,1748.4
,,,,,,,,8247,2798.0,3475.2,11850.5,4210.3,5804.3,5766.0,3606.1,2581.3,3534.3,13092.5,3486.7,1762.5
,,,,,,,,8248,2896.0,3676.2,12541.4,4318.4,6173.2,6008.6,3753.4,2702.8,3747.8,13460.0,3628.6,1845.5
,,,,,,,,8249,3039.2,3880.4,12994.1,4668.5,6379.8,6392.5,3892.0,2818.0,3922.6,14378.5,3908.2,1955.2
,,,,,,,,8250,3234.2,4006.1,13551.3,4830.0,6754.9,6642.7,4051.1,2948.5,4139.1,14924.0,4067.9,2041.6
,,,,,,,,8251,3304.2,4047.4,13787.7,4956.2,6876.4,6868.6,4166.3,2958.6,4168.5,15024.3,4073.5,2069.6
,,,,,,,,8252,3197.7,4032.7,13488.3,4777.3,6645.9,6766.8,4062.8,2944.8,4130.2,14747.2,4068.5,2010.0
,,,,,,,,8253,3081.4,3790.5,12899.1,4646.2,6368.3,6399.7,3944.8,2809.4,3959.4,14151.2,3853.8,1933.7
,,,,,,,,8254,2915.8,3681.5,12439.7,4380.0,6020.3,6171.4,3714.9,2644.9,3667.0,13451.7,3630.0,1858.0
,,,,,,,,8255,2823.1,3528.3,11717.9,4175.2,5905.6,5909.3,3600.9,2587.2,3543.6,13096.3,3476.2,1772.7
,,,,,,,,8256,2712.1,3455.3,11513.3,4142.7,5700.8,5738.1,3507.0,2458.8,3423.1,12567.5,3434.9,1706.7
,,,,,,,,8257,2513.7,3117.4,10787.9,3747.0,5223.9,5289.4,3239.6,2325.7,3221.7,11572.7,3167.5,1565.6
,,,,,,,,8258,2412.5,2983.1,10254.4,3580.1,5024.5,5041.9,3087.6,2162.9,3045.7,10932.5,3042.1,1496.8
,,,,,,,,8259,2238.6,2800.6,9569.7,3394.0,4785.4,4673.0,2888.6,2095.9,2854.0,10490.1,2861.0,1419.6
,,,,,,,,8260,2212.9,2744.7,9506.3,3344.0,4684.9,4702.8,2839.0,2056.9,2791.6,10400.7,2798.8,1380.9
,,,,,,,,8261,2336.1,2869.8,9741.8,3478.6,4784.4,4880.4,2947.0,2130.0,2964.8,10850.9,2877.8,1454.5
,,,,,,,,8262,2554.2,3185.8,10749.5,3840.9,5283.7,5266.0,3227.3,2308.6,3243.5,11913.3,3176.9,1599.8
,,,,,,,,8263,2854.7,3549.3,11835.8,4227.9,5906.4,5812.9,3569.7,2574.8,3636.5,13046.0,3516.4,1780.7
,,,,,,,,8264,3086.6,3860.2,13002.3,4580.7,6367.7,6316.6,3873.2,2805.1,3860.0,13944.0,3846.3,1937.2
,,,,,,,,8265,3142.6,3885.5,13301.6,4678.9,6608.5,6663.4,3992.3,2887.0,3977.0,14709.5,3973.4,1975.6
,,,,,,,,8266,3121.3,3895.5,13289.7,4641.9,6480.4,6524.1,3928.8,2858.0,3983.3,14195.8,3907.0,1973.0
,,,,,,,,8267,2978.2,3728.2,12791.6,4508.7,6277.8,6302.3,3792.6,2696.3,3780.6,13609.1,3775.3,1864.7
,,,,,,,,8268,2850.5,3560.0,12195.4,4206.6,6018.4,5913.9,3656.4,2582.1,3661.3,13203.7,3570.4,1777.2
,,,,,,,,8269,2754.5,3486.2,11832.9,4180.5,5750.3,5751.6,3553.6,2533.0,3534.9,12996.9,3438.2,1729.9
,,,,,,,,8270,2786.6,3405.7,11776.0,4111.2,5736.8,5794.2,3495.0,2504.8,3543.5,12722.0,3490.3,1749.5
,,,,,,,,8271,2848.9,3511.3,12104.3,4171.8,5870.4,5802.2,3567.2,2593.7,3621.3,13044.2,3525.8,1785.9
,,,,,,,,8272,2896.4,3699.5,12334.9,4409.5,6094.5,6108.5,3731.0,2683.9,3771.4,13456.4,3725.7,1814.1
,,,,,,,,8273,3114.8,3874.3,13168.3,4662.5,6508.6,6373.1,3944.5,2784.5,3931.5,14211.9,3836.3,1936.7
,,,,,,,,8274,3172.5,4069.2,13504.5,4877.8,6703.1,6772.7,4112.8,2947.6,4049.1,14994.1,4014.5,2024.1
,,,,,,,,8275,3236.7,4039.9,14100.9,4917.3,6840.1,6780.2,4140.5,3023.2,4107.2,15083.7,4098.7,2079.4
,,,,,,,,8276,3218.7,3972.7,13854.1,4864.2,6626.5,6690.8,4119.5,2932.6,4040.7,14862.8,4013.7,2045.4
,,,,,,,,8277,3035.3,3809.9,13190.4,4580.6,6406.2,6412.5,3908.1,2805.8,3956.4,14475.4,3856.1,1961.7
,,,,,,,,8278,2919.2,3627.9,12377.4,4413.6,6112.4,6143.8,3734.8,2658.1,3733.2,13577.5,3638.0,1832.4
,,,,,,,,8279,2798.3,3525.2,11748.0,4200.5,5850.7,5763.3,3537.6,2543.6,3611.6,13136.0,3520.2,1774.9
,,,,,,,,8280,2710.4,3442.6,11745.1,4154.6,5693.6,5761.4,3467.1,2534.8,3521.6,12469.7,3461.5,1697.4
,,,,,,,,8281,2537.7,3127.6,10892.1,3826.2,5371.0,5347.4,3256.5,2326.4,3191.5,11611.7,3168.5,1596.9
,,,,,,,,8282,2399.1,2971.9,10172.2,3610.7,5081.5,5058.1,3011.0,2219.1,3027.3,11112.7,3023.6,1511.7
,,,,,,,,8283,2284.5,2796.2,9659.3,3440.9,4730.0,4681.7,2920.2,2064.0,2925.4,10385.3,2825.7,1425.7
,,,,,,,,8284,2200.0,2772.8,9477.5,3342.1,4688.3,4630.8,2854.0,2047.7,2842.2,10330.5,2777.0,1408.7
,,,,,,,,8285,2331.2,2941.0,10041.8,3510.4,4800.6,4875.2,2953.5,2120.3,2999.4,10774.7,2910.1,1457.6
,,,,,,,,8286,2528.4,3182.0,10980.2,3820.6,5312.3,5279.6,3282.6,2329.6,3214.7,11901.0,3163.8,1620.6
,,,,,,,,8287,2833.0,3484.9,12028.2,4224.2,5895.7,5886.4,3633.9,2585.2,3582.6,13070.9,3554.0,1770.5
,,,,,,,,8288,3076.3,3798.9,13156.7,4539.9,6397.4,6356.7,3925.9,2768.1,3848.8,14018.2,3782.9,1939.6
,,,,,,,,8289,3111.3,3923.3,13399.8,4792.4,6679.1,6547.3,4032.1,2888.5,4007.6,14731.1,3954.2,2008.3
,,,,,,,,8290,3094.4,3913.3,13322.0,4713.8,6487.8,6456.9,3911.6,2820.2,3998.6,14274.6,3938.3,1946.8
,,,,,,,,8291,2993.4,3787.9,12616.8,4497.4,6182.7,6261.7,3790.7,2723.6,3796.4,13633.9,3763.1,1856.5
,,,,,,,,8292,2875.9,3525.6,12010.4,4281.1,5924.9,5870.3,3579.5,2632.6,3664.7,13144.4,3586.4,1782.8
,,,,,,,,8293,2808.3,3485.7,11684.4,4102.7,5868.9,5723.5,3564.0,2548.6,3537.6,13014.8,3449.6,1715.3
,,,,,,,,8294,2738.3,3480.8,11744.8,4153.7,5718.0,5721.5,3466.3,2496.1,3555.2,12880.8,3457.9,1745.2
,,,,,,,,8295,2834.9,3521.2,11801.3,4245.4,5867.9,5921.6,3634.3,2566.9,3612.2,12923.1,3574.5,1788.0
,,,,,,,,8296,2894.6,3677.0,12406.1,4419.1,6117.5,6182.9,3716.7,2689.0,3714.1,13414.3,3700.5,1860.2
,,,,,,,,8297,3092.2,3879.0,13021.8,4662.2,6430.5,6495.9,3945.3,2827.6,3926.8,14337.8,3821.7,1957.1
,,,,,,,,8298,3251.0,3983.3,13553.0,4879.5,6667.7,6762.7,4144.6,2996.4,4107.1,15059.4,3997.0,2038.4
,,,,,,,,8299,3327.4,4111.0,13784.1,4931.4,6893.6,6799.8,4119.1,3018.7,4223.5,15303.8,4105.2,2074.3
,,,,,,,,8300,3187.1,4003.4,13811.7,4838.6,6707.9,6683.8,4140.2,2958.9,4104.6,14868.7,4008.4,2022.3
,,,,,,,,8301,3087.2,3875.4,13175.4,4647.6,6449.0,6537.3,3928.5,2820.9,3985.0,14337.4,3868.2,1949.9
,,,,,,,,8302,2961.4,3643.2,12504.6,4360.3,6052.4,6179.6,3735.8,2714.8,3681.7,13393.7,3630.6,1852.7
,,,,,,,,8303,2812.2,3497.6,12101.2,4191.5,5788.8,5834.4,3613.9,2593.1,3534.1,12997.2,3524.9,1755.4
,,,,,,,,8304,2717.9,3423.4,11597.7,4093.1,5790.3,5737.5,3437.5,2533.1,3508.3,12573.0,3427.3,1698.2
,,,,,,,,8305,2509.5,3143.8,10787.6,3771.2,5264.7,5375.4,3207.4,2325.1,3238.4,11742.8,3142.8,1575.9
,,,,,,,,8306,2372.2,2968.6,10282.4,3651.6,4961.0,5067.6,3066.6,2187.8,3060.4,11222.3,2995.5,1524.1
,,,,,,,,8307,2282.6,2841.8,9606.3,3380.5,4754.7,4754.4,2941.7,2100.0,2857.3,10699.0,2852.9,1438.9
,,,,,,,,8308,2210.9,2822.8,9531.3,3400.4,4665.2,4714.2,2815.3,2028.4,2824.3,10270.1,2759.6,1384.5
,,,,,,,,8309,2336.0,2945.6,9988.9,3528.6,4850.6,4849.8,3016.2,2147.2,2984.5,10716.9,2967.4,1461.2
,,,,,,,,8310,2586.0,3184.3,10862.2,3851.0,5321.2,5427.6,3295.0,2346.7,3222.2,11968.1,3173.2,1625.0
,,,,,,,,8311,2848.0,3566.4,12156.5,4305.4,5883.0,5976.0,3560.4,2562.9,3564.6,12966.7,3595.8,1778.2
,,,,,,,,8312,3082.7,3821.4,12944.3,4592.6,6408.0,6317.0,3939.6,2794.8,3867.7,14027.7,3791.0,1897.9
,,,,,,,,8313,3165.1,3916.4,13413.1,4796.2,6646.8,6704.6,4077.3,2922.0,4003.1,14642.7,3915.9,1968.0
,,,,,,,,8314,3086.1,3947.6,13296.5,4682.2,6461.0,6425.2,3948.0,2898.0,4007.5,14521.1,3898.0,1976.8
,,,,,,,,8315,3003.5,3726.7,12752.5,4524.3,6324.5,6274.7,3824.9,2739.0,3868.4,13910.6,3742.3,1849.1
,,,,,,,,8316,2832.0,3583.8,12137.7,4286.0,5961.4,5932.8,3636.1,2657.6,3600.5,13111.2,3559.5,1782.0
,,,,,,,,8317,2822.0,3489.9,11909.0,4167.3,5781.1,5803.9,3583.7,2540.6,3559.7,12910.1,3498.1,1724.6
,,,,,,,,8318,2749.1,3442.9,11818.9,4185.7,5809.6,5812.4,3561.0,2559.2,3495.7,12656.6,3453.1,1734.0
,,,,,,,,8319,2787.2,3479.5,12133.8,4264.5,5923.6,5832.8,3596.4,2611.2,3572.5,13179.6,3488.3,1791.5
,,,,,,,,8320,2934.7,3684.3,12373.3,4376.1,6195.8,6222.4,3778.6,2670.8,3774.1,13587.3,3701.1,1823.3
,,,,,,,,8321,3100.1,3817.5,13085.7,4686.4,6544.0,6478.5,3935.6,2826.1,3951.0,14550.4,3849.0,1915.0
,,,,,,,,8322,3235.5,4043.1,13941.1,4873.9,6733.1,6858.6,4162.6,2954.6,4142.6,14992.6,4053.9,2036.5
,,,,,,,,8323,3276.4,4157.3,14066.7,4951.0,6791.6,6777.5,4140.4,3024.0,4195.1,15110.2,4127.4,2077.6
,,,,,,,,8324,3275.3,4000.4,13731.5,4892.2,6785.4,6807.1,4125.8,2942.4,4161.7,14782.6,4002.6,2049.5
,,,,,,,,8325,3089.2,3841.6,13119.8,4594.6,6463.1,6435.5,3981.5,2855.2,3954.4,14404.8,3885.7,1933.5
,,,,,,,,8326,2938.7,3694.4,12537.7,4394.9,6129.6,6228.1,3728.4,2705.0,3786.0,13605.5,3694.9,1846.1
,,,,,,,,8327,2787.5,3478.7,11854.2,4210.2,5815.5,5848.3,3578.8,2595.4,3609.5,12917.1,3494.6,1767.2
,,,,,,,,8328,2784.3,3454.9,11806.9,4138.2,5668.9,5767.3,3521.4,2547.1,3498.7,12549.6,3435.4,1716.3
,,,,,,,,8329,2582.1,3166.1,10865.7,3810.1,5281.5,5396.4,3256.5,2320.8,3295.1,11714.9,3156.4,1587.2
,,,,,,,,8330,2440.3,3044.5,10207.6,3618.4,5003.3,5057.1,3057.6,2181.1,3113.9,11321.0,2978.0,1507.9
,,,,,,,,8331,2283.8,2835.5,9813.0,3412.2,4792.1,4730.7,2936.0,2079.9,2895.2,10535.5,2874.8,1447.8
,,,,,,,,8332,2262.3,2823.5,9616.6,3384.4,4747.1,4721.5,2853.4,2070.1,2853.6,10287.4,2830.3,1423.4
,,,,,,,,8333,2339.7,2937.2,9887.4,3504.3,4896.5,4853.7,2942.4,2132.3,2978.8,10862.6,2920.4,1466.8
,,,,,,,,8334,2545.5,3173.8,10805.3,3910.5,5362.3,5337.9,3265.1,2321.8,3235.3,11951.0,3258.3,1622.7
,,,,,,,,8335,2822.1,3596.2,12225.6,4310.1,5880.7,5904.5,3579.9,2588.2,3595.5,13040.6,3539.9,1805.4
,,,,,,,,8336,3093.8,3839.6,13249.2,4587.8,6400.8,6500.1,3896.8,2778.6,3897.6,14149.8,3805.6,1917.6
,,,,,,,,8337,3210.5,3909.4,13400.7,4704.1,6569.4,6593.2,4032.4,2869.1,4086.7,14851.8,3936.7,2001.9
,,,,,,,,8338,3113.2,3922.3,13315.2,4660.5,6578.0,6506.5,3982.5,2895.6,3962.0,14392.7,3934.0,1973.6
,,,,,,,,8339,3016.1,3769.5,12665.7,4441.7,6206.8,6260.7,3815.9,2760.3,3870.0,13849.8,3739.6,1855.7
,,,,,,,,8340,2833.1,3632.4,12090.3,4269.9,5979.4,6032.1,3681.5,2664.4,3696.1,13371.6,3614.9,1823.4
,,,,,,,,8341,2821.9,3457.1,11963.4,4150.6,5855.6,5755.8,3582.3,2549.8,3597.1,13025.9,3453.3,1757.1
,,,,,,,,8342,2756.6,3515.4,11845.8,4179.0,5839.4,5737.7,3501.6,2518.5,3532.1,12847.2,3511.8,1758.2
,,,,,,,,8343,2851.8,3513.2,12132.5,4303.8,5845.6,5976.2,3610.0,2587.3,3644.3,13139.8,3535.1,1794.4
,,,,,,,,8344,2952.8,3694.2,12667.7,4385.7,6224.7,6184.9,3712.3,2716.1,3801.3,13514.3,3722.3,1827.9
,,,,,,,,8345,3100.8,3930.3,13206.5,4599.4,6397.3,6468.0,3959.3,2826.3,3991.8,14531.9,3886.5,1940.2
,,,,,,,,8346,3287.9,4013.8,13712.8,4837.7,6718.7,6692.5,4111.5,2977.1,4174.8,14977.0,4045.8,2016.6
,,,,,,,,8347,3274.4,4152.6,14249.0,4921.2,6824.2,6967.4,4266.3,3053.5,4243.0,15146.0,4103.8,2070.2
,,,,,,,,8348,3289.0,4062.6,13786.6,4857.4,6877.4,6734.3,4176.9,3009.6,4111.2,15156.2,4048.6,2008.0
,,,,,,,,8349,3152.1,3928.5,13308.4,4631.7,6507.3,6586.4,3966.5,2867.6,4006.0,14351.8,3894.4,1932.4
,,,,,,,,8350,2931.3,3706.4,12488.6,4419.6,6230.5,6180.3,3742.9,2724.2,3794.7,13844.4,3649.0,1830.8
,,,,,,,,8351,2803.4,3484.0,12120.2,4280.0,5896.2,5982.8,3636.4,2574.7,3589.6,13167.5,3512.5,1746.5
,,,,,,,,8352,2723.5,3473.9,11805.1,4191.2,5775.1,5736.3,3539.3,2545.2,3480.2,12817.4,3420.0,1714.4
,,,,,,,,8353,2389.6,3001.7,10093.3,3561.1,4953.1,5049.3,3030.9,2174.6,3031.3,11296.7,3020.0,1518.4
,,,,,,,,8354,2281.0,2874.2,9609.3,3458.8,4741.6,4762.7,2886.8,2102.5,2915.6,10646.3,2830.1,1441.6
,,,,,,,,8355,2134.3,2700.6,9200.9,3244.3,4462.0,4557.5,2726.7,1996.2,2719.2,9902.5,2728.3,1357.3
,,,,,,,,8356,2089.0,2616.1,8909.3,3209.0,4401.9,4434.0,2664.3,1944.4,2708.2,9765.7,2661.8,1322.8
,,,,,,,,8357,2205.2,2743.9,9295.9,3298.5,4612.7,4613.8,2778.3,2007.2,2791.6,10309.2,2757.7,1367.2
,,,,,,,,8358,2425.3,3073.4,10410.6,3642.5,5046.7,5003.0,3064.3,2197.8,3109.7,11385.3,3010.0,1495.9
,,,,,,,,8359,2669.2,3335.1,11493.9,4043.2,5550.9,5559.7,3434.1,2470.3,3430.9,12274.9,3364.0,1700.2
,,,,,,,,8360,2910.9,3662.7,12440.8,4406.0,6059.0,6094.0,3740.1,2677.0,3638.5,13294.5,3637.3,1834.1
,,,,,,,,8361,3028.5,3697.3,12700.5,4530.6,6242.8,6244.9,3832.7,2745.3,3823.5,13698.4,3707.6,1858.0
,,,,,,,,8362,2938.8,3701.8,12377.4,4430.3,6120.3,6143.7,3731.8,2688.9,3705.2,13872.2,3712.4,1820.1
,,,,,,,,8363,2869.4,3582.8,11939.9,4195.3,5830.1,5838.1,3630.8,2594.6,3625.3,13292.6,3533.5,1759.1
,,,,,,,,8364,2707.9,3367.8,11504.7,4093.4,5692.3,5696.8,3452.2,2493.5,3432.3,12455.7,3413.9,1680.4
,,,,,,,,8365,2622.0,3240.9,11243.3,3913.8,5514.6,5468.5,3398.0,2383.1,3397.0,12289.2,3246.9,1622.3
,,,,,,,,8366,2615.8,3298.0,10968.2,3934.4,5497.8,5423.8,3362.7,2380.5,3314.3,12145.0,3286.5,1645.5
,,,,,,,,8367,2655.0,3315.3,11307.2,4063.8,5606.6,5614.4,3436.9,2444.2,3369.2,12383.5,3307.2,1687.1
,,,,,,,,8368,2805.5,3518.8,11993.7,4155.1,5747.9,5766.6,3569.9,2571.9,3551.7,12891.1,3475.3,1763.0
,,,,,,,,8369,2967.1,3634.5,12605.5,4377.2,6034.3,6141.8,3718.1,2653.1,3698.4,13770.6,3632.6,1804.8
,,,,,,,,8370,3052.4,3857.8,13190.1,4603.9,6346.8,6478.9,3939.6,2832.6,3946.4,14239.2,3863.4,1899.0
,,,,,,,,8371,3073.8,3906.5,13110.9,4627.6,6531.5,6467.1,3970.5,2814.9,3972.7,14290.6,3846.6,1964.6
,,,,,,,,8372,3059.0,3862.5,12831.9,4621.1,6463.6,6335.8,3899.7,2833.5,3943.5,14243.6,3828.2,1889.5
,,,,,,,,8373,2927.2,3702.3,12434.2,4338.4,6103.4,6098.2,3712.7,2706.0,3742.8,13598.4,3691.7,1812.0
,,,,,,,,8374,2777.2,3438.3,11957.9,4195.2,5803.0,5754.9,3511.9,2545.6,3505.9,12814.3,3516.4,1714.1
,,,,,,,,8375,2657.1,3293.3,11410.7,4024.2,5533.2,5571.3,3438.4,2460.1,3433.0,12212.2,3292.0,1689.9
,,,,,,,,8376,2602.3,3215.3,11085.2,3874.6,5399.5,5409.2,3329.0,2360.5,3296.9,12111.0,3220.2,1613.5
,,,,,,,,8377,2376.1,3057.0,10303.5,3568.0,5054.5,5031.0,3064.8,2208.9,3076.7,11234.6,2970.2,1525.9
,,,,,,,,8378,2311.0,2884.5,9770.9,3404.6,4787.4,4805.8,2888.0,2118.8,2908.2,10496.7,2866.8,1439.7
,,,,,,,,8379,2162.4,2660.8,9128.8,3264.3,4539.5,4452.2,2723.7,1992.2,2758.2,9857.7,2673.6,1337.0
,,,,,,,,8380,2106.8,2649.2,8900.3,3193.0,4456.0,4468.3,2671.8,1952.7,2687.5,9687.8,2626.9,1320.7
,,,,,,,,8381,2210.3,2742.2,9289.3,3301.6,4650.2,4626.9,2788.8,2046.4,2798.0,10156.9,2776.4,1371.7
,,,,,,,,8382,2418.3,3035.5,10246.6,3665.6,5037.6,5050.8,3057.5,2235.2,3118.4,11211.1,3072.5,1508.0
,,,,,,,,8383,2654.9,3366.7,11268.2,4080.7,5700.0,5570.3,3443.2,2453.7,3379.9,12331.1,3361.8,1704.7
,,,,,,,,8384,2944.1,3664.8,12441.9,4396.7,6006.6,6074.6,3712.0,2663.9,3722.7,13360.6,3626.2,1832.7
,,,,,,,,8385,3015.6,3766.4,12719.5,4480.8,6205.7,6191.3,3809.3,2745.8,3776.3,13918.9,3710.8,1849.5
,,,,,,,,8386,2987.4,3757.2,12749.5,4424.6,6246.6,6166.8,3772.5,2725.0,3809.5,13542.7,3715.1,1832.5
,,,,,,,,8387,2840.9,3565.3,12096.8,4242.3,5942.5,5897.0,3597.5,2622.1,3661.3,13358.8,3545.7,1758.8
,,,,,,,,8388,2751.6,3440.6,11414.6,4016.3,5749.1,5619.8,3506.1,2458.7,3469.6,12587.4,3341.3,1706.5
,,,,,,,,8389,2613.1,3332.8,11333.0,3998.2,5430.4,5560.7,3363.8,2388.7,3326.8,12167.1,3317.7,1657.6
,,,,,,,,8390,2611.1,3265.7,11022.3,3906.8,5434.4,5458.2,3370.1,2433.5,3381.8,12323.5,3285.7,1619.8
,,,,,,,,8391,2671.2,3389.4,11527.6,3982.4,5521.5,5579.1,3428.6,2427.9,3363.0,12425.4,3321.3,1680.8
,,,,,,,,8392,2775.5,3521.7,11962.2,4202.6,5836.1,5863.1,3532.6,2595.7,3566.1,13063.0,3491.5,1726.5
,,,,,,,,8393,2922.6,3623.1,12633.0,4434.9,6087.9,6182.6,3714.0,2715.7,3700.0,13723.3,3685.2,1852.7
,,,,,,,,8394,3092.2,3824.5,12861.3,4593.4,6473.7,6474.8,3927.8,2833.4,3896.6,14228.3,3874.6,1910.7
,,,,,,,,8395,3098.4,3922.4,13084.9,4643.8,6555.9,6462.8,4003.4,2825.6,4017.0,14466.2,3856.7,1962.0
,,,,,,,,8396,3070.5,3844.2,13221.1,4636.0,6321.2,6348.6,3855.7,2823.5,3869.6,14363.5,3875.2,1901.7
,,,,,,,,8397,2906.8,3619.2,12486.8,4434.3,6101.3,6107.0,3795.7,2708.8,3753.1,13580.3,3714.6,1839.7
,,,,,,,,8398,2781.9,3440.1,11686.9,4135.6,5802.7,5762.7,3561.3,2569.2,3510.9,13122.0,3434.7,1725.5
,,,,,,,,8399,2642.8,3301.7,11523.9,4005.9,5635.8,5648.1,3451.3,2450.8,3362.0,12267.6,3372.0,1687.9
,,,,,,,,8400,2597.1,3289.6,11076.7,3914.1,5400.5,5437.1,3310.3,2387.1,3361.6,12118.9,3300.2,1623.9
,,,,,,,,8401,2588.6,3194.5,10811.1,3851.2,5436.5,5427.4,3284.5,2337.6,3276.0,12100.4,3247.7,1612.6
,,,,,,,,8402,2442.5,3018.7,10270.3,3672.3,5070.0,5043.7,3077.1,2244.1,3095.7,11372.3,3031.7,1504.4
,,,,,,,,8403,2320.5,2845.4,9804.4,3484.0,4742.9,4770.3,2970.9,2141.6,2899.4,10686.4,2894.5,1448.2
,,,,,,,,8404,2278.3,2811.4,9490.0,3435.4,4754.0,4733.6,2908.1,2058.3,2916.2,10628.3,2840.8,1429.0
,,,,,,,,8405,2365.5,2919.8,10031.5,3580.8,4980.5,4914.8,3044.8,2173.3,3023.0,10922.6,2908.0,1470.1
,,,,,,,,8406,2554.6,3228.2,11067.5,3921.1,5398.9,5354.2,3256.3,2373.1,3333.4,11907.0,3271.2,1627.8
,,,,,,,,8407,2879.2,3610.6,12097.5,4325.9,5908.9,6034.1,3708.4,2629.0,3612.2,13174.2,3547.1,1779.5
,,,,,,,,8408,3081.1,3921.0,13192.2,4588.4,6439.1,6488.2,3895.7,2846.5,4002.2,14363.4,3920.2,1922.4
,,,,,,,,8409,3227.4,3959.4,13506.8,4830.2,6752.4,6710.9,4058.6,2949.3,4111.4,14803.3,4004.9,1979.6
,,,,,,,,8410,3191.9,3985.8,13317.8,4711.6,6533.7,6551.9,3971.1,2937.2,4001.2,14563.5,3945.6,1977.2
,,,,,,,,8411,3058.4,3830.7,12767.5,4505.3,6337.0,6329.7,3910.4,2792.8,3851.1,14134.7,3802.9,1903.9
,,,,,,,,8412,2873.1,3570.5,12215.6,4300.0,6018.1,6121.7,3696.3,2649.7,3635.3,13413.5,3575.9,1797.8
,,,,,,,,8413,2796.6,3552.6,12135.3,4216.3,5944.6,5942.7,3553.5,2551.8,3542.3,12862.2,3464.4,1776.6
,,,,,,,,8414,2760.7,3451.3,11907.0,4174.4,5778.5,5848.7,3562.3,2571.2,3531.2,13095.1,3490.3,1741.1
,,,,,,,,8415,2857.0,3571.9,12207.1,4311.5,6018.8,6025.2,3593.0,2594.6,3637.6,13102.1,3548.8,1787.0
,,,,,,,,8416,3010.5,3665.8,12788.4,4411.6,6200.9,6254.0,3753.6,2735.5,3779.2,13935.9,3667.3,1836.6
,,,,,,,,8417,3106.4,3916.0,13476.0,4665.3,6555.2,6477.4,3953.5,2909.0,3949.9,14433.0,3860.8,1980.9
,,,,,,,,8418,3311.4,4049.6,13866.7,4852.7,6832.3,6933.6,4167.1,3036.0,4114.1,15337.9,4108.9,2062.6
,,,,,,,,8419,3311.4,4143.4,14017.2,5006.5,6900.5,6931.7,4231.4,3039.3,4264.1,15605.9,4176.1,2100.5
,,,,,,,,8420,3311.8,4066.5,13803.1,4935.1,6858.3,6741.2,4139.4,3004.1,4132.1,15057.1,4096.9,2031.5
,,,,,,,,8421,3144.1,3925.9,13220.3,4717.3,6458.7,6504.5,4014.3,2914.8,3948.5,14448.1,3875.7,1934.2
,,,,,,,,8422,3016.0,3717.9,12643.6,4479.6,6215.6,6188.6,3836.4,2753.2,3843.4,13839.4,3752.4,1871.3
,,,,,,,,8423,2851.9,3541.9,12188.5,4291.5,5868.8,6031.1,3582.1,2591.5,3608.6,13278.1,3572.3,1802.5
,,,,,,,,8424,2739.5,3453.3,11756.3,4116.0,5724.5,5724.0,3583.0,2522.5,3582.1,13017.5,3478.9,1741.2
,,,,,,,,8425,2563.5,3261.4,11025.7,3840.3,5425.8,5312.4,3294.6,2388.3,3304.9,11941.0,3259.7,1622.0
,,,,,,,,8426,2405.9,3018.7,10473.0,3690.9,5054.8,5086.9,3143.0,2257.3,3105.1,11248.6,3035.2,1503.1
,,,,,,,,8427,2302.0,2916.8,9869.1,3494.2,4843.5,4795.5,2933.0,2114.5,2975.1,10789.7,2888.5,1446.1
,,,,,,,,8428,2276.8,2801.5,9581.5,3411.1,4723.4,4714.8,2908.1,2082.6,2854.1,10610.6,2790.7,1398.3
,,,,,,,,8429,2378.8,2997.8,9941.4,3575.6,4939.2,4990.9,3028.0,2191.0,3053.2,11149.2,2939.6,1476.9
,,,,,,,,8430,2601.1,3247.3,10903.5,3845.0,5505.6,5478.4,3327.2,2403.9,3354.9,12142.4,3239.0,1602.6
,,,,,,,,8431,2869.6,3545.1,12042.8,4333.2,6040.9,6038.0,3714.2,2615.0,3621.3,13437.3,3589.8,1796.3
,,,,,,,,8432,3136.4,3859.8,13102.1,4618.1,6502.0,6512.9,3986.8,2825.9,3996.6,14360.5,3887.1,1927.4
,,,,,,,,8433,3243.4,4021.1,13718.2,4763.1,6646.4,6753.1,4121.4,2903.5,4084.8,15060.0,3964.3,1999.4
,,,,,,,,8434,3207.2,3900.7,13535.0,4700.8,6535.9,6582.5,4007.0,2874.2,4043.5,14806.9,3955.3,2001.4
,,,,,,,,8435,3051.1,3761.6,12873.9,4526.5,6360.9,6276.2,3914.4,2751.1,3873.7,14062.7,3830.5,1908.1
,,,,,,,,8436,2938.6,3576.5,12441.5,4337.6,6023.3,6069.9,3724.8,2655.3,3742.4,13426.2,3641.8,1822.3
,,,,,,,,8437,2850.2,3473.0,11859.1,4284.2,5823.9,5958.9,3549.6,2586.0,3637.1,13089.8,3543.8,1737.8
,,,,,,,,8438,2839.6,3495.0,12104.1,4175.9,5851.0,5868.5,3552.1,2546.5,3542.2,13021.9,3517.5,1744.0
,,,,,,,,8439,2878.0,3614.8,12301.2,4337.8,6035.9,6052.0,3616.9,2636.5,3613.6,13228.3,3588.3,1763.0
,,,,,,,,8440,3001.1,3739.3,12699.7,4495.5,6290.4,6185.4,3788.0,2731.5,3766.1,13650.3,3717.8,1869.6
,,,,,,,,8441,3123.8,3905.2,13502.6,4695.2,6508.9,6560.2,3978.4,2911.0,4026.3,14489.6,3897.7,1956.0
,,,,,,,,8442,3243.3,4074.8,13987.7,4956.9,6759.0,6841.0,4178.1,3039.4,4193.7,15213.8,4079.7,2031.1
,,,,,,,,8443,3370.0,4168.2,13985.5,4936.2,7018.0,7066.7,4275.6,3062.3,4279.5,15274.7,4206.8,2075.9
,,,,,,,,8444,3283.7,4051.5,13748.6,4876.3,6896.4,6872.8,4242.3,3046.3,4120.8,15049.2,4115.7,2068.4
,,,,,,,,8445,3162.3,3891.3,13392.4,4781.1,6572.1,6538.0,3999.1,2852.3,4037.1,14447.3,3896.6,1986.9
,,,,,,,,8446,2989.3,3696.9,12599.2,4462.6,6150.6,6235.6,3804.7,2765.1,3795.9,13866.7,3703.1,1853.3
,,,,,,,,8447,2897.3,3537.9,12162.3,4226.9,6031.5,6035.7,3632.1,2627.3,3646.1,13358.7,3531.9,1782.6
,,,,,,,,8448,2797.7,3515.7,11731.1,4182.0,5751.7,5786.4,3504.8,2582.7,3563.1,12976.2,3438.8,1753.2
,,,,,,,,8449,2569.0,3189.1,10863.8,3850.6,5332.0,5470.4,3308.2,2347.3,3302.0,12112.9,3241.8,1609.0
,,,,,,,,8450,2475.5,3027.7,10366.7,3663.2,5132.5,5055.1,3108.7,2228.5,3142.6,11361.7,3079.6,1507.8
,,,,,,,,8451,2296.1,2893.7,9868.9,3509.5,4822.1,4775.7,2917.0,2130.2,2923.3,10755.7,2869.8,1453.5
,,,,,,,,8452,2268.0,2807.3,9543.8,3448.6,4723.2,4786.5,2911.3,2112.3,2933.6,10417.4,2822.8,1413.6
,,,,,,,,8453,2405.0,3005.3,9958.2,3536.0,4923.3,5015.2,3008.8,2179.4,3046.3,11025.6,2938.5,1491.4
,,,,,,,,8454,2607.4,3218.7,11100.1,3880.7,5512.2,5521.0,3284.8,2382.6,3367.5,12002.8,3229.9,1643.4
,,,,,,,,8455,2899.9,3564.5,12260.8,4369.8,6054.4,6014.1,3690.4,2668.5,3718.2,13350.0,3620.1,1799.9
,,,,,,,,8456,3122.0,3941.8,13250.0,4617.6,6597.7,6449.1,3993.0,2835.6,3982.6,14277.6,3856.1,1914.3
,,,,,,,,8457,3201.1,3960.9,13802.8,4773.2,6778.6,6754.7,4153.9,2936.2,4110.8,15007.6,4058.4,1998.4
,,,,,,,,8458,3192.3,3934.4,13424.2,4722.6,6660.2,6609.2,4092.9,2943.9,4038.5,14710.5,3945.1,1977.8
,,,,,,,,8459,3084.9,3836.4,12965.5,4550.5,6362.5,6419.0,3896.8,2799.3,3866.7,14217.4,3779.3,1908.0
,,,,,,,,8460,2914.8,3613.4,12526.0,4351.8,6041.0,6156.3,3656.4,2674.8,3676.9,13292.4,3622.6,1798.2
,,,,,,,,8461,2830.8,3570.3,12000.7,4273.1,5915.8,5967.5,3553.6,2608.0,3619.1,13214.1,3501.5,1788.1
,,,,,,,,8462,2808.4,3542.0,11885.4,4229.0,5842.9,5919.0,3576.6,2556.8,3549.0,13000.4,3482.9,1735.1
,,,,,,,,8463,2902.8,3566.2,12154.3,4346.9,5975.6,5931.0,3712.1,2653.6,3615.3,13384.6,3554.7,1763.8
,,,,,,,,8464,2998.4,3787.2,12730.5,4426.4,6190.3,6298.9,3862.1,2715.5,3836.4,13900.7,3744.7,1866.5
,,,,,,,,8465,3182.5,3962.7,13234.6,4794.4,6572.5,6485.7,3963.6,2915.7,4003.4,14642.1,3930.9,1991.8
,,,,,,,,8466,3333.5,4134.9,14172.5,4981.6,6880.0,6942.8,4141.5,2979.2,4212.8,15143.1,4138.5,2074.8
,,,,,,,,8467,3390.4,4149.5,14192.7,5031.2,6915.4,7064.6,4269.2,3051.6,4313.3,15427.8,4168.9,2102.5
,,,,,,,,8468,3282.3,4085.5,13848.1,4938.8,6820.0,6973.4,4147.4,3008.7,4170.4,15069.5,4138.2,2040.3
,,,,,,,,8469,3122.9,3916.5,13203.3,4768.4,6531.2,6484.2,3985.7,2860.7,4039.1,14532.1,3866.1,1985.3
,,,,,,,,8470,3025.0,3767.0,12612.0,4525.0,6222.8,6340.8,3859.7,2737.4,3860.1,14013.8,3683.3,1868.6
,,,,,,,,8471,2839.4,3553.2,12014.4,4322.2,5960.4,6040.4,3683.6,2629.4,3659.4,13426.4,3519.6,1794.3
,,,,,,,,8472,2784.8,3542.3,11880.8,4241.7,5911.9,5839.0,3547.6,2533.1,3550.0,12986.0,3456.7,1715.0
,,,,,,,,8473,2577.1,3262.7,10888.2,3895.9,5373.7,5408.5,3347.8,2374.6,3308.5,11931.0,3193.5,1633.5
,,,,,,,,8474,2440.7,3027.9,10507.3,3627.9,5092.2,5185.7,3106.1,2221.0,3155.6,11512.8,3027.6,1534.7
,,,,,,,,8475,2345.9,2872.3,9859.1,3443.9,4795.2,4867.2,2973.9,2136.9,2987.6,10746.4,2895.8,1436.5
,,,,,,,,8476,2287.0,2854.4,9585.0,3432.4,4701.1,4732.9,2861.3,2109.4,2916.7,10438.7,2857.9,1431.5
,,,,,,,,8477,2364.0,3017.8,10088.1,3565.4,4912.9,4912.5,3005.7,2160.8,3002.7,11131.9,2942.8,1479.9
,,,,,,,,8478,2623.0,3305.9,10963.0,3883.8,5424.4,5452.9,3359.3,2390.6,3342.8,12003.1,3212.7,1627.7
,,,,,,,,8479,2902.5,3576.1,12228.2,4343.1,6036.4,6005.1,3628.6,2684.7,3675.2,13579.8,3633.0,1772.9
,,,,,,,,8480,3126.6,3884.9,13067.7,4628.6,6441.3,6565.5,3922.0,2862.8,3980.3,14679.2,3936.2,1925.3
,,,,,,,,8481,3216.8,4066.6,13534.0,4826.9,6730.8,6646.3,4130.8,2953.6,4058.9,14950.1,4039.6,2013.2
,,,,,,,,8482,3178.4,3985.1,13380.3,4803.1,6716.9,6654.9,4022.8,2909.3,4025.4,14917.4,3958.7,1995.9
,,,,,,,,8483,3009.7,3770.5,13153.6,4533.4,6365.6,6285.6,3905.2,2821.3,3895.8,14332.6,3838.9,1924.6
,,,,,,,,8484,2927.4,3646.6,12416.6,4438.8,6087.7,6072.7,3687.0,2655.2,3664.5,13326.9,3586.9,1795.0
,,,,,,,,8485,2867.5,3545.5,12221.8,4294.7,5864.1,6005.8,3560.6,2579.3,3652.5,13302.2,3574.4,1786.2
,,,,,,,,8486,2843.4,3546.1,12133.5,4279.0,5906.6,5885.7,3640.5,2627.9,3629.9,13020.0,3466.9,1764.2
,,,,,,,,8487,2870.3,3649.8,12193.4,4360.9,6085.5,6022.1,3625.6,2646.8,3715.3,13228.7,3557.6,1809.7
,,,,,,,,8488,2986.2,3698.6,12741.3,4477.7,6230.3,6176.1,3828.3,2751.2,3772.1,13965.6,3688.3,1872.2
,,,,,,,,8489,3184.1,3975.7,13279.7,4703.9,6688.4,6511.4,4051.0,2929.2,4023.6,14686.6,3949.7,1983.8
,,,,,,,,8490,3332.6,4091.5,14072.0,4927.4,6983.8,6861.8,4258.4,3003.7,4215.5,15351.0,4123.9,2066.9
,,,,,,,,8491,3405.7,4148.0,14448.1,4972.0,7037.4,7063.8,4226.4,3091.5,4296.5,15371.5,4149.1,2058.8
,,,,,,,,8492,3336.8,4183.2,14051.7,4911.2,6809.3,6864.5,4177.9,3051.5,4166.4,15410.6,4155.7,2078.5
,,,,,,,,8493,3126.8,3930.3,13546.1,4785.1,6631.8,6595.2,3995.9,2881.8,4046.1,14555.5,3941.3,1974.1
,,,,,,,,8494,3013.1,3801.3,12840.1,4525.4,6305.9,6325.2,3839.9,2781.2,3799.9,13887.8,3750.7,1877.6
,,,,,,,,8495,2856.7,3569.1,12347.4,4362.0,5948.1,6081.4,3612.5,2643.4,3704.6,13527.1,3591.5,1803.0
,,,,,,,,8496,2760.1,3454.2,11939.6,4181.4,5870.0,5882.4,3619.6,2598.2,3554.5,12925.8,3460.4,1724.7
,,,,,,,,8497,2582.7,3283.2,11168.7,3919.5,5415.2,5474.9,3277.5,2400.8,3317.4,12012.1,3206.5,1621.1
,,,,,,,,8498,2454.6,3114.4,10594.1,3633.0,5186.4,5148.2,3102.2,2232.5,3106.8,11341.5,3081.3,1509.9
,,,,,,,,8499,2314.8,2912.3,9987.6,3521.0,4882.2,4913.0,2928.0,2139.9,2935.3,10724.0,2899.3,1437.3
,,,,,,,,8500,2249.7,2827.4,9722.6,3391.2,4720.9,4832.7,2897.1,2097.7,2939.5,10672.7,2845.1,1422.9
,,,,,,,,8501,2401.7,2999.7,10238.7,3621.2,5060.8,4962.0,3016.1,2219.3,3083.3,11086.9,2985.9,1492.6
,,,,,,,,8502,2602.6,3250.6,11214.1,3889.1,5456.9,5395.3,3328.1,2407.8,3287.5,12282.6,3279.7,1610.3
,,,,,,,,8503,2931.5,3653.4,12228.7,4409.2,5966.3,6031.0,3663.5,2694.0,3637.3,13546.3,3623.7,1792.5
,,,,,,,,8504,3162.9,3932.7,13368.5,4697.8,6558.0,6603.7,3934.3,2874.2,4015.8,14424.7,3916.5,1927.4
,,,,,,,,8505,3231.8,4059.3,13726.8,4918.4,6832.2,6852.3,4169.4,2976.4,4115.3,15031.0,4002.9,2023.0
,,,,,,,,8506,3205.5,4010.2,13624.1,4777.1,6702.6,6735.7,4055.8,2967.7,4083.1,14984.0,3978.5,1986.4
,,,,,,,,8507,3076.4,3814.5,12931.8,4544.2,6443.1,6488.1,3846.4,2793.7,3861.9,14019.6,3751.5,1926.8
,,,,,,,,8508,2919.2,3646.3,12236.8,4429.8,6184.5,6037.1,3759.1,2711.1,3696.1,13504.2,3635.4,1837.4
,,,,,,,,8509,2815.3,3564.4,11898.4,4231.7,6019.7,5941.2,3596.8,2624.9,3605.3,13006.9,3528.5,1750.5
,,,,,,,,8510,2825.3,3487.0,12180.2,4186.0,5938.9,5989.2,3659.1,2564.0,3581.1,12929.6,3556.3,1744.0
,,,,,,,,8511,2875.6,3580.4,12194.0,4354.1,6116.2,6059.8,3657.9,2658.6,3655.7,13418.0,3625.9,1812.2
,,,,,,,,8512,2982.7,3734.4,12722.4,4510.4,6339.3,6341.6,3877.4,2777.2,3880.8,14133.1,3705.7,1886.9
,,,,,,,,8513,3187.2,4014.2,13582.9,4771.1,6615.9,6537.7,3979.4,2898.0,4064.6,14678.2,3899.9,1993.3
,,,,,,,,8514,3260.2,4075.0,14025.1,4885.8,6964.3,6846.3,4182.5,3026.5,4176.5,15251.9,4073.9,2080.7
,,,,,,,,8515,3361.6,4143.3,14229.7,4985.7,7081.5,6997.1,4227.9,3054.6,4308.5,15614.6,4132.7,2074.4
,,,,,,,,8516,3315.8,4189.0,13922.1,4950.0,6827.6,6858.1,4263.2,3021.3,4154.5,15205.9,4123.4,2034.3
,,,,,,,,8517,3185.4,3997.0,13305.5,4676.0,6658.1,6519.6,3978.0,2909.7,4076.5,14502.9,3911.6,1975.5
,,,,,,,,8518,3014.4,3797.8,12816.6,4493.7,6313.5,6287.5,3883.0,2727.9,3814.5,13853.9,3792.5,1869.3
,,,,,,,,8519,2860.8,3549.4,12062.8,4370.8,5977.6,5930.2,3686.0,2610.4,3681.9,13401.1,3582.5,1783.1
,,,,,,,,8520,2808.1,3540.6,11762.6,4155.9,5910.1,5841.9,3616.1,2569.9,3590.4,12972.4,3484.3,1740.9
,,,,,,,,8521,2438.8,3072.1,10481.9,3664.7,5050.2,5141.5,3106.3,2239.6,3079.4,11451.8,2996.6,1534.3
,,,,,,,,8522,2311.1,2901.4,9833.9,3506.7,4906.4,4773.5,2935.3,2102.8,2950.6,10663.7,2886.2,1450.9
,,,,,,,,8523,2188.9,2745.8,9198.6,3295.1,4632.8,4541.6,2769.8,2033.3,2780.4,10196.0,2734.8,1376.4
,,,,,,,,8524,2122.3,2709.4,9026.9,3269.9,4523.6,4516.6,2769.3,1946.7,2709.9,9873.9,2708.5,1356.3
,,,,,,,,8525,2252.5,2810.8,9444.4,3407.3,4719.3,4722.5,2866.5,2075.4,2834.1,10586.9,2812.3,1403.2
,,,,,,,,8526,2457.7,3061.0,10470.3,3729.2,5118.7,5171.9,3134.2,2271.8,3157.9,11553.1,3035.0,1548.3
,,,,,,,,8527,2693.1,3395.3,11653.5,4042.1,5635.0,5691.9,3442.2,2489.9,3484.1,12530.1,3406.3,1677.2
,,,,,,,,8528,2915.9,3643.3,12527.5,4427.4,6159.3,6221.4,3776.1,2710.1,3773.5,13503.0,3642.9,1857.7
,,,,,,,,8529,3063.3,3776.7,13018.9,4525.0,6409.3,6281.8,3829.0,2830.6,3829.5,14154.2,3788.1,1897.8
,,,,,,,,8530,3015.2,3710.0,12960.6,4557.9,6293.0,6286.4,3860.1,2763.4,3785.7,14022.1,3723.5,1857.5
,,,,,,,,8531,2901.4,3642.3,12140.1,4283.2,5964.7,6103.7,3685.7,2660.3,3661.0,13300.6,3583.7,1772.5
,,,,,,,,8532,2766.7,3456.6,11640.6,4093.6,5750.5,5673.6,3490.9,2499.6,3556.4,12923.5,3433.0,1704.1
,,,,,,,,8533,2699.5,3350.7,11523.3,4017.8,5511.2,5657.9,3399.2,2442.4,3462.3,12328.1,3305.9,1643.8
,,,,,,,,8534,2634.9,3369.0,11407.5,3995.6,5640.3,5527.1,3404.8,2453.4,3404.0,12517.9,3343.2,1663.7
,,,,,,,,8535,2707.6,3371.5,11580.0,4052.8,5754.5,5692.6,3487.8,2479.3,3488.6,12753.4,3334.3,1705.6
,,,,,,,,8536,2848.2,3583.2,11852.7,4192.4,5991.9,5869.8,3660.2,2635.1,3622.3,12950.0,3493.0,1740.9
,,,,,,,,8537,2943.6,3671.6,12845.8,4451.0,6259.0,6231.3,3755.9,2715.5,3794.2,13825.5,3670.1,1852.3
,,,,,,,,8538,3070.0,3870.9,13304.3,4605.0,6456.7,6596.1,4001.4,2835.6,3995.3,14542.9,3911.4,1948.5
,,,,,,,,8539,3161.9,3912.9,13614.4,4725.5,6586.3,6574.2,3988.4,2942.7,4051.7,14763.4,3981.6,1989.4
,,,,,,,,8540,3156.4,3887.1,13366.8,4673.4,6548.6,6528.8,3990.7,2890.6,3970.6,14660.7,3862.9,1907.6
,,,,,,,,8541,2998.5,3738.9,12491.8,4528.2,6264.5,6283.4,3834.6,2762.3,3804.9,14005.2,3760.3,1827.9
,,,,,,,,8542,2868.8,3525.2,12128.8,4192.7,5899.9,5950.2,3587.3,2588.8,3589.7,13184.0,3490.8,1777.3
,,,,,,,,8543,2749.1,3396.5,11692.8,4043.6,5720.1,5597.5,3432.5,2461.1,3418.4,12511.0,3352.8,1687.4
,,,,,,,,8544,2645.6,3354.5,11363.4,3978.1,5458.3,5472.2,3387.0,2419.1,3353.1,12157.4,3266.0,1630.8
,,,,,,,,8545,2475.8,3108.0,10326.2,3726.5,5063.7,5093.1,3146.0,2281.8,3100.2,11269.7,3010.7,1523.8
,,,,,,,,8546,2291.8,2870.4,9906.1,3460.9,4811.5,4829.9,2949.3,2142.4,2979.8,10816.2,2860.9,1426.5
,,,,,,,,8547,2183.9,2715.8,9337.3,3314.7,4646.2,4583.3,2800.9,2041.5,2834.0,10064.6,2728.9,1370.1
,,,,,,,,8548,2148.5,2693.1,9233.9,3245.7,4551.7,4551.4,2738.6,1966.2,2763.5,9988.5,2712.2,1358.1
,,,,,,,,8549,2278.3,2785.7,9533.5,3390.8,4719.4,4698.1,2884.2,2087.8,2853.2,10424.3,2785.6,1387.1
,,,,,,,,8550,2449.1,3095.4,10389.6,3662.7,5115.0,5220.8,3119.3,2283.2,3115.0,11495.8,3096.5,1554.6
,,,,,,,,8551,2695.8,3399.4,11715.9,4162.7,5755.0,5747.6,3488.5,2532.1,3448.4,12670.7,3404.0,1717.5
,,,,,,,,8552,2981.1,3670.3,12399.3,4425.5,6249.7,6121.4,3773.4,2741.4,3808.7,13844.4,3634.1,1843.6
,,,,,,,,8553,3093.6,3827.5,13047.9,4609.9,6334.7,6364.1,3841.3,2783.3,3940.5,14152.7,3792.3,1891.5
,,,,,,,,8554,3018.8,3802.5,12864.3,4480.2,6297.3,6307.0,3843.9,2758.6,3804.1,13922.1,3686.5,1865.9
,,,,,,,,8555,2859.0,3609.0,12134.9,4334.8,6008.1,6075.9,3733.0,2671.4,3675.9,13269.9,3574.3,1794.9
,,,,,,,,8556,2756.4,3466.1,11849.3,4188.9,5823.2,5808.3,3560.1,2531.6,3569.6,12972.4,3427.3,1709.1
,,,,,,,,8557,2643.4,3303.2,11480.9,4003.8,5538.0,5532.9,3447.6,2464.4,3441.9,12329.4,3318.1,1646.5
,,,,,,,,8558,2669.6,3351.2,11388.2,4025.6,5519.2,5583.7,3433.5,2441.7,3435.5,12401.7,3270.4,1649.9
,,,,,,,,8559,2684.3,3450.0,11643.5,4145.5,5641.8,5646.5,3459.0,2490.1,3501.8,12453.3,3404.0,1692.9
,,,,,,,,8560,2816.4,3521.7,12043.3,4192.8,5915.2,5946.7,3600.3,2619.3,3582.9,13208.7,3496.0,1769.5
,,,,,,,,8561,2958.1,3760.9,12810.8,4438.6,6226.2,6259.1,3767.6,2763.3,3781.8,13915.1,3761.4,1860.5
,,,,,,,,8562,3112.2,3903.5,13371.1,4676.9,6508.1,6619.5,4005.4,2869.9,3950.9,14591.6,3895.7,1961.6
,,,,,,,,8563,3202.0,4003.1,13565.1,4695.7,6703.6,6733.2,4092.5,2946.6,3989.5,14636.2,3960.0,1978.4
,,,,,,,,8564,3138.8,3843.9,13103.7,4737.1,6444.2,6603.3,4034.7,2900.5,3926.5,14616.8,3912.8,1913.9
,,,,,,,,8565,2954.5,3751.4,12536.2,4498.1,6290.3,6234.3,3854.9,2725.7,3828.5,13720.6,3720.2,1853.6
,,,,,,,,8566,2834.9,3585.2,12020.3,4232.1,5898.6,6006.6,3604.9,2603.6,3567.9,13341.3,3555.6,1782.8
,,,,,,,,8567,2748.3,3406.2,11558.3,4139.3,5724.1,5650.1,3500.5,2490.4,3452.6,12719.0,3328.5,1689.5
,,,,,,,,8568,2628.0,3324.1,11329.6,3934.8,5551.9,5523.3,3406.4,2432.4,3409.4,12402.4,3302.3,1641.3
,,,,,,,,8569,2601.4,3240.7,11014.2,3900.3,5399.4,5384.0,3289.5,2384.1,3374.4,11949.6,3225.9,1614.6
,,,,,,,,8570,2486.5,3108.2,10649.7,3689.8,5179.6,5204.5,3114.4,2290.5,3178.6,11446.4,3062.8,1528.4
,,,,,,,,8571,2364.0,2924.3,9994.3,3530.7,4844.9,4935.8,2990.4,2164.8,2944.0,10898.5,2912.7,1448.3
,,,,,,,,8572,2304.6,2854.0,9815.9,3473.0,4836.6,4766.3,2966.2,2086.3,2924.9,10786.4,2859.4,1430.6
,,,,,,,,8573,2421.7,3034.2,10165.8,3560.1,5021.7,5006.4,3047.8,2215.3,3046.4,11271.3,2961.6,1487.1
,,,,,,,,8574,2641.8,3285.2,11143.8,3906.7,5556.4,5440.6,3322.0,2415.9,3321.1,12074.0,3308.3,1634.7
,,,,,,,,8575,2952.0,3630.6,12292.2,4401.5,6113.7,6144.1,3695.9,2685.5,3756.7,13632.8,3641.4,1834.5
,,,,,,,,8576,3114.8,3876.9,13290.3,4700.3,6569.8,6520.8,3989.0,2869.8,4037.6,14589.3,3883.9,1975.5
,,,,,,,,8577,3297.7,4084.1,13855.6,4906.6,6750.8,6759.4,4089.7,2988.5,4184.6,15066.4,4027.2,2007.9
,,,,,,,,8578,3228.7,4044.0,13605.4,4764.1,6712.5,6800.4,4144.8,2932.0,4121.3,15074.7,4003.2,1966.5
,,,,,,,,8579,3078.9,3806.6,12948.9,4632.2,6349.4,6359.8,3968.3,2796.2,3921.1,14134.1,3834.2,1934.5
,,,,,,,,8580,2907.8,3693.2,12385.5,4414.5,6161.7,6220.4,3766.2,2720.0,3791.0,13472.2,3649.0,1811.7
,,,,,,,,8581,2893.7,3592.1,12083.6,4310.1,5905.1,6061.3,3643.3,2587.8,3641.2,13254.7,3591.6,1750.3
,,,,,,,,8582,2887.8,3559.6,12063.2,4280.9,6029.8,5996.8,3604.4,2611.1,3636.9,13372.9,3489.4,1785.4
,,,,,,,,8583,2895.9,3631.5,12501.9,4389.7,6042.7,6045.5,3725.3,2639.1,3747.4,13618.1,3582.7,1815.3
,,,,,,,,8584,3035.2,3818.4,12834.9,4591.7,6401.3,6407.5,3837.2,2779.0,3879.5,14182.1,3755.1,1905.1
,,,,,,,,8585,3143.7,3998.0,13648.4,4749.3,6566.2,6665.3,4012.1,2904.6,4023.4,14845.2,3908.9,1998.2
,,,,,,,,8586,3350.6,4207.7,14058.5,5049.3,6864.0,7033.8,4210.8,3074.4,4248.1,15372.3,4140.8,2036.9
,,,,,,,,8587,3351.5,4275.6,14385.3,5088.6,7087.6,6975.6,4319.4,3080.8,4316.2,15783.7,4199.0,2102.4
,,,,,,,,8588,3340.6,4217.8,14104.8,5047.5,6860.3,6994.3,4216.9,3015.4,4284.5,15413.6,4111.4,2063.9
,,,,,,,,8589,3215.2,3941.2,13559.8,4767.9,6741.6,6612.1,4074.2,2893.4,4015.4,14726.4,4000.3,1953.3
,,,,,,,,8590,2987.9,3810.5,12910.3,4469.4,6312.4,6380.9,3911.6,2773.7,3892.7,14237.8,3752.6,1863.3
,,,,,,,,8591,2919.3,3638.5,12433.2,4313.5,6088.8,6002.7,3678.4,2678.9,3648.7,13640.6,3582.8,1807.5
,,,,,,,,8592,2824.0,3578.6,11826.8,4233.7,5868.1,5958.1,3618.2,2618.0,3561.0,13177.5,3527.8,1741.8
,,,,,,,,8593,2636.5,3223.7,11014.7,3908.4,5461.1,5451.0,3298.6,2410.2,3377.8,12107.1,3266.5,1639.9
,,,,,,,,8594,2503.1,3134.7,10636.5,3674.7,5248.2,5205.9,3128.3,2289.5,3123.1,11397.1,3073.1,1520.5
,,,,,,,,8595,2373.7,2906.9,9923.2,3464.4,4851.7,4894.2,2998.1,2164.3,2987.4,10833.5,2876.1,1473.8
,,,,,,,,8596,2269.5,2905.4,9913.3,3468.5,4854.2,4774.7,2968.4,2115.7,2906.7,10713.5,2824.6,1410.2
,,,,,,,,8597,2376.4,3047.2,10141.8,3596.6,5107.5,5041.4,3066.5,2225.8,3109.6,11132.5,2961.5,1497.8
,,,,,,,,8598,2670.2,3255.8,11088.4,3935.0,5539.1,5560.8,3398.3,2402.4,3375.1,12402.1,3262.9,1654.7
,,,,,,,,8599,2899.3,3603.3,12518.5,4391.4,6028.7,6078.7,3685.1,2706.7,3712.4,13371.2,3577.4,1824.4
,,,,,,,,8600,3177.5,3923.3,13378.8,4680.2,6686.5,6570.3,4049.3,2933.3,4054.3,14520.6,3973.0,1978.3
,,,,,,,,8601,3243.8,4046.9,13948.7,4914.4,6802.4,6864.4,4177.5,3002.2,4177.8,15064.7,4084.3,2049.7
,,,,,,,,8602,3255.6,4044.1,13821.5,4857.4,6768.2,6736.2,4137.8,2911.2,4042.4,14927.0,4048.3,2014.2
,,,,,,,,8603,3052.8,3884.2,12939.6,4613.1,6387.2,6528.1,3897.0,2801.1,3960.3,14522.7,3781.7,1910.6
,,,,,,,,8604,2931.3,3658.4,12420.5,4466.9,6237.7,6242.5,3767.4,2722.1,3788.5,13872.9,3708.6,1819.4
,,,,,,,,8605,2906.4,3597.6,12356.6,4296.2,5969.7,5971.3,3639.3,2662.6,3645.4,13291.0,3567.9,1752.2
,,,,,,,,8606,2830.0,3533.3,12028.2,4229.6,5958.4,6042.4,3596.0,2590.5,3669.6,13335.9,3545.3,1788.7
,,,,,,,,8607,2867.7,3670.4,12511.9,4360.0,6075.1,6078.7,3710.0,2640.2,3714.3,13580.4,3569.4,1813.3
,,,,,,,,8608,3007.0,3742.5,12745.2,4581.0,6402.6,6276.5,3908.5,2752.2,3871.5,13974.1,3801.4,1877.1
,,,,,,,,8609,3182.5,4008.5,13635.3,4819.8,6765.2,6617.7,4048.9,2972.5,4062.5,14993.7,3908.8,1999.4
,,,,,,,,8610,3321.5,4194.6,13986.7,5041.7,6994.6,6993.7,4284.5,3104.3,4273.5,15585.7,4125.8,2058.1
,,,,,,,,8611,3411.5,4252.2,14215.6,5092.1,7089.9,7098.2,4308.6,3104.6,4274.1,15585.6,4231.1,2101.4
,,,,,,,,8612,3329.4,4151.1,14000.4,4932.8,7074.1,6884.0,4304.9,3060.6,4285.1,15493.4,4181.7,2091.5
,,,,,,,,8613,3225.1,3951.5,13552.1,4751.5,6603.7,6670.1,4044.2,2921.1,4030.0,14910.3,3975.1,1964.8
,,,,,,,,8614,3018.3,3788.4,12787.7,4532.0,6333.6,6398.3,3835.0,2821.3,3871.4,13915.1,3774.5,1902.5
,,,,,,,,8615,2870.2,3634.9,12282.9,4406.8,6056.7,6121.4,3745.5,2705.6,3743.2,13567.1,3621.7,1806.4
,,,,,,,,8616,2852.6,3563.1,12169.1,4306.7,5852.0,6000.3,3567.8,2582.2,3625.9,13296.1,3478.5,1754.9
,,,,,,,,8617,2627.7,3311.0,11158.3,3978.3,5472.6,5479.8,3337.4,2396.4,3377.1,12355.7,3293.4,1650.4
,,,,,,,,8618,2502.3,3058.4,10479.1,3713.2,5216.1,5133.0,3125.3,2309.4,3171.8,11385.6,3078.1,1558.6
,,,,,,,,8619,2378.5,2932.5,10131.6,3561.7,4901.8,4973.1,2952.3,2183.3,3039.9,10923.4,2900.9,1437.8
,,,,,,,,8620,2325.0,2911.4,9927.7,3480.5,4868.7,4790.1,2918.8,2132.2,2967.8,10657.1,2847.9,1433.7
,,,,,,,,8621,2422.1,3026.0,10224.7,3620.8,5023.6,5113.8,3030.3,2200.5,3087.4,11094.4,3005.0,1507.9
,,,,,,,,8622,2632.4,3282.7,11215.5,3986.9,5577.8,5589.1,3410.4,2406.5,3368.1,12436.5,3263.1,1657.2
,,,,,,,,8623,2902.7,3678.0,12454.2,4446.1,6117.7,6072.0,3777.7,2713.4,3716.8,13762.3,3630.4,1814.1
,,,,,,,,8624,3173.7,3913.2,13621.1,4788.5,6631.3,6656.6,3979.3,2903.3,4075.8,14462.5,3922.9,1950.5
,,,,,,,,8625,3303.7,4124.8,13843.0,4856.5,6878.2,6923.2,4148.9,3013.5,4151.3,15140.8,4085.8,2027.2
,,,,,,,,8626,3182.6,4067.2,13703.9,4785.4,6838.7,6792.7,4092.8,2940.5,4052.9,15018.1,3969.4,1999.0
,,,,,,,,8627,3043.5,3900.1,13128.0,4627.6,6550.3,6531.3,3945.4,2805.4,3914.1,14320.2,3824.5,1940.5
,,,,,,,,8628,2946.0,3732.0,12400.2,4452.2,6149.9,6250.6,3815.9,2686.4,3749.8,13586.5,3656.7,1842.6
,,,,,,,,8629,2896.0,3545.3,12238.5,4358.1,5916.4,6082.1,3612.4,2645.0,3665.4,13153.8,3582.9,1782.8
,,,,,,,,8630,2886.0,3534.5,12199.7,4236.7,5896.5,6007.8,3591.7,2647.4,3682.8,13139.8,3510.1,1771.1
,,,,,,,,8631,2884.0,3635.6,12487.1,4337.4,6049.5,6071.0,3747.4,2676.2,3668.3,13376.9,3643.3,1829.3
,,,,,,,,8632,2995.8,3812.9,12801.5,4584.6,6371.0,6422.5,3924.3,2793.6,3853.0,14069.2,3755.1,1859.8
,,,,,,,,8633,3187.1,3941.4,13705.6,4848.0,6639.1,6678.5,4102.1,2897.4,4094.6,14914.7,3957.8,1961.3
,,,,,,,,8634,3374.5,4176.6,14131.8,4939.9,6981.9,6923.4,4200.6,3100.0,4228.9,15547.6,4160.0,2053.4
,,,,,,,,8635,3411.6,4258.6,14621.8,5111.1,7155.4,7099.0,4342.9,3075.8,4368.9,15589.4,4155.9,2123.0
,,,,,,,,8636,3375.6,4231.6,14312.8,4987.8,6929.8,6976.9,4239.0,3097.4,4316.9,15721.2,4128.9,2071.9
,,,,,,,,8637,3158.4,3966.4,13410.7,4821.1,6759.3,6685.1,4108.5,2926.5,4123.8,14936.0,3906.8,1989.4
,,,,,,,,8638,3046.5,3785.6,13069.0,4592.3,6362.6,6394.2,3913.8,2795.8,3824.3,14107.2,3817.8,1867.4
,,,,,,,,8639,2909.7,3601.2,12534.3,4410.4,6131.8,6170.5,3667.1,2633.1,3762.9,13641.3,3584.2,1803.4
,,,,,,,,8640,2835.2,3502.8,12044.3,4278.3,5915.8,5908.5,3617.1,2597.7,3568.7,13252.8,3498.3,1784.5
,,,,,,,,8641,2643.0,3284.2,11254.5,3952.1,5546.6,5570.4,3377.4,2421.3,3374.3,12241.6,3258.0,1624.6
,,,,,,,,8642,2483.8,3113.2,10447.5,3766.3,5176.1,5236.6,3201.2,2302.2,3171.8,11527.0,3051.3,1545.4
,,,,,,,,8643,2319.0,2901.2,10150.2,3550.7,4956.0,4903.0,3004.9,2146.1,3002.5,11084.4,2934.1,1445.3
,,,,,,,,8644,2324.1,2902.3,9876.2,3476.0,4817.4,4770.0,2982.5,2112.0,2931.8,10838.9,2871.3,1438.3
,,,,,,,,8645,2424.1,3021.6,10331.2,3580.7,4978.0,5027.7,3052.1,2220.4,3112.6,11050.8,2952.4,1478.5
,,,,,,,,8646,2631.6,3330.0,11110.5,4004.7,5605.9,5474.3,3391.3,2406.7,3379.0,12321.7,3236.4,1628.2
,,,,,,,,8647,2972.1,3698.5,12428.1,4450.9,6077.2,6097.5,3721.0,2692.6,3716.0,13737.8,3610.7,1827.4
,,,,,,,,8648,3148.8,3976.7,13399.7,4713.4,6585.9,6664.3,3977.6,2887.0,4008.8,14593.2,3913.3,1982.7
,,,,,,,,8649,3318.2,4102.8,13893.5,4923.1,6760.1,6754.8,4124.7,3013.3,4208.1,15248.8,4017.0,2022.8
,,,,,,,,8650,3239.9,3991.4,13825.8,4779.3,6739.5,6826.7,4108.9,2979.7,4089.9,14888.7,4037.2,2029.0
,,,,,,,,8651,3067.9,3854.3,13105.3,4643.0,6513.1,6458.9,3932.6,2819.9,3909.0,14394.7,3842.6,1896.9
,,,,,,,,8652,2973.2,3689.1,12679.0,4446.6,6123.9,6183.2,3787.1,2685.7,3783.7,13779.2,3652.7,1807.5
,,,,,,,,8653,2878.1,3624.9,12402.7,4294.6,5970.3,6064.8,3645.2,2608.0,3652.3,13506.4,3604.1,1770.8
,,,,,,,,8654,2888.0,3583.1,12158.1,4292.5,6038.6,6013.9,3673.2,2617.7,3671.3,13312.5,3599.8,1785.3
,,,,,,,,8655,2885.5,3659.1,12521.0,4416.4,6031.5,6041.3,3717.6,2719.2,3735.5,13504.7,3599.2,1794.1
,,,,,,,,8656,3038.1,3745.3,13073.4,4599.9,6381.3,6361.8,3902.9,2751.4,3932.5,14112.9,3726.7,1898.7
,,,,,,,,8657,3223.3,4029.8,13761.5,4861.3,6623.9,6790.2,4128.1,2939.1,4128.3,15028.8,3989.3,1968.6
,,,,,,,,8658,3308.9,4209.2,14238.5,5016.1,7037.3,6937.6,4266.9,3029.5,4205.5,15593.0,4123.1,2050.6
,,,,,,,,8659,3415.2,4213.1,14290.6,5070.8,7049.0,7036.9,4364.2,3162.4,4341.9,15587.9,4223.6,2089.1
,,,,,,,,8660,3367.2,4218.7,14046.3,5069.8,7096.6,7023.7,4237.5,3113.5,4319.0,15542.8,4124.2,2075.8
,,,,,,,,8661,3181.1,3980.7,13724.5,4781.4,6719.5,6713.9,4040.6,2934.6,4100.1,14877.9,3940.9,2001.7
,,,,,,,,8662,3069.5,3801.3,12832.5,4600.3,6406.8,6301.5,3901.9,2827.5,3856.5,14293.0,3762.5,1895.6
,,,,,,,,8663,2941.3,3619.9,12374.8,4425.4,6018.8,6036.0,3672.2,2645.1,3666.7,13636.7,3613.6,1779.2
,,,,,,,,8664,2831.3,3595.7,12109.4,4286.7,5869.9,5877.4,3580.9,2596.7,3622.5,13075.2,3488.5,1747.1
,,,,,,,,8665,2609.3,3301.4,11102.0,3925.0,5486.9,5497.5,3353.8,2411.7,3383.7,12245.5,3243.8,1610.3
,,,,,,,,8666,2504.1,3148.9,10534.3,3745.4,5263.9,5136.6,3186.2,2277.0,3186.4,11731.9,3104.5,1547.1
,,,,,,,,8667,2333.9,2918.9,9955.8,3495.9,5002.1,4976.2,3038.4,2163.3,3001.7,11032.7,2952.3,1460.8
,,,,,,,,8668,2314.6,2890.9,9812.5,3425.0,4809.1,4770.8,2974.8,2146.2,2939.8,10694.4,2880.0,1413.0
,,,,,,,,8669,2386.9,2989.1,10226.2,3588.6,5039.1,4997.0,3081.8,2189.8,3110.2,11336.3,2966.1,1513.0
,,,,,,,,8670,2668.0,3295.9,11334.8,3924.2,5606.5,5530.7,3391.8,2473.1,3362.2,12493.0,3312.7,1623.7
,,,,,,,,8671,2928.9,3667.5,12370.0,4466.9,6207.8,6105.1,3697.7,2657.6,3775.8,13577.4,3684.0,1811.0
,,,,,,,,8672,3203.1,3964.7,13354.9,4764.7,6631.0,6548.0,4051.3,2913.9,4045.7,14617.0,3982.0,1983.6
,,,,,,,,8673,3243.5,4074.7,14123.8,4950.1,6776.2,6781.3,4159.6,3044.1,4147.0,15236.9,4013.0,2000.8
,,,,,,,,8674,3225.8,3998.6,13686.4,4879.7,6777.6,6699.4,4072.5,2939.7,4130.1,14848.2,4055.5,1977.8
,,,,,,,,8675,3132.7,3864.1,13345.2,4616.4,6561.9,6527.4,3982.3,2810.2,3931.7,14233.2,3855.5,1923.5
,,,,,,,,8676,2934.6,3664.8,12595.0,4415.3,6241.4,6259.5,3731.8,2750.5,3763.1,13638.1,3632.6,1847.7
,,,,,,,,8677,2851.2,3633.9,12097.7,4305.9,6080.1,6023.2,3709.1,2610.6,3629.5,13350.6,3615.0,1769.5
,,,,,,,,8678,2858.8,3561.3,12200.1,4314.0,6079.0,6066.2,3690.4,2601.7,3621.9,13253.6,3555.5,1777.1
,,,,,,,,8679,2931.0,3609.7,12616.3,4436.9,6079.4,6176.4,3736.2,2662.7,3711.2,13666.2,3669.2,1810.0
,,,,,,,,8680,3008.5,3846.6,12797.5,4590.7,6394.6,6344.3,3935.1,2786.4,3858.8,13935.5,3782.0,1864.5
,,,,,,,,8681,3172.3,3971.7,13456.3,4816.4,6791.8,6646.5,4051.0,2932.4,4097.6,14976.1,3932.4,1974.3
,,,,,,,,8682,3367.7,4181.8,14093.8,5060.9,6928.9,6993.5,4234.8,3044.0,4258.0,15783.4,4170.2,2051.1
,,,,,,,,8683,3454.0,4230.5,14454.6,5094.3,7157.2,7033.8,4369.5,3092.2,4329.2,15707.0,4215.5,2081.1
,,,,,,,,8684,3372.4,4151.3,14410.8,5064.0,7044.1,6921.8,4328.9,3107.0,4331.4,15608.8,4156.7,2058.1
,,,,,,,,8685,3197.9,3988.8,13753.5,4809.3,6758.5,6805.3,4079.4,2966.4,4053.2,15038.1,3921.7,2005.3
,,,,,,,,8686,3019.6,3803.1,12759.9,4575.7,6460.8,6357.0,3922.2,2797.5,3897.6,13987.0,3777.0,1898.7
,,,,,,,,8687,2883.8,3602.1,12482.1,4377.2,6061.3,6048.9,3757.9,2704.6,3730.4,13568.1,3621.5,1793.3
,,,,,,,,8688,2818.1,3530.4,12178.9,4238.9,5869.5,5933.4,3611.1,2594.3,3669.0,13341.5,3521.7,1760.3
,,,,,,,,8689,2470.6,3075.0,10492.5,3734.3,5150.6,5122.5,3181.6,2270.9,3120.6,11455.6,3063.5,1514.6
,,,,,,,,8690,2343.0,2938.1,10060.8,3472.7,4921.0,4935.1,3013.2,2133.5,2963.0,10913.2,2933.3,1435.0
,,,,,,,,8691,2205.8,2736.6,9471.4,3309.9,4710.0,4631.6,2867.2,2053.8,2842.2,10389.9,2717.0,1366.1
,,,,,,,,8692,2192.4,2702.0,9398.9,3280.2,4593.7,4490.3,2755.6,1971.5,2743.9,10252.1,2714.2,1368.3
,,,,,,,,8693,2244.8,2840.3,9787.5,3402.2,4788.5,4830.0,2911.9,2114.7,2880.1,10478.7,2788.1,1404.0
,,,,,,,,8694,2462.3,3078.1,10753.0,3693.4,5226.2,5217.2,3182.4,2312.3,3218.6,11688.6,3102.6,1550.6
,,,,,,,,8695,2785.9,3410.6,11735.0,4100.8,5857.7,5721.4,3519.7,2559.1,3563.9,12959.4,3445.3,1730.0
,,,,,,,,8696,3017.5,3706.0,12655.8,4445.9,6256.5,6315.0,3809.4,2718.8,3770.7,13666.1,3750.8,1841.9
,,,,,,,,8697,3097.7,3869.8,13285.9,4664.3,6399.8,6436.5,3940.2,2862.8,3915.3,14415.2,3798.3,1919.5
,,,,,,,,8698,3055.8,3808.8,12791.4,4542.0,6301.1,6348.2,3868.9,2822.4,3935.6,13944.3,3768.7,1866.7
,,,,,,,,8699,2928.8,3627.5,12280.1,4348.6,6141.5,6065.3,3728.2,2708.0,3677.1,13456.5,3600.7,1807.7
,,,,,,,,8700,2757.6,3472.4,11997.9,4212.1,5909.2,5825.6,3604.2,2596.5,3531.3,13049.9,3475.8,1716.3
,,,,,,,,8701,2750.2,3432.8,11582.0,4063.6,5613.4,5720.1,3477.8,2480.7,3416.4,12572.0,3356.1,1658.2
,,,,,,,,8702,2724.8,3359.5,11315.4,4093.6,5586.0,5728.9,3442.7,2499.6,3453.7,12619.1,3388.5,1664.3
,,,,,,,,8703,2746.6,3425.1,11710.9,4140.6,5839.3,5827.7,3487.9,2536.5,3520.1,12659.3,3403.1,1680.3
,,,,,,,,8704,2883.5,3580.1,12076.0,4308.7,6076.4,6073.6,3703.8,2630.4,3663.5,13131.0,3509.8,1758.6
,,,,,,,,8705,3023.6,3779.3,12826.4,4493.4,6336.6,6255.2,3866.3,2811.4,3827.1,14133.3,3701.2,1850.4
,,,,,,,,8706,3143.5,3902.3,13351.1,4713.9,6667.8,6534.1,4029.2,2888.8,4046.1,14782.9,3869.9,1933.6
,,,,,,,,8707,3207.5,4031.8,13658.7,4855.8,6670.7,6697.7,4145.3,2950.1,4037.1,14785.6,3952.4,2006.1
,,,,,,,,8708,3122.5,3959.2,13256.7,4683.7,6662.7,6558.9,4080.6,2924.9,4041.7,14686.7,3893.6,1975.2
,,,,,,,,8709,3002.4,3772.3,13012.9,4552.3,6314.4,6250.1,3837.9,2795.3,3869.3,13900.2,3760.0,1879.9
,,,,,,,,8710,2859.8,3560.5,12301.4,4307.0,6044.0,5945.3,3649.0,2641.8,3708.6,13371.9,3570.3,1793.0
,,,,,,,,8711,2770.6,3394.3,11626.9,4174.8,5780.9,5689.1,3527.0,2492.9,3525.4,12760.3,3399.9,1690.4
,,,,,,,,8712,2718.4,3305.0,11220.2,3982.5,5522.1,5579.2,3394.2,2496.2,3416.7,12313.0,3297.6,1679.4
,,,,,,,,8713,2479.7,3100.8,10481.3,3668.5,5270.2,5133.5,3119.2,2278.3,3206.3,11665.1,3061.7,1539.5
,,,,,,,,8714,2371.4,2934.7,10042.4,3537.3,4967.4,4902.7,2967.5,2157.9,3010.3,10975.2,2872.3,1434.7
,,,,,,,,8715,2250.0,2739.9,9573.6,3373.1,4600.2,4681.1,2814.1,2028.0,2843.7,10296.1,2714.3,1387.2
,,,,,,,,8716,2214.0,2749.8,9201.5,3297.4,4596.0,4631.1,2806.3,2015.1,2814.0,10144.5,2724.7,1350.4
,,,,,,,,8717,2255.9,2888.8,9747.9,3433.5,4740.9,4825.1,2914.9,2121.9,2882.1,10691.3,2815.8,1410.7
,,,,,,,,8718,2497.6,3168.9,10724.2,3746.6,5167.7,5283.8,3210.9,2296.5,3195.3,11620.1,3107.6,1527.7
,,,,,,,,8719,2792.7,3502.7,11607.8,4112.1,5850.1,5716.5,3516.6,2514.6,3529.3,12888.2,3414.6,1695.0
,,,,,,,,8720,2994.8,3770.5,12588.5,4427.1,6283.9,6258.7,3786.5,2757.7,3788.3,13726.4,3738.8,1872.2
,,,,,,,,8721,3081.9,3853.3,13276.1,4603.9,6381.1,6558.1,3986.5,2864.2,3935.2,14429.7,3843.6,1915.1
,,,,,,,,8722,3063.6,3832.3,12940.7,4585.7,6325.8,6332.7,3918.0,2795.9,3863.4,14367.2,3775.2,1881.6
,,,,,,,,8723,2943.9,3629.6,12562.4,4442.5,6182.9,6193.4,3685.6,2693.6,3705.7,13407.8,3587.8,1809.2
,,,,,,,,8724,2753.4,3514.7,12018.6,4130.8,5775.2,5801.3,3524.7,2533.0,3585.6,13095.4,3453.6,1747.9
,,,,,,,,8725,2734.3,3390.8,11673.4,4118.0,5685.7,5644.3,3488.3,2493.8,3494.7,12743.3,3375.9,1691.3
,,,,,,,,8726,2738.9,3350.4,11330.1,4102.3,5726.5,5735.8,3492.2,2488.1,3406.8,12659.6,3316.1,1671.1
,,,,,,,,8727,2766.1,3494.6,11870.6,4156.6,5850.5,5761.1,3492.5,2503.5,3546.5,12959.9,3366.4,1687.2
,,,,,,,,8728,2873.6,3639.4,12287.3,4343.1,6013.0,6094.6,3623.2,2671.4,3678.6,13495.3,3535.9,1787.3
,,,,,,,,8729,2996.9,3792.8,12670.9,4510.2,6341.3,6366.7,3864.0,2747.8,3810.1,13961.6,3730.2,1858.4
,,,,,,,,8730,3135.1,3984.3,13339.6,4743.5,6536.6,6602.3,3993.0,2878.5,4018.9,14504.3,3952.8,1961.4
,,,,,,,,8731,3177.0,4052.0,13770.7,4876.2,6695.9,6770.9,4052.9,2995.0,4062.8,14878.6,3960.5,2006.8
,,,,,,,,8732,3144.3,3912.1,13382.6,4811.6,6636.7,6684.8,4039.5,2945.1,4028.0,14702.9,3889.1,1947.7
,,,,,,,,8733,3002.7,3740.8,12738.2,4595.6,6305.2,6294.0,3854.9,2813.9,3867.2,14005.0,3779.7,1888.9
,,,,,,,,8734,2886.2,3559.5,12256.0,4320.3,6004.4,6016.2,3655.5,2634.4,3630.2,13354.3,3514.7,1769.2
,,,,,,,,8735,2746.4,3395.1,11766.2,4086.8,5729.5,5801.1,3473.9,2529.1,3512.3,12848.8,3398.0,1720.3
,,,,,,,,8736,2681.6,3324.3,11359.2,3996.0,5566.2,5586.7,3433.7,2474.3,3440.9,12428.8,3318.4,1639.8
,,,,,,,,8737,2657.2,3303.1,11237.8,3948.3,5605.3,5567.0,3411.9,2411.5,3336.9,12171.6,3274.4,1625.7
,,,,,,,,8738,2534.6,3113.5,10619.4,3762.0,5236.2,5252.3,3157.2,2325.3,3182.5,11669.4,3139.8,1524.8
,,,,,,,,8739,2398.6,2921.7,10191.1,3550.3,4965.6,4885.9,3057.6,2177.3,2995.8,10924.7,2954.5,1453.2
,,,,,,,,8740,2327.1,2933.4,9955.1,3446.4,4836.5,4799.2,2968.1,2117.2,2986.5,10796.8,2897.6,1446.9
,,,,,,,,8741,2456.6,3000.4,10251.5,3642.5,5015.4,5056.7,3088.8,2256.1,3070.2,11427.9,2967.3,1521.1
,,,,,,,,8742,2675.4,3341.4,11283.9,3966.0,5560.6,5562.3,3446.7,2483.6,3365.5,12203.8,3251.8,1654.3
,,,,,,,,8743,2935.4,3729.5,12553.9,4405.2,6227.2,6221.5,3738.9,2742.3,3806.7,13705.9,3617.2,1802.2
,,,,,,,,8744,3216.2,4006.1,13683.6,4745.8,6704.8,6637.7,4047.4,2964.4,4082.5,14763.9,3976.0,1946.5
,,,,,,,,8745,3315.9,4124.7,13900.0,4950.5,6823.9,6843.7,4178.4,3056.4,4241.4,15485.2,4080.7,2060.8
,,,,,,,,8746,3291.8,4081.5,13800.5,4897.8,6744.2,6830.0,4140.6,2995.8,4162.3,14954.1,4050.1,2035.5
,,,,,,,,8747,3157.2,3874.7,13230.5,4669.8,6603.8,6419.3,4007.1,2843.3,4019.2,14280.3,3906.6,1931.4
,,,,,,,,8748,2977.0,3677.8,12578.7,4426.2,6306.6,6317.0,3823.1,2746.6,3811.9,13769.6,3725.7,1848.5
,,,,,,,,8749,2913.3,3655.3,12468.2,4288.9,6031.0,6105.9,3710.2,2687.6,3734.1,13609.1,3590.6,1808.6
,,,,,,,,8750,2906.8,3625.0,12164.9,4364.9,6095.2,6063.4,3637.1,2608.3,3629.0,13524.8,3600.9,1769.6
,,,,,,,,8751,2944.5,3622.5,12609.7,4426.4,6235.8,6126.1,3730.8,2673.8,3711.5,13513.9,3663.2,1806.3
,,,,,,,,8752,3067.1,3770.7,12899.9,4528.1,6445.7,6484.0,3890.1,2838.6,3928.8,14095.9,3804.1,1895.9
,,,,,,,,8753,3257.3,4022.6,13631.6,4856.1,6735.4,6648.3,4103.0,3002.2,4056.3,14763.6,4040.0,1992.3
,,,,,,,,8754,3343.3,4210.9,14488.4,5087.4,7007.1,6945.5,4242.5,3102.8,4265.8,15557.5,4170.9,2062.4
,,,,,,,,8755,3383.8,4238.4,14376.6,5101.9,7219.9,7110.1,4378.3,3170.5,4356.8,15746.0,4235.0,2107.0
,,,,,,,,8756,3384.1,4193.9,14234.9,5112.0,7135.2,7137.2,4278.0,3112.2,4245.1,15697.9,4225.2,2101.9
,,,,,,,,8757,3190.7,4085.5,13795.7,4904.0,6748.7,6787.0,4166.4,2975.7,4113.0,14746.8,3987.9,1979.3
,,,,,,,,8758,3035.6,3790.5,12879.7,4602.1,6342.8,6480.1,3943.6,2778.1,3883.0,14261.8,3811.0,1903.9
,,,,,,,,8759,2907.8,3674.9,12368.2,4451.1,6131.5,6080.5,3716.6,2662.0,3711.3,13602.8,3580.9,1828.1
,,,,,,,,8760,2861.2,3569.6,12225.2,4265.3,6027.6,6006.6,3593.6,2622.7,3628.5,13346.6,3543.0,1756.6
